url,status,redirect_chain,final_url,canonical,canonical_is_self,meta_robots,title,title_len,description,description_len,og_url,og_title,h1_count,h1,word_count,outbound_links,inbound_links,jsonld_blocks,found_by_link_crawl,error
https://economicsacademy.co.uk/,200,,https://economicsacademy.co.uk/,https://economicsacademy.co.uk/,True,,"Free A-Level Economics Revision Notes & Tutoring | Edexcel, AQA & OCR | Economics Academy",89,"Free A-Level Economics revision notes and past papers for Edexcel, AQA, and OCR — plus expert 1-on-1 tutoring and paper marking from a First-Class Economics graduate with 6 years' experience.",191,https://economicsacademy.co.uk/,"Free A-Level Economics Revision Notes & Tutoring | Edexcel, AQA & OCR | Economics Academy",1,"A-Level Economics Revision Notes, Past Papers & Expert Tuition",135,8,516,1,True,
https://economicsacademy.co.uk/404.html,200,,https://economicsacademy.co.uk/404.html,,,"noindex, nofollow",Page Not Found | Economics Academy,34,"The page you're looking for doesn't exist. Find A-Level Economics revision notes, past papers, tutoring, and marking at Economics Academy.",138,,,1,Page Not Found,25,6,0,0,False,
https://economicsacademy.co.uk/about.html,200,,https://economicsacademy.co.uk/about.html,https://economicsacademy.co.uk/about.html,True,,About Eliot King | A-Level Economics Tutor | Economics Academy,62,"Eliot King is a First-Class BSc Economics graduate and specialist A-Level Economics tutor with 6 years' experience. 100+ students tutored, rated 5/5. Covering Edexcel, AQA, and OCR.",181,https://economicsacademy.co.uk/about.html,About Eliot King | A-Level Economics Tutor | Economics Academy,1,"Hi, I'm Eliot",497,5,4,1,True,
https://economicsacademy.co.uk/confirmation.html,200,,https://economicsacademy.co.uk/confirmation.html,,,"noindex, nofollow",Order Confirmation | Economics Academy,38,Your Economics Academy order is confirmed. Send us your details and exam board so we can start your marking or tutoring.,120,,,1,Thank You for Your Purchase!,157,1,0,0,False,
https://economicsacademy.co.uk/contact.html,200,,https://economicsacademy.co.uk/contact.html,https://economicsacademy.co.uk/contact.html,True,,Contact | A-Level Economics Tutor | Economics Academy,53,"Get in touch with Eliot King — specialist A-Level Economics tutor. Ask about 1-on-1 tutoring, essay marking, or free resources. Responds within 24 hours.",153,https://economicsacademy.co.uk/contact.html,Contact | A-Level Economics Tutor | Economics Academy,1,Get in Touch,188,3,8,1,True,
https://economicsacademy.co.uk/faq.html,200,,https://economicsacademy.co.uk/faq.html,https://economicsacademy.co.uk/faq.html,True,,FAQs | A-Level Economics Tutoring & Marking | Economics Academy,63,"Answers to common questions about Economics Academy's tutoring, paper marking, and free revision resources — including pricing, booking, lesson delivery, turnaround times, and policies.",185,https://economicsacademy.co.uk/faq.html,FAQs | A-Level Economics Tutoring & Marking | Economics Academy,1,Frequently Asked Questions,1402,31,2,1,True,
https://economicsacademy.co.uk/flashcards/,200,,https://economicsacademy.co.uk/flashcards/,https://economicsacademy.co.uk/flashcards/,True,,A-Level Economics Flashcards | Economics Academy,48,"Free interactive A-Level Economics flashcards for Edexcel A and AQA: definitions, formulae, diagrams and evaluation points with spaced repetition.",146,https://economicsacademy.co.uk/flashcards/,A-Level Economics Flashcards | Economics Academy,1,A-Level Economics Flashcards,141,9,173,2,True,
https://economicsacademy.co.uk/flashcards/aqa/macro/,200,,https://economicsacademy.co.uk/flashcards/aqa/macro/,https://economicsacademy.co.uk/flashcards/aqa/macro/,True,,AQA A-Level Economics Macroeconomics Flashcards,47,"Free interactive flashcards for AQA A-Level Economics macroeconomics: policy objectives, index numbers, national income, AD/AS analysis and diagrams, with spaced repetition.",173,https://economicsacademy.co.uk/flashcards/aqa/macro/,AQA A-Level Economics Macroeconomics Flashcards,1,AQA A-Level Economics Macroeconomics Flashcards,595,30,1,2,True,
https://economicsacademy.co.uk/flashcards/aqa/macro/?topic=2-1-1-the-objectives-of-government-economic-policy,200,,https://economicsacademy.co.uk/flashcards/aqa/macro/?topic=2-1-1-the-objectives-of-government-economic-policy,https://economicsacademy.co.uk/flashcards/aqa/macro/,False,,AQA A-Level Economics Macroeconomics Flashcards,47,"Free interactive flashcards for AQA A-Level Economics macroeconomics: policy objectives, index numbers, national income, AD/AS analysis and diagrams, with spaced repetition.",173,https://economicsacademy.co.uk/flashcards/aqa/macro/,AQA A-Level Economics Macroeconomics Flashcards,1,AQA A-Level Economics Macroeconomics Flashcards,595,30,1,2,True,
https://economicsacademy.co.uk/flashcards/aqa/macro/?topic=2-1-2-macroeconomic-indicators,200,,https://economicsacademy.co.uk/flashcards/aqa/macro/?topic=2-1-2-macroeconomic-indicators,https://economicsacademy.co.uk/flashcards/aqa/macro/,False,,AQA A-Level Economics Macroeconomics Flashcards,47,"Free interactive flashcards for AQA A-Level Economics macroeconomics: policy objectives, index numbers, national income, AD/AS analysis and diagrams, with spaced repetition.",173,https://economicsacademy.co.uk/flashcards/aqa/macro/,AQA A-Level Economics Macroeconomics Flashcards,1,AQA A-Level Economics Macroeconomics Flashcards,595,30,1,2,True,
https://economicsacademy.co.uk/flashcards/aqa/macro/?topic=2-1-3-uses-of-index-numbers,200,,https://economicsacademy.co.uk/flashcards/aqa/macro/?topic=2-1-3-uses-of-index-numbers,https://economicsacademy.co.uk/flashcards/aqa/macro/,False,,AQA A-Level Economics Macroeconomics Flashcards,47,"Free interactive flashcards for AQA A-Level Economics macroeconomics: policy objectives, index numbers, national income, AD/AS analysis and diagrams, with spaced repetition.",173,https://economicsacademy.co.uk/flashcards/aqa/macro/,AQA A-Level Economics Macroeconomics Flashcards,1,AQA A-Level Economics Macroeconomics Flashcards,595,30,1,2,True,
https://economicsacademy.co.uk/flashcards/aqa/macro/?topic=2-1-4-uses-of-national-income-data,200,,https://economicsacademy.co.uk/flashcards/aqa/macro/?topic=2-1-4-uses-of-national-income-data,https://economicsacademy.co.uk/flashcards/aqa/macro/,False,,AQA A-Level Economics Macroeconomics Flashcards,47,"Free interactive flashcards for AQA A-Level Economics macroeconomics: policy objectives, index numbers, national income, AD/AS analysis and diagrams, with spaced repetition.",173,https://economicsacademy.co.uk/flashcards/aqa/macro/,AQA A-Level Economics Macroeconomics Flashcards,1,AQA A-Level Economics Macroeconomics Flashcards,595,30,1,2,True,
https://economicsacademy.co.uk/flashcards/aqa/macro/?topic=2-2-1-the-circular-flow-of-income,200,,https://economicsacademy.co.uk/flashcards/aqa/macro/?topic=2-2-1-the-circular-flow-of-income,https://economicsacademy.co.uk/flashcards/aqa/macro/,False,,AQA A-Level Economics Macroeconomics Flashcards,47,"Free interactive flashcards for AQA A-Level Economics macroeconomics: policy objectives, index numbers, national income, AD/AS analysis and diagrams, with spaced repetition.",173,https://economicsacademy.co.uk/flashcards/aqa/macro/,AQA A-Level Economics Macroeconomics Flashcards,1,AQA A-Level Economics Macroeconomics Flashcards,595,30,1,2,True,
https://economicsacademy.co.uk/flashcards/aqa/macro/?topic=2-2-2-aggregate-demand-and-aggregate-supply-analysis,200,,https://economicsacademy.co.uk/flashcards/aqa/macro/?topic=2-2-2-aggregate-demand-and-aggregate-supply-analysis,https://economicsacademy.co.uk/flashcards/aqa/macro/,False,,AQA A-Level Economics Macroeconomics Flashcards,47,"Free interactive flashcards for AQA A-Level Economics macroeconomics: policy objectives, index numbers, national income, AD/AS analysis and diagrams, with spaced repetition.",173,https://economicsacademy.co.uk/flashcards/aqa/macro/,AQA A-Level Economics Macroeconomics Flashcards,1,AQA A-Level Economics Macroeconomics Flashcards,595,30,1,2,True,
https://economicsacademy.co.uk/flashcards/aqa/macro/?topic=2-2-3-the-determinants-of-aggregate-demand,200,,https://economicsacademy.co.uk/flashcards/aqa/macro/?topic=2-2-3-the-determinants-of-aggregate-demand,https://economicsacademy.co.uk/flashcards/aqa/macro/,False,,AQA A-Level Economics Macroeconomics Flashcards,47,"Free interactive flashcards for AQA A-Level Economics macroeconomics: policy objectives, index numbers, national income, AD/AS analysis and diagrams, with spaced repetition.",173,https://economicsacademy.co.uk/flashcards/aqa/macro/,AQA A-Level Economics Macroeconomics Flashcards,1,AQA A-Level Economics Macroeconomics Flashcards,595,30,1,2,True,
https://economicsacademy.co.uk/flashcards/aqa/macro/?topic=2-2-4-aggregate-demand-and-the-level-of-economic-activity,200,,https://economicsacademy.co.uk/flashcards/aqa/macro/?topic=2-2-4-aggregate-demand-and-the-level-of-economic-activity,https://economicsacademy.co.uk/flashcards/aqa/macro/,False,,AQA A-Level Economics Macroeconomics Flashcards,47,"Free interactive flashcards for AQA A-Level Economics macroeconomics: policy objectives, index numbers, national income, AD/AS analysis and diagrams, with spaced repetition.",173,https://economicsacademy.co.uk/flashcards/aqa/macro/,AQA A-Level Economics Macroeconomics Flashcards,1,AQA A-Level Economics Macroeconomics Flashcards,595,30,1,2,True,
https://economicsacademy.co.uk/flashcards/aqa/macro/?topic=2-2-5-determinants-of-short-run-aggregate-supply,200,,https://economicsacademy.co.uk/flashcards/aqa/macro/?topic=2-2-5-determinants-of-short-run-aggregate-supply,https://economicsacademy.co.uk/flashcards/aqa/macro/,False,,AQA A-Level Economics Macroeconomics Flashcards,47,"Free interactive flashcards for AQA A-Level Economics macroeconomics: policy objectives, index numbers, national income, AD/AS analysis and diagrams, with spaced repetition.",173,https://economicsacademy.co.uk/flashcards/aqa/macro/,AQA A-Level Economics Macroeconomics Flashcards,1,AQA A-Level Economics Macroeconomics Flashcards,595,30,1,2,True,
https://economicsacademy.co.uk/flashcards/aqa/macro/?topic=2-2-6-determinants-of-long-run-aggregate-supply,200,,https://economicsacademy.co.uk/flashcards/aqa/macro/?topic=2-2-6-determinants-of-long-run-aggregate-supply,https://economicsacademy.co.uk/flashcards/aqa/macro/,False,,AQA A-Level Economics Macroeconomics Flashcards,47,"Free interactive flashcards for AQA A-Level Economics macroeconomics: policy objectives, index numbers, national income, AD/AS analysis and diagrams, with spaced repetition.",173,https://economicsacademy.co.uk/flashcards/aqa/macro/,AQA A-Level Economics Macroeconomics Flashcards,1,AQA A-Level Economics Macroeconomics Flashcards,595,30,1,2,True,
https://economicsacademy.co.uk/flashcards/aqa/macro/?topic=2-3-1-economic-growth-and-the-economic-cycle,200,,https://economicsacademy.co.uk/flashcards/aqa/macro/?topic=2-3-1-economic-growth-and-the-economic-cycle,https://economicsacademy.co.uk/flashcards/aqa/macro/,False,,AQA A-Level Economics Macroeconomics Flashcards,47,"Free interactive flashcards for AQA A-Level Economics macroeconomics: policy objectives, index numbers, national income, AD/AS analysis and diagrams, with spaced repetition.",173,https://economicsacademy.co.uk/flashcards/aqa/macro/,AQA A-Level Economics Macroeconomics Flashcards,1,AQA A-Level Economics Macroeconomics Flashcards,595,30,1,2,True,
https://economicsacademy.co.uk/flashcards/aqa/macro/?topic=2-3-2-employment-and-unemployment,200,,https://economicsacademy.co.uk/flashcards/aqa/macro/?topic=2-3-2-employment-and-unemployment,https://economicsacademy.co.uk/flashcards/aqa/macro/,False,,AQA A-Level Economics Macroeconomics Flashcards,47,"Free interactive flashcards for AQA A-Level Economics macroeconomics: policy objectives, index numbers, national income, AD/AS analysis and diagrams, with spaced repetition.",173,https://economicsacademy.co.uk/flashcards/aqa/macro/,AQA A-Level Economics Macroeconomics Flashcards,1,AQA A-Level Economics Macroeconomics Flashcards,595,30,1,2,True,
https://economicsacademy.co.uk/flashcards/aqa/macro/?topic=2-3-3-inflation-and-deflation,200,,https://economicsacademy.co.uk/flashcards/aqa/macro/?topic=2-3-3-inflation-and-deflation,https://economicsacademy.co.uk/flashcards/aqa/macro/,False,,AQA A-Level Economics Macroeconomics Flashcards,47,"Free interactive flashcards for AQA A-Level Economics macroeconomics: policy objectives, index numbers, national income, AD/AS analysis and diagrams, with spaced repetition.",173,https://economicsacademy.co.uk/flashcards/aqa/macro/,AQA A-Level Economics Macroeconomics Flashcards,1,AQA A-Level Economics Macroeconomics Flashcards,595,30,1,2,True,
https://economicsacademy.co.uk/flashcards/aqa/macro/?topic=2-3-4-possible-conflicts-between-macroeconomic-policy-objectives,200,,https://economicsacademy.co.uk/flashcards/aqa/macro/?topic=2-3-4-possible-conflicts-between-macroeconomic-policy-objectives,https://economicsacademy.co.uk/flashcards/aqa/macro/,False,,AQA A-Level Economics Macroeconomics Flashcards,47,"Free interactive flashcards for AQA A-Level Economics macroeconomics: policy objectives, index numbers, national income, AD/AS analysis and diagrams, with spaced repetition.",173,https://economicsacademy.co.uk/flashcards/aqa/macro/,AQA A-Level Economics Macroeconomics Flashcards,1,AQA A-Level Economics Macroeconomics Flashcards,595,30,1,2,True,
https://economicsacademy.co.uk/flashcards/aqa/macro/?topic=2-4-1-the-structure-of-financial-markets-and-financial-assets,200,,https://economicsacademy.co.uk/flashcards/aqa/macro/?topic=2-4-1-the-structure-of-financial-markets-and-financial-assets,https://economicsacademy.co.uk/flashcards/aqa/macro/,False,,AQA A-Level Economics Macroeconomics Flashcards,47,"Free interactive flashcards for AQA A-Level Economics macroeconomics: policy objectives, index numbers, national income, AD/AS analysis and diagrams, with spaced repetition.",173,https://economicsacademy.co.uk/flashcards/aqa/macro/,AQA A-Level Economics Macroeconomics Flashcards,1,AQA A-Level Economics Macroeconomics Flashcards,595,30,1,2,True,
https://economicsacademy.co.uk/flashcards/aqa/macro/?topic=2-4-2-commercial-banks-and-investment-banks,200,,https://economicsacademy.co.uk/flashcards/aqa/macro/?topic=2-4-2-commercial-banks-and-investment-banks,https://economicsacademy.co.uk/flashcards/aqa/macro/,False,,AQA A-Level Economics Macroeconomics Flashcards,47,"Free interactive flashcards for AQA A-Level Economics macroeconomics: policy objectives, index numbers, national income, AD/AS analysis and diagrams, with spaced repetition.",173,https://economicsacademy.co.uk/flashcards/aqa/macro/,AQA A-Level Economics Macroeconomics Flashcards,1,AQA A-Level Economics Macroeconomics Flashcards,595,30,1,2,True,
https://economicsacademy.co.uk/flashcards/aqa/macro/?topic=2-4-3-central-banks-and-monetary-policy,200,,https://economicsacademy.co.uk/flashcards/aqa/macro/?topic=2-4-3-central-banks-and-monetary-policy,https://economicsacademy.co.uk/flashcards/aqa/macro/,False,,AQA A-Level Economics Macroeconomics Flashcards,47,"Free interactive flashcards for AQA A-Level Economics macroeconomics: policy objectives, index numbers, national income, AD/AS analysis and diagrams, with spaced repetition.",173,https://economicsacademy.co.uk/flashcards/aqa/macro/,AQA A-Level Economics Macroeconomics Flashcards,1,AQA A-Level Economics Macroeconomics Flashcards,595,30,1,2,True,
https://economicsacademy.co.uk/flashcards/aqa/macro/?topic=2-4-4-the-regulation-of-the-financial-system,200,,https://economicsacademy.co.uk/flashcards/aqa/macro/?topic=2-4-4-the-regulation-of-the-financial-system,https://economicsacademy.co.uk/flashcards/aqa/macro/,False,,AQA A-Level Economics Macroeconomics Flashcards,47,"Free interactive flashcards for AQA A-Level Economics macroeconomics: policy objectives, index numbers, national income, AD/AS analysis and diagrams, with spaced repetition.",173,https://economicsacademy.co.uk/flashcards/aqa/macro/,AQA A-Level Economics Macroeconomics Flashcards,1,AQA A-Level Economics Macroeconomics Flashcards,595,30,1,2,True,
https://economicsacademy.co.uk/flashcards/aqa/macro/?topic=2-5-1-fiscal-policy,200,,https://economicsacademy.co.uk/flashcards/aqa/macro/?topic=2-5-1-fiscal-policy,https://economicsacademy.co.uk/flashcards/aqa/macro/,False,,AQA A-Level Economics Macroeconomics Flashcards,47,"Free interactive flashcards for AQA A-Level Economics macroeconomics: policy objectives, index numbers, national income, AD/AS analysis and diagrams, with spaced repetition.",173,https://economicsacademy.co.uk/flashcards/aqa/macro/,AQA A-Level Economics Macroeconomics Flashcards,1,AQA A-Level Economics Macroeconomics Flashcards,595,30,1,2,True,
https://economicsacademy.co.uk/flashcards/aqa/macro/?topic=2-5-2-supply-side-policies,200,,https://economicsacademy.co.uk/flashcards/aqa/macro/?topic=2-5-2-supply-side-policies,https://economicsacademy.co.uk/flashcards/aqa/macro/,False,,AQA A-Level Economics Macroeconomics Flashcards,47,"Free interactive flashcards for AQA A-Level Economics macroeconomics: policy objectives, index numbers, national income, AD/AS analysis and diagrams, with spaced repetition.",173,https://economicsacademy.co.uk/flashcards/aqa/macro/,AQA A-Level Economics Macroeconomics Flashcards,1,AQA A-Level Economics Macroeconomics Flashcards,595,30,1,2,True,
https://economicsacademy.co.uk/flashcards/aqa/macro/?topic=2-6-1-globalisation,200,,https://economicsacademy.co.uk/flashcards/aqa/macro/?topic=2-6-1-globalisation,https://economicsacademy.co.uk/flashcards/aqa/macro/,False,,AQA A-Level Economics Macroeconomics Flashcards,47,"Free interactive flashcards for AQA A-Level Economics macroeconomics: policy objectives, index numbers, national income, AD/AS analysis and diagrams, with spaced repetition.",173,https://economicsacademy.co.uk/flashcards/aqa/macro/,AQA A-Level Economics Macroeconomics Flashcards,1,AQA A-Level Economics Macroeconomics Flashcards,595,30,1,2,True,
https://economicsacademy.co.uk/flashcards/aqa/macro/?topic=2-6-2-trade,200,,https://economicsacademy.co.uk/flashcards/aqa/macro/?topic=2-6-2-trade,https://economicsacademy.co.uk/flashcards/aqa/macro/,False,,AQA A-Level Economics Macroeconomics Flashcards,47,"Free interactive flashcards for AQA A-Level Economics macroeconomics: policy objectives, index numbers, national income, AD/AS analysis and diagrams, with spaced repetition.",173,https://economicsacademy.co.uk/flashcards/aqa/macro/,AQA A-Level Economics Macroeconomics Flashcards,1,AQA A-Level Economics Macroeconomics Flashcards,595,30,1,2,True,
https://economicsacademy.co.uk/flashcards/aqa/macro/?topic=2-6-3-the-balance-of-payments,200,,https://economicsacademy.co.uk/flashcards/aqa/macro/?topic=2-6-3-the-balance-of-payments,https://economicsacademy.co.uk/flashcards/aqa/macro/,False,,AQA A-Level Economics Macroeconomics Flashcards,47,"Free interactive flashcards for AQA A-Level Economics macroeconomics: policy objectives, index numbers, national income, AD/AS analysis and diagrams, with spaced repetition.",173,https://economicsacademy.co.uk/flashcards/aqa/macro/,AQA A-Level Economics Macroeconomics Flashcards,1,AQA A-Level Economics Macroeconomics Flashcards,595,30,1,2,True,
https://economicsacademy.co.uk/flashcards/aqa/macro/?topic=2-6-4-exchange-rate-systems,200,,https://economicsacademy.co.uk/flashcards/aqa/macro/?topic=2-6-4-exchange-rate-systems,https://economicsacademy.co.uk/flashcards/aqa/macro/,False,,AQA A-Level Economics Macroeconomics Flashcards,47,"Free interactive flashcards for AQA A-Level Economics macroeconomics: policy objectives, index numbers, national income, AD/AS analysis and diagrams, with spaced repetition.",173,https://economicsacademy.co.uk/flashcards/aqa/macro/,AQA A-Level Economics Macroeconomics Flashcards,1,AQA A-Level Economics Macroeconomics Flashcards,595,30,1,2,True,
https://economicsacademy.co.uk/flashcards/aqa/macro/?topic=2-6-5-economic-growth-and-development,200,,https://economicsacademy.co.uk/flashcards/aqa/macro/?topic=2-6-5-economic-growth-and-development,https://economicsacademy.co.uk/flashcards/aqa/macro/,False,,AQA A-Level Economics Macroeconomics Flashcards,47,"Free interactive flashcards for AQA A-Level Economics macroeconomics: policy objectives, index numbers, national income, AD/AS analysis and diagrams, with spaced repetition.",173,https://economicsacademy.co.uk/flashcards/aqa/macro/,AQA A-Level Economics Macroeconomics Flashcards,1,AQA A-Level Economics Macroeconomics Flashcards,595,30,1,2,True,
https://economicsacademy.co.uk/flashcards/aqa/micro/,200,,https://economicsacademy.co.uk/flashcards/aqa/micro/,https://economicsacademy.co.uk/flashcards/aqa/micro/,True,,AQA A-Level Economics Microeconomics Flashcards,47,"Free interactive flashcards for AQA A-Level Economics microeconomics: AQA's own definitions, behavioural economics, market failure and diagrams, with spaced repetition.",168,https://economicsacademy.co.uk/flashcards/aqa/micro/,AQA A-Level Economics Microeconomics Flashcards,1,AQA A-Level Economics Microeconomics Flashcards,813,59,1,2,True,
https://economicsacademy.co.uk/flashcards/aqa/micro/?topic=1-1-1-economic-methodology,200,,https://economicsacademy.co.uk/flashcards/aqa/micro/?topic=1-1-1-economic-methodology,https://economicsacademy.co.uk/flashcards/aqa/micro/,False,,AQA A-Level Economics Microeconomics Flashcards,47,"Free interactive flashcards for AQA A-Level Economics microeconomics: AQA's own definitions, behavioural economics, market failure and diagrams, with spaced repetition.",168,https://economicsacademy.co.uk/flashcards/aqa/micro/,AQA A-Level Economics Microeconomics Flashcards,1,AQA A-Level Economics Microeconomics Flashcards,813,59,1,2,True,
https://economicsacademy.co.uk/flashcards/aqa/micro/?topic=1-1-2-the-nature-and-purpose-of-economic-activity,200,,https://economicsacademy.co.uk/flashcards/aqa/micro/?topic=1-1-2-the-nature-and-purpose-of-economic-activity,https://economicsacademy.co.uk/flashcards/aqa/micro/,False,,AQA A-Level Economics Microeconomics Flashcards,47,"Free interactive flashcards for AQA A-Level Economics microeconomics: AQA's own definitions, behavioural economics, market failure and diagrams, with spaced repetition.",168,https://economicsacademy.co.uk/flashcards/aqa/micro/,AQA A-Level Economics Microeconomics Flashcards,1,AQA A-Level Economics Microeconomics Flashcards,813,59,1,2,True,
https://economicsacademy.co.uk/flashcards/aqa/micro/?topic=1-1-3-economic-resources,200,,https://economicsacademy.co.uk/flashcards/aqa/micro/?topic=1-1-3-economic-resources,https://economicsacademy.co.uk/flashcards/aqa/micro/,False,,AQA A-Level Economics Microeconomics Flashcards,47,"Free interactive flashcards for AQA A-Level Economics microeconomics: AQA's own definitions, behavioural economics, market failure and diagrams, with spaced repetition.",168,https://economicsacademy.co.uk/flashcards/aqa/micro/,AQA A-Level Economics Microeconomics Flashcards,1,AQA A-Level Economics Microeconomics Flashcards,813,59,1,2,True,
https://economicsacademy.co.uk/flashcards/aqa/micro/?topic=1-1-4-scarcity-choice-and-the-allocation-of-resources,200,,https://economicsacademy.co.uk/flashcards/aqa/micro/?topic=1-1-4-scarcity-choice-and-the-allocation-of-resources,https://economicsacademy.co.uk/flashcards/aqa/micro/,False,,AQA A-Level Economics Microeconomics Flashcards,47,"Free interactive flashcards for AQA A-Level Economics microeconomics: AQA's own definitions, behavioural economics, market failure and diagrams, with spaced repetition.",168,https://economicsacademy.co.uk/flashcards/aqa/micro/,AQA A-Level Economics Microeconomics Flashcards,1,AQA A-Level Economics Microeconomics Flashcards,813,59,1,2,True,
https://economicsacademy.co.uk/flashcards/aqa/micro/?topic=1-1-5-production-possibility-diagrams,200,,https://economicsacademy.co.uk/flashcards/aqa/micro/?topic=1-1-5-production-possibility-diagrams,https://economicsacademy.co.uk/flashcards/aqa/micro/,False,,AQA A-Level Economics Microeconomics Flashcards,47,"Free interactive flashcards for AQA A-Level Economics microeconomics: AQA's own definitions, behavioural economics, market failure and diagrams, with spaced repetition.",168,https://economicsacademy.co.uk/flashcards/aqa/micro/,AQA A-Level Economics Microeconomics Flashcards,1,AQA A-Level Economics Microeconomics Flashcards,813,59,1,2,True,
https://economicsacademy.co.uk/flashcards/aqa/micro/?topic=1-2-1-consumer-behaviour,200,,https://economicsacademy.co.uk/flashcards/aqa/micro/?topic=1-2-1-consumer-behaviour,https://economicsacademy.co.uk/flashcards/aqa/micro/,False,,AQA A-Level Economics Microeconomics Flashcards,47,"Free interactive flashcards for AQA A-Level Economics microeconomics: AQA's own definitions, behavioural economics, market failure and diagrams, with spaced repetition.",168,https://economicsacademy.co.uk/flashcards/aqa/micro/,AQA A-Level Economics Microeconomics Flashcards,1,AQA A-Level Economics Microeconomics Flashcards,813,59,1,2,True,
https://economicsacademy.co.uk/flashcards/aqa/micro/?topic=1-2-2-imperfect-information,200,,https://economicsacademy.co.uk/flashcards/aqa/micro/?topic=1-2-2-imperfect-information,https://economicsacademy.co.uk/flashcards/aqa/micro/,False,,AQA A-Level Economics Microeconomics Flashcards,47,"Free interactive flashcards for AQA A-Level Economics microeconomics: AQA's own definitions, behavioural economics, market failure and diagrams, with spaced repetition.",168,https://economicsacademy.co.uk/flashcards/aqa/micro/,AQA A-Level Economics Microeconomics Flashcards,1,AQA A-Level Economics Microeconomics Flashcards,813,59,1,2,True,
https://economicsacademy.co.uk/flashcards/aqa/micro/?topic=1-2-3-aspects-of-behavioural-economic-theory,200,,https://economicsacademy.co.uk/flashcards/aqa/micro/?topic=1-2-3-aspects-of-behavioural-economic-theory,https://economicsacademy.co.uk/flashcards/aqa/micro/,False,,AQA A-Level Economics Microeconomics Flashcards,47,"Free interactive flashcards for AQA A-Level Economics microeconomics: AQA's own definitions, behavioural economics, market failure and diagrams, with spaced repetition.",168,https://economicsacademy.co.uk/flashcards/aqa/micro/,AQA A-Level Economics Microeconomics Flashcards,1,AQA A-Level Economics Microeconomics Flashcards,813,59,1,2,True,
https://economicsacademy.co.uk/flashcards/aqa/micro/?topic=1-2-4-behavioural-economics-and-economic-policy,200,,https://economicsacademy.co.uk/flashcards/aqa/micro/?topic=1-2-4-behavioural-economics-and-economic-policy,https://economicsacademy.co.uk/flashcards/aqa/micro/,False,,AQA A-Level Economics Microeconomics Flashcards,47,"Free interactive flashcards for AQA A-Level Economics microeconomics: AQA's own definitions, behavioural economics, market failure and diagrams, with spaced repetition.",168,https://economicsacademy.co.uk/flashcards/aqa/micro/,AQA A-Level Economics Microeconomics Flashcards,1,AQA A-Level Economics Microeconomics Flashcards,813,59,1,2,True,
https://economicsacademy.co.uk/flashcards/aqa/micro/?topic=1-3-1-the-determinants-of-the-demand-for-goods-and-services,200,,https://economicsacademy.co.uk/flashcards/aqa/micro/?topic=1-3-1-the-determinants-of-the-demand-for-goods-and-services,https://economicsacademy.co.uk/flashcards/aqa/micro/,False,,AQA A-Level Economics Microeconomics Flashcards,47,"Free interactive flashcards for AQA A-Level Economics microeconomics: AQA's own definitions, behavioural economics, market failure and diagrams, with spaced repetition.",168,https://economicsacademy.co.uk/flashcards/aqa/micro/,AQA A-Level Economics Microeconomics Flashcards,1,AQA A-Level Economics Microeconomics Flashcards,813,59,1,2,True,
https://economicsacademy.co.uk/flashcards/aqa/micro/?topic=1-3-2-price-income-and-cross-elasticities-of-demand,200,,https://economicsacademy.co.uk/flashcards/aqa/micro/?topic=1-3-2-price-income-and-cross-elasticities-of-demand,https://economicsacademy.co.uk/flashcards/aqa/micro/,False,,AQA A-Level Economics Microeconomics Flashcards,47,"Free interactive flashcards for AQA A-Level Economics microeconomics: AQA's own definitions, behavioural economics, market failure and diagrams, with spaced repetition.",168,https://economicsacademy.co.uk/flashcards/aqa/micro/,AQA A-Level Economics Microeconomics Flashcards,1,AQA A-Level Economics Microeconomics Flashcards,813,59,1,2,True,
https://economicsacademy.co.uk/flashcards/aqa/micro/?topic=1-3-3-the-determinants-of-the-supply-of-goods-and-services,200,,https://economicsacademy.co.uk/flashcards/aqa/micro/?topic=1-3-3-the-determinants-of-the-supply-of-goods-and-services,https://economicsacademy.co.uk/flashcards/aqa/micro/,False,,AQA A-Level Economics Microeconomics Flashcards,47,"Free interactive flashcards for AQA A-Level Economics microeconomics: AQA's own definitions, behavioural economics, market failure and diagrams, with spaced repetition.",168,https://economicsacademy.co.uk/flashcards/aqa/micro/,AQA A-Level Economics Microeconomics Flashcards,1,AQA A-Level Economics Microeconomics Flashcards,813,59,1,2,True,
https://economicsacademy.co.uk/flashcards/aqa/micro/?topic=1-3-4-price-elasticity-of-supply,200,,https://economicsacademy.co.uk/flashcards/aqa/micro/?topic=1-3-4-price-elasticity-of-supply,https://economicsacademy.co.uk/flashcards/aqa/micro/,False,,AQA A-Level Economics Microeconomics Flashcards,47,"Free interactive flashcards for AQA A-Level Economics microeconomics: AQA's own definitions, behavioural economics, market failure and diagrams, with spaced repetition.",168,https://economicsacademy.co.uk/flashcards/aqa/micro/,AQA A-Level Economics Microeconomics Flashcards,1,AQA A-Level Economics Microeconomics Flashcards,813,59,1,2,True,
https://economicsacademy.co.uk/flashcards/aqa/micro/?topic=1-3-5-the-determination-of-equilibrium-market-prices,200,,https://economicsacademy.co.uk/flashcards/aqa/micro/?topic=1-3-5-the-determination-of-equilibrium-market-prices,https://economicsacademy.co.uk/flashcards/aqa/micro/,False,,AQA A-Level Economics Microeconomics Flashcards,47,"Free interactive flashcards for AQA A-Level Economics microeconomics: AQA's own definitions, behavioural economics, market failure and diagrams, with spaced repetition.",168,https://economicsacademy.co.uk/flashcards/aqa/micro/,AQA A-Level Economics Microeconomics Flashcards,1,AQA A-Level Economics Microeconomics Flashcards,813,59,1,2,True,
https://economicsacademy.co.uk/flashcards/aqa/micro/?topic=1-3-6-the-interrelationship-between-markets,200,,https://economicsacademy.co.uk/flashcards/aqa/micro/?topic=1-3-6-the-interrelationship-between-markets,https://economicsacademy.co.uk/flashcards/aqa/micro/,False,,AQA A-Level Economics Microeconomics Flashcards,47,"Free interactive flashcards for AQA A-Level Economics microeconomics: AQA's own definitions, behavioural economics, market failure and diagrams, with spaced repetition.",168,https://economicsacademy.co.uk/flashcards/aqa/micro/,AQA A-Level Economics Microeconomics Flashcards,1,AQA A-Level Economics Microeconomics Flashcards,813,59,1,2,True,
https://economicsacademy.co.uk/flashcards/aqa/micro/?topic=1-4-1-production-and-productivity,200,,https://economicsacademy.co.uk/flashcards/aqa/micro/?topic=1-4-1-production-and-productivity,https://economicsacademy.co.uk/flashcards/aqa/micro/,False,,AQA A-Level Economics Microeconomics Flashcards,47,"Free interactive flashcards for AQA A-Level Economics microeconomics: AQA's own definitions, behavioural economics, market failure and diagrams, with spaced repetition.",168,https://economicsacademy.co.uk/flashcards/aqa/micro/,AQA A-Level Economics Microeconomics Flashcards,1,AQA A-Level Economics Microeconomics Flashcards,813,59,1,2,True,
https://economicsacademy.co.uk/flashcards/aqa/micro/?topic=1-4-2-specialisation-division-of-labour-and-exchange,200,,https://economicsacademy.co.uk/flashcards/aqa/micro/?topic=1-4-2-specialisation-division-of-labour-and-exchange,https://economicsacademy.co.uk/flashcards/aqa/micro/,False,,AQA A-Level Economics Microeconomics Flashcards,47,"Free interactive flashcards for AQA A-Level Economics microeconomics: AQA's own definitions, behavioural economics, market failure and diagrams, with spaced repetition.",168,https://economicsacademy.co.uk/flashcards/aqa/micro/,AQA A-Level Economics Microeconomics Flashcards,1,AQA A-Level Economics Microeconomics Flashcards,813,59,1,2,True,
https://economicsacademy.co.uk/flashcards/aqa/micro/?topic=1-4-3-the-law-of-diminishing-returns-and-returns-to-scale,200,,https://economicsacademy.co.uk/flashcards/aqa/micro/?topic=1-4-3-the-law-of-diminishing-returns-and-returns-to-scale,https://economicsacademy.co.uk/flashcards/aqa/micro/,False,,AQA A-Level Economics Microeconomics Flashcards,47,"Free interactive flashcards for AQA A-Level Economics microeconomics: AQA's own definitions, behavioural economics, market failure and diagrams, with spaced repetition.",168,https://economicsacademy.co.uk/flashcards/aqa/micro/,AQA A-Level Economics Microeconomics Flashcards,1,AQA A-Level Economics Microeconomics Flashcards,813,59,1,2,True,
https://economicsacademy.co.uk/flashcards/aqa/micro/?topic=1-4-4-costs-of-production,200,,https://economicsacademy.co.uk/flashcards/aqa/micro/?topic=1-4-4-costs-of-production,https://economicsacademy.co.uk/flashcards/aqa/micro/,False,,AQA A-Level Economics Microeconomics Flashcards,47,"Free interactive flashcards for AQA A-Level Economics microeconomics: AQA's own definitions, behavioural economics, market failure and diagrams, with spaced repetition.",168,https://economicsacademy.co.uk/flashcards/aqa/micro/,AQA A-Level Economics Microeconomics Flashcards,1,AQA A-Level Economics Microeconomics Flashcards,813,59,1,2,True,
https://economicsacademy.co.uk/flashcards/aqa/micro/?topic=1-4-5-economies-and-diseconomies-of-scale,200,,https://economicsacademy.co.uk/flashcards/aqa/micro/?topic=1-4-5-economies-and-diseconomies-of-scale,https://economicsacademy.co.uk/flashcards/aqa/micro/,False,,AQA A-Level Economics Microeconomics Flashcards,47,"Free interactive flashcards for AQA A-Level Economics microeconomics: AQA's own definitions, behavioural economics, market failure and diagrams, with spaced repetition.",168,https://economicsacademy.co.uk/flashcards/aqa/micro/,AQA A-Level Economics Microeconomics Flashcards,1,AQA A-Level Economics Microeconomics Flashcards,813,59,1,2,True,
https://economicsacademy.co.uk/flashcards/aqa/micro/?topic=1-4-6-marginal-average-and-total-revenue,200,,https://economicsacademy.co.uk/flashcards/aqa/micro/?topic=1-4-6-marginal-average-and-total-revenue,https://economicsacademy.co.uk/flashcards/aqa/micro/,False,,AQA A-Level Economics Microeconomics Flashcards,47,"Free interactive flashcards for AQA A-Level Economics microeconomics: AQA's own definitions, behavioural economics, market failure and diagrams, with spaced repetition.",168,https://economicsacademy.co.uk/flashcards/aqa/micro/,AQA A-Level Economics Microeconomics Flashcards,1,AQA A-Level Economics Microeconomics Flashcards,813,59,1,2,True,
https://economicsacademy.co.uk/flashcards/aqa/micro/?topic=1-4-7-profit,200,,https://economicsacademy.co.uk/flashcards/aqa/micro/?topic=1-4-7-profit,https://economicsacademy.co.uk/flashcards/aqa/micro/,False,,AQA A-Level Economics Microeconomics Flashcards,47,"Free interactive flashcards for AQA A-Level Economics microeconomics: AQA's own definitions, behavioural economics, market failure and diagrams, with spaced repetition.",168,https://economicsacademy.co.uk/flashcards/aqa/micro/,AQA A-Level Economics Microeconomics Flashcards,1,AQA A-Level Economics Microeconomics Flashcards,813,59,1,2,True,
https://economicsacademy.co.uk/flashcards/aqa/micro/?topic=1-4-8-technological-change,200,,https://economicsacademy.co.uk/flashcards/aqa/micro/?topic=1-4-8-technological-change,https://economicsacademy.co.uk/flashcards/aqa/micro/,False,,AQA A-Level Economics Microeconomics Flashcards,47,"Free interactive flashcards for AQA A-Level Economics microeconomics: AQA's own definitions, behavioural economics, market failure and diagrams, with spaced repetition.",168,https://economicsacademy.co.uk/flashcards/aqa/micro/,AQA A-Level Economics Microeconomics Flashcards,1,AQA A-Level Economics Microeconomics Flashcards,813,59,1,2,True,
https://economicsacademy.co.uk/flashcards/aqa/micro/?topic=1-5-1-market-structures,200,,https://economicsacademy.co.uk/flashcards/aqa/micro/?topic=1-5-1-market-structures,https://economicsacademy.co.uk/flashcards/aqa/micro/,False,,AQA A-Level Economics Microeconomics Flashcards,47,"Free interactive flashcards for AQA A-Level Economics microeconomics: AQA's own definitions, behavioural economics, market failure and diagrams, with spaced repetition.",168,https://economicsacademy.co.uk/flashcards/aqa/micro/,AQA A-Level Economics Microeconomics Flashcards,1,AQA A-Level Economics Microeconomics Flashcards,813,59,1,2,True,
https://economicsacademy.co.uk/flashcards/aqa/micro/?topic=1-5-10-market-structure-efficiency-resource-allocation,200,,https://economicsacademy.co.uk/flashcards/aqa/micro/?topic=1-5-10-market-structure-efficiency-resource-allocation,https://economicsacademy.co.uk/flashcards/aqa/micro/,False,,AQA A-Level Economics Microeconomics Flashcards,47,"Free interactive flashcards for AQA A-Level Economics microeconomics: AQA's own definitions, behavioural economics, market failure and diagrams, with spaced repetition.",168,https://economicsacademy.co.uk/flashcards/aqa/micro/,AQA A-Level Economics Microeconomics Flashcards,1,AQA A-Level Economics Microeconomics Flashcards,813,59,1,2,True,
https://economicsacademy.co.uk/flashcards/aqa/micro/?topic=1-5-11-consumer-and-producer-surplus,200,,https://economicsacademy.co.uk/flashcards/aqa/micro/?topic=1-5-11-consumer-and-producer-surplus,https://economicsacademy.co.uk/flashcards/aqa/micro/,False,,AQA A-Level Economics Microeconomics Flashcards,47,"Free interactive flashcards for AQA A-Level Economics microeconomics: AQA's own definitions, behavioural economics, market failure and diagrams, with spaced repetition.",168,https://economicsacademy.co.uk/flashcards/aqa/micro/,AQA A-Level Economics Microeconomics Flashcards,1,AQA A-Level Economics Microeconomics Flashcards,813,59,1,2,True,
https://economicsacademy.co.uk/flashcards/aqa/micro/?topic=1-5-2-the-objectives-of-firms,200,,https://economicsacademy.co.uk/flashcards/aqa/micro/?topic=1-5-2-the-objectives-of-firms,https://economicsacademy.co.uk/flashcards/aqa/micro/,False,,AQA A-Level Economics Microeconomics Flashcards,47,"Free interactive flashcards for AQA A-Level Economics microeconomics: AQA's own definitions, behavioural economics, market failure and diagrams, with spaced repetition.",168,https://economicsacademy.co.uk/flashcards/aqa/micro/,AQA A-Level Economics Microeconomics Flashcards,1,AQA A-Level Economics Microeconomics Flashcards,813,59,1,2,True,
https://economicsacademy.co.uk/flashcards/aqa/micro/?topic=1-5-3-perfect-competition,200,,https://economicsacademy.co.uk/flashcards/aqa/micro/?topic=1-5-3-perfect-competition,https://economicsacademy.co.uk/flashcards/aqa/micro/,False,,AQA A-Level Economics Microeconomics Flashcards,47,"Free interactive flashcards for AQA A-Level Economics microeconomics: AQA's own definitions, behavioural economics, market failure and diagrams, with spaced repetition.",168,https://economicsacademy.co.uk/flashcards/aqa/micro/,AQA A-Level Economics Microeconomics Flashcards,1,AQA A-Level Economics Microeconomics Flashcards,813,59,1,2,True,
https://economicsacademy.co.uk/flashcards/aqa/micro/?topic=1-5-4-monopolistic-competition,200,,https://economicsacademy.co.uk/flashcards/aqa/micro/?topic=1-5-4-monopolistic-competition,https://economicsacademy.co.uk/flashcards/aqa/micro/,False,,AQA A-Level Economics Microeconomics Flashcards,47,"Free interactive flashcards for AQA A-Level Economics microeconomics: AQA's own definitions, behavioural economics, market failure and diagrams, with spaced repetition.",168,https://economicsacademy.co.uk/flashcards/aqa/micro/,AQA A-Level Economics Microeconomics Flashcards,1,AQA A-Level Economics Microeconomics Flashcards,813,59,1,2,True,
https://economicsacademy.co.uk/flashcards/aqa/micro/?topic=1-5-5-oligopoly,200,,https://economicsacademy.co.uk/flashcards/aqa/micro/?topic=1-5-5-oligopoly,https://economicsacademy.co.uk/flashcards/aqa/micro/,False,,AQA A-Level Economics Microeconomics Flashcards,47,"Free interactive flashcards for AQA A-Level Economics microeconomics: AQA's own definitions, behavioural economics, market failure and diagrams, with spaced repetition.",168,https://economicsacademy.co.uk/flashcards/aqa/micro/,AQA A-Level Economics Microeconomics Flashcards,1,AQA A-Level Economics Microeconomics Flashcards,813,59,1,2,True,
https://economicsacademy.co.uk/flashcards/aqa/micro/?topic=1-5-6-monopoly-and-monopoly-power,200,,https://economicsacademy.co.uk/flashcards/aqa/micro/?topic=1-5-6-monopoly-and-monopoly-power,https://economicsacademy.co.uk/flashcards/aqa/micro/,False,,AQA A-Level Economics Microeconomics Flashcards,47,"Free interactive flashcards for AQA A-Level Economics microeconomics: AQA's own definitions, behavioural economics, market failure and diagrams, with spaced repetition.",168,https://economicsacademy.co.uk/flashcards/aqa/micro/,AQA A-Level Economics Microeconomics Flashcards,1,AQA A-Level Economics Microeconomics Flashcards,813,59,1,2,True,
https://economicsacademy.co.uk/flashcards/aqa/micro/?topic=1-5-7-price-discrimination,200,,https://economicsacademy.co.uk/flashcards/aqa/micro/?topic=1-5-7-price-discrimination,https://economicsacademy.co.uk/flashcards/aqa/micro/,False,,AQA A-Level Economics Microeconomics Flashcards,47,"Free interactive flashcards for AQA A-Level Economics microeconomics: AQA's own definitions, behavioural economics, market failure and diagrams, with spaced repetition.",168,https://economicsacademy.co.uk/flashcards/aqa/micro/,AQA A-Level Economics Microeconomics Flashcards,1,AQA A-Level Economics Microeconomics Flashcards,813,59,1,2,True,
https://economicsacademy.co.uk/flashcards/aqa/micro/?topic=1-5-8-the-dynamics-of-competition-and-competitive-market-processes,200,,https://economicsacademy.co.uk/flashcards/aqa/micro/?topic=1-5-8-the-dynamics-of-competition-and-competitive-market-processes,https://economicsacademy.co.uk/flashcards/aqa/micro/,False,,AQA A-Level Economics Microeconomics Flashcards,47,"Free interactive flashcards for AQA A-Level Economics microeconomics: AQA's own definitions, behavioural economics, market failure and diagrams, with spaced repetition.",168,https://economicsacademy.co.uk/flashcards/aqa/micro/,AQA A-Level Economics Microeconomics Flashcards,1,AQA A-Level Economics Microeconomics Flashcards,813,59,1,2,True,
https://economicsacademy.co.uk/flashcards/aqa/micro/?topic=1-5-9-contestable-and-non-contestable-markets,200,,https://economicsacademy.co.uk/flashcards/aqa/micro/?topic=1-5-9-contestable-and-non-contestable-markets,https://economicsacademy.co.uk/flashcards/aqa/micro/,False,,AQA A-Level Economics Microeconomics Flashcards,47,"Free interactive flashcards for AQA A-Level Economics microeconomics: AQA's own definitions, behavioural economics, market failure and diagrams, with spaced repetition.",168,https://economicsacademy.co.uk/flashcards/aqa/micro/,AQA A-Level Economics Microeconomics Flashcards,1,AQA A-Level Economics Microeconomics Flashcards,813,59,1,2,True,
https://economicsacademy.co.uk/flashcards/aqa/micro/?topic=1-6-1-the-demand-for-labour-marginal-productivity-theory,200,,https://economicsacademy.co.uk/flashcards/aqa/micro/?topic=1-6-1-the-demand-for-labour-marginal-productivity-theory,https://economicsacademy.co.uk/flashcards/aqa/micro/,False,,AQA A-Level Economics Microeconomics Flashcards,47,"Free interactive flashcards for AQA A-Level Economics microeconomics: AQA's own definitions, behavioural economics, market failure and diagrams, with spaced repetition.",168,https://economicsacademy.co.uk/flashcards/aqa/micro/,AQA A-Level Economics Microeconomics Flashcards,1,AQA A-Level Economics Microeconomics Flashcards,813,59,1,2,True,
https://economicsacademy.co.uk/flashcards/aqa/micro/?topic=1-6-2-influence-upon-the-supply-of-labour-to-different-markets,200,,https://economicsacademy.co.uk/flashcards/aqa/micro/?topic=1-6-2-influence-upon-the-supply-of-labour-to-different-markets,https://economicsacademy.co.uk/flashcards/aqa/micro/,False,,AQA A-Level Economics Microeconomics Flashcards,47,"Free interactive flashcards for AQA A-Level Economics microeconomics: AQA's own definitions, behavioural economics, market failure and diagrams, with spaced repetition.",168,https://economicsacademy.co.uk/flashcards/aqa/micro/,AQA A-Level Economics Microeconomics Flashcards,1,AQA A-Level Economics Microeconomics Flashcards,813,59,1,2,True,
https://economicsacademy.co.uk/flashcards/aqa/micro/?topic=1-6-3-wage-determination-perfectly-competitive-labour-markets,200,,https://economicsacademy.co.uk/flashcards/aqa/micro/?topic=1-6-3-wage-determination-perfectly-competitive-labour-markets,https://economicsacademy.co.uk/flashcards/aqa/micro/,False,,AQA A-Level Economics Microeconomics Flashcards,47,"Free interactive flashcards for AQA A-Level Economics microeconomics: AQA's own definitions, behavioural economics, market failure and diagrams, with spaced repetition.",168,https://economicsacademy.co.uk/flashcards/aqa/micro/,AQA A-Level Economics Microeconomics Flashcards,1,AQA A-Level Economics Microeconomics Flashcards,813,59,1,2,True,
https://economicsacademy.co.uk/flashcards/aqa/micro/?topic=1-6-4-wage-determination-imperfectly-competitive-labour-markets,200,,https://economicsacademy.co.uk/flashcards/aqa/micro/?topic=1-6-4-wage-determination-imperfectly-competitive-labour-markets,https://economicsacademy.co.uk/flashcards/aqa/micro/,False,,AQA A-Level Economics Microeconomics Flashcards,47,"Free interactive flashcards for AQA A-Level Economics microeconomics: AQA's own definitions, behavioural economics, market failure and diagrams, with spaced repetition.",168,https://economicsacademy.co.uk/flashcards/aqa/micro/,AQA A-Level Economics Microeconomics Flashcards,1,AQA A-Level Economics Microeconomics Flashcards,813,59,1,2,True,
https://economicsacademy.co.uk/flashcards/aqa/micro/?topic=1-6-5-the-influence-of-trade-unions-in-determining-wages-and-levels-of-employment,200,,https://economicsacademy.co.uk/flashcards/aqa/micro/?topic=1-6-5-the-influence-of-trade-unions-in-determining-wages-and-levels-of-employment,https://economicsacademy.co.uk/flashcards/aqa/micro/,False,,AQA A-Level Economics Microeconomics Flashcards,47,"Free interactive flashcards for AQA A-Level Economics microeconomics: AQA's own definitions, behavioural economics, market failure and diagrams, with spaced repetition.",168,https://economicsacademy.co.uk/flashcards/aqa/micro/,AQA A-Level Economics Microeconomics Flashcards,1,AQA A-Level Economics Microeconomics Flashcards,813,59,1,2,True,
https://economicsacademy.co.uk/flashcards/aqa/micro/?topic=1-6-6-the-national-minimum-wage,200,,https://economicsacademy.co.uk/flashcards/aqa/micro/?topic=1-6-6-the-national-minimum-wage,https://economicsacademy.co.uk/flashcards/aqa/micro/,False,,AQA A-Level Economics Microeconomics Flashcards,47,"Free interactive flashcards for AQA A-Level Economics microeconomics: AQA's own definitions, behavioural economics, market failure and diagrams, with spaced repetition.",168,https://economicsacademy.co.uk/flashcards/aqa/micro/,AQA A-Level Economics Microeconomics Flashcards,1,AQA A-Level Economics Microeconomics Flashcards,813,59,1,2,True,
https://economicsacademy.co.uk/flashcards/aqa/micro/?topic=1-6-7-discrimination-in-the-labour-market,200,,https://economicsacademy.co.uk/flashcards/aqa/micro/?topic=1-6-7-discrimination-in-the-labour-market,https://economicsacademy.co.uk/flashcards/aqa/micro/,False,,AQA A-Level Economics Microeconomics Flashcards,47,"Free interactive flashcards for AQA A-Level Economics microeconomics: AQA's own definitions, behavioural economics, market failure and diagrams, with spaced repetition.",168,https://economicsacademy.co.uk/flashcards/aqa/micro/,AQA A-Level Economics Microeconomics Flashcards,1,AQA A-Level Economics Microeconomics Flashcards,813,59,1,2,True,
https://economicsacademy.co.uk/flashcards/aqa/micro/?topic=1-7-1-the-distribution-of-income-and-wealth,200,,https://economicsacademy.co.uk/flashcards/aqa/micro/?topic=1-7-1-the-distribution-of-income-and-wealth,https://economicsacademy.co.uk/flashcards/aqa/micro/,False,,AQA A-Level Economics Microeconomics Flashcards,47,"Free interactive flashcards for AQA A-Level Economics microeconomics: AQA's own definitions, behavioural economics, market failure and diagrams, with spaced repetition.",168,https://economicsacademy.co.uk/flashcards/aqa/micro/,AQA A-Level Economics Microeconomics Flashcards,1,AQA A-Level Economics Microeconomics Flashcards,813,59,1,2,True,
https://economicsacademy.co.uk/flashcards/aqa/micro/?topic=1-7-2-the-problem-of-poverty,200,,https://economicsacademy.co.uk/flashcards/aqa/micro/?topic=1-7-2-the-problem-of-poverty,https://economicsacademy.co.uk/flashcards/aqa/micro/,False,,AQA A-Level Economics Microeconomics Flashcards,47,"Free interactive flashcards for AQA A-Level Economics microeconomics: AQA's own definitions, behavioural economics, market failure and diagrams, with spaced repetition.",168,https://economicsacademy.co.uk/flashcards/aqa/micro/,AQA A-Level Economics Microeconomics Flashcards,1,AQA A-Level Economics Microeconomics Flashcards,813,59,1,2,True,
https://economicsacademy.co.uk/flashcards/aqa/micro/?topic=1-7-3-government-policies-poverty-income-distribution,200,,https://economicsacademy.co.uk/flashcards/aqa/micro/?topic=1-7-3-government-policies-poverty-income-distribution,https://economicsacademy.co.uk/flashcards/aqa/micro/,False,,AQA A-Level Economics Microeconomics Flashcards,47,"Free interactive flashcards for AQA A-Level Economics microeconomics: AQA's own definitions, behavioural economics, market failure and diagrams, with spaced repetition.",168,https://economicsacademy.co.uk/flashcards/aqa/micro/,AQA A-Level Economics Microeconomics Flashcards,1,AQA A-Level Economics Microeconomics Flashcards,813,59,1,2,True,
https://economicsacademy.co.uk/flashcards/aqa/micro/?topic=1-8-1-how-markets-and-prices-allocate-resources,200,,https://economicsacademy.co.uk/flashcards/aqa/micro/?topic=1-8-1-how-markets-and-prices-allocate-resources,https://economicsacademy.co.uk/flashcards/aqa/micro/,False,,AQA A-Level Economics Microeconomics Flashcards,47,"Free interactive flashcards for AQA A-Level Economics microeconomics: AQA's own definitions, behavioural economics, market failure and diagrams, with spaced repetition.",168,https://economicsacademy.co.uk/flashcards/aqa/micro/,AQA A-Level Economics Microeconomics Flashcards,1,AQA A-Level Economics Microeconomics Flashcards,813,59,1,2,True,
https://economicsacademy.co.uk/flashcards/aqa/micro/?topic=1-8-10-government-failure,200,,https://economicsacademy.co.uk/flashcards/aqa/micro/?topic=1-8-10-government-failure,https://economicsacademy.co.uk/flashcards/aqa/micro/,False,,AQA A-Level Economics Microeconomics Flashcards,47,"Free interactive flashcards for AQA A-Level Economics microeconomics: AQA's own definitions, behavioural economics, market failure and diagrams, with spaced repetition.",168,https://economicsacademy.co.uk/flashcards/aqa/micro/,AQA A-Level Economics Microeconomics Flashcards,1,AQA A-Level Economics Microeconomics Flashcards,813,59,1,2,True,
https://economicsacademy.co.uk/flashcards/aqa/micro/?topic=1-8-2-the-meaning-of-market-failure,200,,https://economicsacademy.co.uk/flashcards/aqa/micro/?topic=1-8-2-the-meaning-of-market-failure,https://economicsacademy.co.uk/flashcards/aqa/micro/,False,,AQA A-Level Economics Microeconomics Flashcards,47,"Free interactive flashcards for AQA A-Level Economics microeconomics: AQA's own definitions, behavioural economics, market failure and diagrams, with spaced repetition.",168,https://economicsacademy.co.uk/flashcards/aqa/micro/,AQA A-Level Economics Microeconomics Flashcards,1,AQA A-Level Economics Microeconomics Flashcards,813,59,1,2,True,
https://economicsacademy.co.uk/flashcards/aqa/micro/?topic=1-8-3-public-goods-private-goods-and-quasi-public-goods,200,,https://economicsacademy.co.uk/flashcards/aqa/micro/?topic=1-8-3-public-goods-private-goods-and-quasi-public-goods,https://economicsacademy.co.uk/flashcards/aqa/micro/,False,,AQA A-Level Economics Microeconomics Flashcards,47,"Free interactive flashcards for AQA A-Level Economics microeconomics: AQA's own definitions, behavioural economics, market failure and diagrams, with spaced repetition.",168,https://economicsacademy.co.uk/flashcards/aqa/micro/,AQA A-Level Economics Microeconomics Flashcards,1,AQA A-Level Economics Microeconomics Flashcards,813,59,1,2,True,
https://economicsacademy.co.uk/flashcards/aqa/micro/?topic=1-8-4-positive-and-negative-externalities-in-consumption-and-production,200,,https://economicsacademy.co.uk/flashcards/aqa/micro/?topic=1-8-4-positive-and-negative-externalities-in-consumption-and-production,https://economicsacademy.co.uk/flashcards/aqa/micro/,False,,AQA A-Level Economics Microeconomics Flashcards,47,"Free interactive flashcards for AQA A-Level Economics microeconomics: AQA's own definitions, behavioural economics, market failure and diagrams, with spaced repetition.",168,https://economicsacademy.co.uk/flashcards/aqa/micro/,AQA A-Level Economics Microeconomics Flashcards,1,AQA A-Level Economics Microeconomics Flashcards,813,59,1,2,True,
https://economicsacademy.co.uk/flashcards/aqa/micro/?topic=1-8-5-merit-and-demerit-goods,200,,https://economicsacademy.co.uk/flashcards/aqa/micro/?topic=1-8-5-merit-and-demerit-goods,https://economicsacademy.co.uk/flashcards/aqa/micro/,False,,AQA A-Level Economics Microeconomics Flashcards,47,"Free interactive flashcards for AQA A-Level Economics microeconomics: AQA's own definitions, behavioural economics, market failure and diagrams, with spaced repetition.",168,https://economicsacademy.co.uk/flashcards/aqa/micro/,AQA A-Level Economics Microeconomics Flashcards,1,AQA A-Level Economics Microeconomics Flashcards,813,59,1,2,True,
https://economicsacademy.co.uk/flashcards/aqa/micro/?topic=1-8-6-market-imperfections,200,,https://economicsacademy.co.uk/flashcards/aqa/micro/?topic=1-8-6-market-imperfections,https://economicsacademy.co.uk/flashcards/aqa/micro/,False,,AQA A-Level Economics Microeconomics Flashcards,47,"Free interactive flashcards for AQA A-Level Economics microeconomics: AQA's own definitions, behavioural economics, market failure and diagrams, with spaced repetition.",168,https://economicsacademy.co.uk/flashcards/aqa/micro/,AQA A-Level Economics Microeconomics Flashcards,1,AQA A-Level Economics Microeconomics Flashcards,813,59,1,2,True,
https://economicsacademy.co.uk/flashcards/aqa/micro/?topic=1-8-7-competition-policy,200,,https://economicsacademy.co.uk/flashcards/aqa/micro/?topic=1-8-7-competition-policy,https://economicsacademy.co.uk/flashcards/aqa/micro/,False,,AQA A-Level Economics Microeconomics Flashcards,47,"Free interactive flashcards for AQA A-Level Economics microeconomics: AQA's own definitions, behavioural economics, market failure and diagrams, with spaced repetition.",168,https://economicsacademy.co.uk/flashcards/aqa/micro/,AQA A-Level Economics Microeconomics Flashcards,1,AQA A-Level Economics Microeconomics Flashcards,813,59,1,2,True,
https://economicsacademy.co.uk/flashcards/aqa/micro/?topic=1-8-8-public-ownership-privatisation-regulation-and-deregulation-of-markets,200,,https://economicsacademy.co.uk/flashcards/aqa/micro/?topic=1-8-8-public-ownership-privatisation-regulation-and-deregulation-of-markets,https://economicsacademy.co.uk/flashcards/aqa/micro/,False,,AQA A-Level Economics Microeconomics Flashcards,47,"Free interactive flashcards for AQA A-Level Economics microeconomics: AQA's own definitions, behavioural economics, market failure and diagrams, with spaced repetition.",168,https://economicsacademy.co.uk/flashcards/aqa/micro/,AQA A-Level Economics Microeconomics Flashcards,1,AQA A-Level Economics Microeconomics Flashcards,813,59,1,2,True,
https://economicsacademy.co.uk/flashcards/aqa/micro/?topic=1-8-9-government-intervention-in-markets,200,,https://economicsacademy.co.uk/flashcards/aqa/micro/?topic=1-8-9-government-intervention-in-markets,https://economicsacademy.co.uk/flashcards/aqa/micro/,False,,AQA A-Level Economics Microeconomics Flashcards,47,"Free interactive flashcards for AQA A-Level Economics microeconomics: AQA's own definitions, behavioural economics, market failure and diagrams, with spaced repetition.",168,https://economicsacademy.co.uk/flashcards/aqa/micro/,AQA A-Level Economics Microeconomics Flashcards,1,AQA A-Level Economics Microeconomics Flashcards,813,59,1,2,True,
https://economicsacademy.co.uk/flashcards/edexcel-a/theme-1/,200,,https://economicsacademy.co.uk/flashcards/edexcel-a/theme-1/,https://economicsacademy.co.uk/flashcards/edexcel-a/theme-1/,True,,Edexcel A-Level Economics Theme 1 Flashcards,44,"Free interactive flashcards for Edexcel A-Level Economics Theme 1: definitions, formulae, diagrams, chains of reasoning and evaluation points, with spaced repetition.",166,https://economicsacademy.co.uk/flashcards/edexcel-a/theme-1/,Edexcel A-Level Economics Theme 1 Flashcards,1,Edexcel A-Level Economics Theme 1 Flashcards,419,27,1,2,True,
https://economicsacademy.co.uk/flashcards/edexcel-a/theme-1/?topic=1-1-1-economics-as-a-social-science,200,,https://economicsacademy.co.uk/flashcards/edexcel-a/theme-1/?topic=1-1-1-economics-as-a-social-science,https://economicsacademy.co.uk/flashcards/edexcel-a/theme-1/,False,,Edexcel A-Level Economics Theme 1 Flashcards,44,"Free interactive flashcards for Edexcel A-Level Economics Theme 1: definitions, formulae, diagrams, chains of reasoning and evaluation points, with spaced repetition.",166,https://economicsacademy.co.uk/flashcards/edexcel-a/theme-1/,Edexcel A-Level Economics Theme 1 Flashcards,1,Edexcel A-Level Economics Theme 1 Flashcards,419,27,1,2,True,
https://economicsacademy.co.uk/flashcards/edexcel-a/theme-1/?topic=1-1-2-positive-normative-statements,200,,https://economicsacademy.co.uk/flashcards/edexcel-a/theme-1/?topic=1-1-2-positive-normative-statements,https://economicsacademy.co.uk/flashcards/edexcel-a/theme-1/,False,,Edexcel A-Level Economics Theme 1 Flashcards,44,"Free interactive flashcards for Edexcel A-Level Economics Theme 1: definitions, formulae, diagrams, chains of reasoning and evaluation points, with spaced repetition.",166,https://economicsacademy.co.uk/flashcards/edexcel-a/theme-1/,Edexcel A-Level Economics Theme 1 Flashcards,1,Edexcel A-Level Economics Theme 1 Flashcards,419,27,1,2,True,
https://economicsacademy.co.uk/flashcards/edexcel-a/theme-1/?topic=1-1-3-the-economic-problem,200,,https://economicsacademy.co.uk/flashcards/edexcel-a/theme-1/?topic=1-1-3-the-economic-problem,https://economicsacademy.co.uk/flashcards/edexcel-a/theme-1/,False,,Edexcel A-Level Economics Theme 1 Flashcards,44,"Free interactive flashcards for Edexcel A-Level Economics Theme 1: definitions, formulae, diagrams, chains of reasoning and evaluation points, with spaced repetition.",166,https://economicsacademy.co.uk/flashcards/edexcel-a/theme-1/,Edexcel A-Level Economics Theme 1 Flashcards,1,Edexcel A-Level Economics Theme 1 Flashcards,419,27,1,2,True,
https://economicsacademy.co.uk/flashcards/edexcel-a/theme-1/?topic=1-1-4-production-possibility-frontiers,200,,https://economicsacademy.co.uk/flashcards/edexcel-a/theme-1/?topic=1-1-4-production-possibility-frontiers,https://economicsacademy.co.uk/flashcards/edexcel-a/theme-1/,False,,Edexcel A-Level Economics Theme 1 Flashcards,44,"Free interactive flashcards for Edexcel A-Level Economics Theme 1: definitions, formulae, diagrams, chains of reasoning and evaluation points, with spaced repetition.",166,https://economicsacademy.co.uk/flashcards/edexcel-a/theme-1/,Edexcel A-Level Economics Theme 1 Flashcards,1,Edexcel A-Level Economics Theme 1 Flashcards,419,27,1,2,True,
https://economicsacademy.co.uk/flashcards/edexcel-a/theme-1/?topic=1-1-5-specialisation-division-of-labour,200,,https://economicsacademy.co.uk/flashcards/edexcel-a/theme-1/?topic=1-1-5-specialisation-division-of-labour,https://economicsacademy.co.uk/flashcards/edexcel-a/theme-1/,False,,Edexcel A-Level Economics Theme 1 Flashcards,44,"Free interactive flashcards for Edexcel A-Level Economics Theme 1: definitions, formulae, diagrams, chains of reasoning and evaluation points, with spaced repetition.",166,https://economicsacademy.co.uk/flashcards/edexcel-a/theme-1/,Edexcel A-Level Economics Theme 1 Flashcards,1,Edexcel A-Level Economics Theme 1 Flashcards,419,27,1,2,True,
https://economicsacademy.co.uk/flashcards/edexcel-a/theme-1/?topic=1-1-6-types-of-economies,200,,https://economicsacademy.co.uk/flashcards/edexcel-a/theme-1/?topic=1-1-6-types-of-economies,https://economicsacademy.co.uk/flashcards/edexcel-a/theme-1/,False,,Edexcel A-Level Economics Theme 1 Flashcards,44,"Free interactive flashcards for Edexcel A-Level Economics Theme 1: definitions, formulae, diagrams, chains of reasoning and evaluation points, with spaced repetition.",166,https://economicsacademy.co.uk/flashcards/edexcel-a/theme-1/,Edexcel A-Level Economics Theme 1 Flashcards,1,Edexcel A-Level Economics Theme 1 Flashcards,419,27,1,2,True,
https://economicsacademy.co.uk/flashcards/edexcel-a/theme-1/?topic=1-2-1-rational-decision-making,200,,https://economicsacademy.co.uk/flashcards/edexcel-a/theme-1/?topic=1-2-1-rational-decision-making,https://economicsacademy.co.uk/flashcards/edexcel-a/theme-1/,False,,Edexcel A-Level Economics Theme 1 Flashcards,44,"Free interactive flashcards for Edexcel A-Level Economics Theme 1: definitions, formulae, diagrams, chains of reasoning and evaluation points, with spaced repetition.",166,https://economicsacademy.co.uk/flashcards/edexcel-a/theme-1/,Edexcel A-Level Economics Theme 1 Flashcards,1,Edexcel A-Level Economics Theme 1 Flashcards,419,27,1,2,True,
https://economicsacademy.co.uk/flashcards/edexcel-a/theme-1/?topic=1-2-10-alternative-views-of-consumer-behaviour,200,,https://economicsacademy.co.uk/flashcards/edexcel-a/theme-1/?topic=1-2-10-alternative-views-of-consumer-behaviour,https://economicsacademy.co.uk/flashcards/edexcel-a/theme-1/,False,,Edexcel A-Level Economics Theme 1 Flashcards,44,"Free interactive flashcards for Edexcel A-Level Economics Theme 1: definitions, formulae, diagrams, chains of reasoning and evaluation points, with spaced repetition.",166,https://economicsacademy.co.uk/flashcards/edexcel-a/theme-1/,Edexcel A-Level Economics Theme 1 Flashcards,1,Edexcel A-Level Economics Theme 1 Flashcards,419,27,1,2,True,
https://economicsacademy.co.uk/flashcards/edexcel-a/theme-1/?topic=1-2-2-demand,200,,https://economicsacademy.co.uk/flashcards/edexcel-a/theme-1/?topic=1-2-2-demand,https://economicsacademy.co.uk/flashcards/edexcel-a/theme-1/,False,,Edexcel A-Level Economics Theme 1 Flashcards,44,"Free interactive flashcards for Edexcel A-Level Economics Theme 1: definitions, formulae, diagrams, chains of reasoning and evaluation points, with spaced repetition.",166,https://economicsacademy.co.uk/flashcards/edexcel-a/theme-1/,Edexcel A-Level Economics Theme 1 Flashcards,1,Edexcel A-Level Economics Theme 1 Flashcards,419,27,1,2,True,
https://economicsacademy.co.uk/flashcards/edexcel-a/theme-1/?topic=1-2-3-price-income-cross-elasticities-of-demand,200,,https://economicsacademy.co.uk/flashcards/edexcel-a/theme-1/?topic=1-2-3-price-income-cross-elasticities-of-demand,https://economicsacademy.co.uk/flashcards/edexcel-a/theme-1/,False,,Edexcel A-Level Economics Theme 1 Flashcards,44,"Free interactive flashcards for Edexcel A-Level Economics Theme 1: definitions, formulae, diagrams, chains of reasoning and evaluation points, with spaced repetition.",166,https://economicsacademy.co.uk/flashcards/edexcel-a/theme-1/,Edexcel A-Level Economics Theme 1 Flashcards,1,Edexcel A-Level Economics Theme 1 Flashcards,419,27,1,2,True,
https://economicsacademy.co.uk/flashcards/edexcel-a/theme-1/?topic=1-2-4-supply,200,,https://economicsacademy.co.uk/flashcards/edexcel-a/theme-1/?topic=1-2-4-supply,https://economicsacademy.co.uk/flashcards/edexcel-a/theme-1/,False,,Edexcel A-Level Economics Theme 1 Flashcards,44,"Free interactive flashcards for Edexcel A-Level Economics Theme 1: definitions, formulae, diagrams, chains of reasoning and evaluation points, with spaced repetition.",166,https://economicsacademy.co.uk/flashcards/edexcel-a/theme-1/,Edexcel A-Level Economics Theme 1 Flashcards,1,Edexcel A-Level Economics Theme 1 Flashcards,419,27,1,2,True,
https://economicsacademy.co.uk/flashcards/edexcel-a/theme-1/?topic=1-2-5-price-elasticity-of-supply,200,,https://economicsacademy.co.uk/flashcards/edexcel-a/theme-1/?topic=1-2-5-price-elasticity-of-supply,https://economicsacademy.co.uk/flashcards/edexcel-a/theme-1/,False,,Edexcel A-Level Economics Theme 1 Flashcards,44,"Free interactive flashcards for Edexcel A-Level Economics Theme 1: definitions, formulae, diagrams, chains of reasoning and evaluation points, with spaced repetition.",166,https://economicsacademy.co.uk/flashcards/edexcel-a/theme-1/,Edexcel A-Level Economics Theme 1 Flashcards,1,Edexcel A-Level Economics Theme 1 Flashcards,419,27,1,2,True,
https://economicsacademy.co.uk/flashcards/edexcel-a/theme-1/?topic=1-2-6-price-determination,200,,https://economicsacademy.co.uk/flashcards/edexcel-a/theme-1/?topic=1-2-6-price-determination,https://economicsacademy.co.uk/flashcards/edexcel-a/theme-1/,False,,Edexcel A-Level Economics Theme 1 Flashcards,44,"Free interactive flashcards for Edexcel A-Level Economics Theme 1: definitions, formulae, diagrams, chains of reasoning and evaluation points, with spaced repetition.",166,https://economicsacademy.co.uk/flashcards/edexcel-a/theme-1/,Edexcel A-Level Economics Theme 1 Flashcards,1,Edexcel A-Level Economics Theme 1 Flashcards,419,27,1,2,True,
https://economicsacademy.co.uk/flashcards/edexcel-a/theme-1/?topic=1-2-7-price-mechanism,200,,https://economicsacademy.co.uk/flashcards/edexcel-a/theme-1/?topic=1-2-7-price-mechanism,https://economicsacademy.co.uk/flashcards/edexcel-a/theme-1/,False,,Edexcel A-Level Economics Theme 1 Flashcards,44,"Free interactive flashcards for Edexcel A-Level Economics Theme 1: definitions, formulae, diagrams, chains of reasoning and evaluation points, with spaced repetition.",166,https://economicsacademy.co.uk/flashcards/edexcel-a/theme-1/,Edexcel A-Level Economics Theme 1 Flashcards,1,Edexcel A-Level Economics Theme 1 Flashcards,419,27,1,2,True,
https://economicsacademy.co.uk/flashcards/edexcel-a/theme-1/?topic=1-2-8-producer-consumer-surplus,200,,https://economicsacademy.co.uk/flashcards/edexcel-a/theme-1/?topic=1-2-8-producer-consumer-surplus,https://economicsacademy.co.uk/flashcards/edexcel-a/theme-1/,False,,Edexcel A-Level Economics Theme 1 Flashcards,44,"Free interactive flashcards for Edexcel A-Level Economics Theme 1: definitions, formulae, diagrams, chains of reasoning and evaluation points, with spaced repetition.",166,https://economicsacademy.co.uk/flashcards/edexcel-a/theme-1/,Edexcel A-Level Economics Theme 1 Flashcards,1,Edexcel A-Level Economics Theme 1 Flashcards,419,27,1,2,True,
https://economicsacademy.co.uk/flashcards/edexcel-a/theme-1/?topic=1-2-9-indirect-taxes-subsidies,200,,https://economicsacademy.co.uk/flashcards/edexcel-a/theme-1/?topic=1-2-9-indirect-taxes-subsidies,https://economicsacademy.co.uk/flashcards/edexcel-a/theme-1/,False,,Edexcel A-Level Economics Theme 1 Flashcards,44,"Free interactive flashcards for Edexcel A-Level Economics Theme 1: definitions, formulae, diagrams, chains of reasoning and evaluation points, with spaced repetition.",166,https://economicsacademy.co.uk/flashcards/edexcel-a/theme-1/,Edexcel A-Level Economics Theme 1 Flashcards,1,Edexcel A-Level Economics Theme 1 Flashcards,419,27,1,2,True,
https://economicsacademy.co.uk/flashcards/edexcel-a/theme-1/?topic=1-3-1-types-of-market-failure,200,,https://economicsacademy.co.uk/flashcards/edexcel-a/theme-1/?topic=1-3-1-types-of-market-failure,https://economicsacademy.co.uk/flashcards/edexcel-a/theme-1/,False,,Edexcel A-Level Economics Theme 1 Flashcards,44,"Free interactive flashcards for Edexcel A-Level Economics Theme 1: definitions, formulae, diagrams, chains of reasoning and evaluation points, with spaced repetition.",166,https://economicsacademy.co.uk/flashcards/edexcel-a/theme-1/,Edexcel A-Level Economics Theme 1 Flashcards,1,Edexcel A-Level Economics Theme 1 Flashcards,419,27,1,2,True,
https://economicsacademy.co.uk/flashcards/edexcel-a/theme-1/?topic=1-3-2-externalities,200,,https://economicsacademy.co.uk/flashcards/edexcel-a/theme-1/?topic=1-3-2-externalities,https://economicsacademy.co.uk/flashcards/edexcel-a/theme-1/,False,,Edexcel A-Level Economics Theme 1 Flashcards,44,"Free interactive flashcards for Edexcel A-Level Economics Theme 1: definitions, formulae, diagrams, chains of reasoning and evaluation points, with spaced repetition.",166,https://economicsacademy.co.uk/flashcards/edexcel-a/theme-1/,Edexcel A-Level Economics Theme 1 Flashcards,1,Edexcel A-Level Economics Theme 1 Flashcards,419,27,1,2,True,
https://economicsacademy.co.uk/flashcards/edexcel-a/theme-1/?topic=1-3-3-public-goods,200,,https://economicsacademy.co.uk/flashcards/edexcel-a/theme-1/?topic=1-3-3-public-goods,https://economicsacademy.co.uk/flashcards/edexcel-a/theme-1/,False,,Edexcel A-Level Economics Theme 1 Flashcards,44,"Free interactive flashcards for Edexcel A-Level Economics Theme 1: definitions, formulae, diagrams, chains of reasoning and evaluation points, with spaced repetition.",166,https://economicsacademy.co.uk/flashcards/edexcel-a/theme-1/,Edexcel A-Level Economics Theme 1 Flashcards,1,Edexcel A-Level Economics Theme 1 Flashcards,419,27,1,2,True,
https://economicsacademy.co.uk/flashcards/edexcel-a/theme-1/?topic=1-3-4-information-gaps,200,,https://economicsacademy.co.uk/flashcards/edexcel-a/theme-1/?topic=1-3-4-information-gaps,https://economicsacademy.co.uk/flashcards/edexcel-a/theme-1/,False,,Edexcel A-Level Economics Theme 1 Flashcards,44,"Free interactive flashcards for Edexcel A-Level Economics Theme 1: definitions, formulae, diagrams, chains of reasoning and evaluation points, with spaced repetition.",166,https://economicsacademy.co.uk/flashcards/edexcel-a/theme-1/,Edexcel A-Level Economics Theme 1 Flashcards,1,Edexcel A-Level Economics Theme 1 Flashcards,419,27,1,2,True,
https://economicsacademy.co.uk/flashcards/edexcel-a/theme-1/?topic=1-4-1-government-intervention-in-markets,200,,https://economicsacademy.co.uk/flashcards/edexcel-a/theme-1/?topic=1-4-1-government-intervention-in-markets,https://economicsacademy.co.uk/flashcards/edexcel-a/theme-1/,False,,Edexcel A-Level Economics Theme 1 Flashcards,44,"Free interactive flashcards for Edexcel A-Level Economics Theme 1: definitions, formulae, diagrams, chains of reasoning and evaluation points, with spaced repetition.",166,https://economicsacademy.co.uk/flashcards/edexcel-a/theme-1/,Edexcel A-Level Economics Theme 1 Flashcards,1,Edexcel A-Level Economics Theme 1 Flashcards,419,27,1,2,True,
https://economicsacademy.co.uk/flashcards/edexcel-a/theme-1/?topic=1-4-2-government-failure,200,,https://economicsacademy.co.uk/flashcards/edexcel-a/theme-1/?topic=1-4-2-government-failure,https://economicsacademy.co.uk/flashcards/edexcel-a/theme-1/,False,,Edexcel A-Level Economics Theme 1 Flashcards,44,"Free interactive flashcards for Edexcel A-Level Economics Theme 1: definitions, formulae, diagrams, chains of reasoning and evaluation points, with spaced repetition.",166,https://economicsacademy.co.uk/flashcards/edexcel-a/theme-1/,Edexcel A-Level Economics Theme 1 Flashcards,1,Edexcel A-Level Economics Theme 1 Flashcards,419,27,1,2,True,
https://economicsacademy.co.uk/flashcards/edexcel-a/theme-2/,200,,https://economicsacademy.co.uk/flashcards/edexcel-a/theme-2/,https://economicsacademy.co.uk/flashcards/edexcel-a/theme-2/,True,,Edexcel A-Level Economics Theme 2 Flashcards,44,"Free interactive flashcards for Edexcel A-Level Economics Theme 2: macroeconomic indicators, aggregate demand and supply, growth and policy, with spaced repetition.",164,https://economicsacademy.co.uk/flashcards/edexcel-a/theme-2/,Edexcel A-Level Economics Theme 2 Flashcards,1,Edexcel A-Level Economics Theme 2 Flashcards,471,29,1,2,True,
https://economicsacademy.co.uk/flashcards/edexcel-a/theme-2/?topic=2-1-1-economic-growth,200,,https://economicsacademy.co.uk/flashcards/edexcel-a/theme-2/?topic=2-1-1-economic-growth,https://economicsacademy.co.uk/flashcards/edexcel-a/theme-2/,False,,Edexcel A-Level Economics Theme 2 Flashcards,44,"Free interactive flashcards for Edexcel A-Level Economics Theme 2: macroeconomic indicators, aggregate demand and supply, growth and policy, with spaced repetition.",164,https://economicsacademy.co.uk/flashcards/edexcel-a/theme-2/,Edexcel A-Level Economics Theme 2 Flashcards,1,Edexcel A-Level Economics Theme 2 Flashcards,471,29,1,2,True,
https://economicsacademy.co.uk/flashcards/edexcel-a/theme-2/?topic=2-1-2-inflation,200,,https://economicsacademy.co.uk/flashcards/edexcel-a/theme-2/?topic=2-1-2-inflation,https://economicsacademy.co.uk/flashcards/edexcel-a/theme-2/,False,,Edexcel A-Level Economics Theme 2 Flashcards,44,"Free interactive flashcards for Edexcel A-Level Economics Theme 2: macroeconomic indicators, aggregate demand and supply, growth and policy, with spaced repetition.",164,https://economicsacademy.co.uk/flashcards/edexcel-a/theme-2/,Edexcel A-Level Economics Theme 2 Flashcards,1,Edexcel A-Level Economics Theme 2 Flashcards,471,29,1,2,True,
https://economicsacademy.co.uk/flashcards/edexcel-a/theme-2/?topic=2-1-3-employment-unemployment,200,,https://economicsacademy.co.uk/flashcards/edexcel-a/theme-2/?topic=2-1-3-employment-unemployment,https://economicsacademy.co.uk/flashcards/edexcel-a/theme-2/,False,,Edexcel A-Level Economics Theme 2 Flashcards,44,"Free interactive flashcards for Edexcel A-Level Economics Theme 2: macroeconomic indicators, aggregate demand and supply, growth and policy, with spaced repetition.",164,https://economicsacademy.co.uk/flashcards/edexcel-a/theme-2/,Edexcel A-Level Economics Theme 2 Flashcards,1,Edexcel A-Level Economics Theme 2 Flashcards,471,29,1,2,True,
https://economicsacademy.co.uk/flashcards/edexcel-a/theme-2/?topic=2-1-4-balance-of-payments,200,,https://economicsacademy.co.uk/flashcards/edexcel-a/theme-2/?topic=2-1-4-balance-of-payments,https://economicsacademy.co.uk/flashcards/edexcel-a/theme-2/,False,,Edexcel A-Level Economics Theme 2 Flashcards,44,"Free interactive flashcards for Edexcel A-Level Economics Theme 2: macroeconomic indicators, aggregate demand and supply, growth and policy, with spaced repetition.",164,https://economicsacademy.co.uk/flashcards/edexcel-a/theme-2/,Edexcel A-Level Economics Theme 2 Flashcards,1,Edexcel A-Level Economics Theme 2 Flashcards,471,29,1,2,True,
https://economicsacademy.co.uk/flashcards/edexcel-a/theme-2/?topic=2-2-1-aggregate-demand,200,,https://economicsacademy.co.uk/flashcards/edexcel-a/theme-2/?topic=2-2-1-aggregate-demand,https://economicsacademy.co.uk/flashcards/edexcel-a/theme-2/,False,,Edexcel A-Level Economics Theme 2 Flashcards,44,"Free interactive flashcards for Edexcel A-Level Economics Theme 2: macroeconomic indicators, aggregate demand and supply, growth and policy, with spaced repetition.",164,https://economicsacademy.co.uk/flashcards/edexcel-a/theme-2/,Edexcel A-Level Economics Theme 2 Flashcards,1,Edexcel A-Level Economics Theme 2 Flashcards,471,29,1,2,True,
https://economicsacademy.co.uk/flashcards/edexcel-a/theme-2/?topic=2-2-2-consumption,200,,https://economicsacademy.co.uk/flashcards/edexcel-a/theme-2/?topic=2-2-2-consumption,https://economicsacademy.co.uk/flashcards/edexcel-a/theme-2/,False,,Edexcel A-Level Economics Theme 2 Flashcards,44,"Free interactive flashcards for Edexcel A-Level Economics Theme 2: macroeconomic indicators, aggregate demand and supply, growth and policy, with spaced repetition.",164,https://economicsacademy.co.uk/flashcards/edexcel-a/theme-2/,Edexcel A-Level Economics Theme 2 Flashcards,1,Edexcel A-Level Economics Theme 2 Flashcards,471,29,1,2,True,
https://economicsacademy.co.uk/flashcards/edexcel-a/theme-2/?topic=2-2-3-investment,200,,https://economicsacademy.co.uk/flashcards/edexcel-a/theme-2/?topic=2-2-3-investment,https://economicsacademy.co.uk/flashcards/edexcel-a/theme-2/,False,,Edexcel A-Level Economics Theme 2 Flashcards,44,"Free interactive flashcards for Edexcel A-Level Economics Theme 2: macroeconomic indicators, aggregate demand and supply, growth and policy, with spaced repetition.",164,https://economicsacademy.co.uk/flashcards/edexcel-a/theme-2/,Edexcel A-Level Economics Theme 2 Flashcards,1,Edexcel A-Level Economics Theme 2 Flashcards,471,29,1,2,True,
https://economicsacademy.co.uk/flashcards/edexcel-a/theme-2/?topic=2-2-4-government-expenditure,200,,https://economicsacademy.co.uk/flashcards/edexcel-a/theme-2/?topic=2-2-4-government-expenditure,https://economicsacademy.co.uk/flashcards/edexcel-a/theme-2/,False,,Edexcel A-Level Economics Theme 2 Flashcards,44,"Free interactive flashcards for Edexcel A-Level Economics Theme 2: macroeconomic indicators, aggregate demand and supply, growth and policy, with spaced repetition.",164,https://economicsacademy.co.uk/flashcards/edexcel-a/theme-2/,Edexcel A-Level Economics Theme 2 Flashcards,1,Edexcel A-Level Economics Theme 2 Flashcards,471,29,1,2,True,
https://economicsacademy.co.uk/flashcards/edexcel-a/theme-2/?topic=2-2-5-net-trade,200,,https://economicsacademy.co.uk/flashcards/edexcel-a/theme-2/?topic=2-2-5-net-trade,https://economicsacademy.co.uk/flashcards/edexcel-a/theme-2/,False,,Edexcel A-Level Economics Theme 2 Flashcards,44,"Free interactive flashcards for Edexcel A-Level Economics Theme 2: macroeconomic indicators, aggregate demand and supply, growth and policy, with spaced repetition.",164,https://economicsacademy.co.uk/flashcards/edexcel-a/theme-2/,Edexcel A-Level Economics Theme 2 Flashcards,1,Edexcel A-Level Economics Theme 2 Flashcards,471,29,1,2,True,
https://economicsacademy.co.uk/flashcards/edexcel-a/theme-2/?topic=2-3-1-aggregate-supply,200,,https://economicsacademy.co.uk/flashcards/edexcel-a/theme-2/?topic=2-3-1-aggregate-supply,https://economicsacademy.co.uk/flashcards/edexcel-a/theme-2/,False,,Edexcel A-Level Economics Theme 2 Flashcards,44,"Free interactive flashcards for Edexcel A-Level Economics Theme 2: macroeconomic indicators, aggregate demand and supply, growth and policy, with spaced repetition.",164,https://economicsacademy.co.uk/flashcards/edexcel-a/theme-2/,Edexcel A-Level Economics Theme 2 Flashcards,1,Edexcel A-Level Economics Theme 2 Flashcards,471,29,1,2,True,
https://economicsacademy.co.uk/flashcards/edexcel-a/theme-2/?topic=2-3-2-short-run-aggregate-supply,200,,https://economicsacademy.co.uk/flashcards/edexcel-a/theme-2/?topic=2-3-2-short-run-aggregate-supply,https://economicsacademy.co.uk/flashcards/edexcel-a/theme-2/,False,,Edexcel A-Level Economics Theme 2 Flashcards,44,"Free interactive flashcards for Edexcel A-Level Economics Theme 2: macroeconomic indicators, aggregate demand and supply, growth and policy, with spaced repetition.",164,https://economicsacademy.co.uk/flashcards/edexcel-a/theme-2/,Edexcel A-Level Economics Theme 2 Flashcards,1,Edexcel A-Level Economics Theme 2 Flashcards,471,29,1,2,True,
https://economicsacademy.co.uk/flashcards/edexcel-a/theme-2/?topic=2-3-3-long-run-aggregate-supply,200,,https://economicsacademy.co.uk/flashcards/edexcel-a/theme-2/?topic=2-3-3-long-run-aggregate-supply,https://economicsacademy.co.uk/flashcards/edexcel-a/theme-2/,False,,Edexcel A-Level Economics Theme 2 Flashcards,44,"Free interactive flashcards for Edexcel A-Level Economics Theme 2: macroeconomic indicators, aggregate demand and supply, growth and policy, with spaced repetition.",164,https://economicsacademy.co.uk/flashcards/edexcel-a/theme-2/,Edexcel A-Level Economics Theme 2 Flashcards,1,Edexcel A-Level Economics Theme 2 Flashcards,471,29,1,2,True,
https://economicsacademy.co.uk/flashcards/edexcel-a/theme-2/?topic=2-4-1-national-income,200,,https://economicsacademy.co.uk/flashcards/edexcel-a/theme-2/?topic=2-4-1-national-income,https://economicsacademy.co.uk/flashcards/edexcel-a/theme-2/,False,,Edexcel A-Level Economics Theme 2 Flashcards,44,"Free interactive flashcards for Edexcel A-Level Economics Theme 2: macroeconomic indicators, aggregate demand and supply, growth and policy, with spaced repetition.",164,https://economicsacademy.co.uk/flashcards/edexcel-a/theme-2/,Edexcel A-Level Economics Theme 2 Flashcards,1,Edexcel A-Level Economics Theme 2 Flashcards,471,29,1,2,True,
https://economicsacademy.co.uk/flashcards/edexcel-a/theme-2/?topic=2-4-2-injections-withdrawals,200,,https://economicsacademy.co.uk/flashcards/edexcel-a/theme-2/?topic=2-4-2-injections-withdrawals,https://economicsacademy.co.uk/flashcards/edexcel-a/theme-2/,False,,Edexcel A-Level Economics Theme 2 Flashcards,44,"Free interactive flashcards for Edexcel A-Level Economics Theme 2: macroeconomic indicators, aggregate demand and supply, growth and policy, with spaced repetition.",164,https://economicsacademy.co.uk/flashcards/edexcel-a/theme-2/,Edexcel A-Level Economics Theme 2 Flashcards,1,Edexcel A-Level Economics Theme 2 Flashcards,471,29,1,2,True,
https://economicsacademy.co.uk/flashcards/edexcel-a/theme-2/?topic=2-4-3-equilibrium-levels-of-real-national-output,200,,https://economicsacademy.co.uk/flashcards/edexcel-a/theme-2/?topic=2-4-3-equilibrium-levels-of-real-national-output,https://economicsacademy.co.uk/flashcards/edexcel-a/theme-2/,False,,Edexcel A-Level Economics Theme 2 Flashcards,44,"Free interactive flashcards for Edexcel A-Level Economics Theme 2: macroeconomic indicators, aggregate demand and supply, growth and policy, with spaced repetition.",164,https://economicsacademy.co.uk/flashcards/edexcel-a/theme-2/,Edexcel A-Level Economics Theme 2 Flashcards,1,Edexcel A-Level Economics Theme 2 Flashcards,471,29,1,2,True,
https://economicsacademy.co.uk/flashcards/edexcel-a/theme-2/?topic=2-4-4-the-multiplier,200,,https://economicsacademy.co.uk/flashcards/edexcel-a/theme-2/?topic=2-4-4-the-multiplier,https://economicsacademy.co.uk/flashcards/edexcel-a/theme-2/,False,,Edexcel A-Level Economics Theme 2 Flashcards,44,"Free interactive flashcards for Edexcel A-Level Economics Theme 2: macroeconomic indicators, aggregate demand and supply, growth and policy, with spaced repetition.",164,https://economicsacademy.co.uk/flashcards/edexcel-a/theme-2/,Edexcel A-Level Economics Theme 2 Flashcards,1,Edexcel A-Level Economics Theme 2 Flashcards,471,29,1,2,True,
https://economicsacademy.co.uk/flashcards/edexcel-a/theme-2/?topic=2-5-1-causes-of-growth,200,,https://economicsacademy.co.uk/flashcards/edexcel-a/theme-2/?topic=2-5-1-causes-of-growth,https://economicsacademy.co.uk/flashcards/edexcel-a/theme-2/,False,,Edexcel A-Level Economics Theme 2 Flashcards,44,"Free interactive flashcards for Edexcel A-Level Economics Theme 2: macroeconomic indicators, aggregate demand and supply, growth and policy, with spaced repetition.",164,https://economicsacademy.co.uk/flashcards/edexcel-a/theme-2/,Edexcel A-Level Economics Theme 2 Flashcards,1,Edexcel A-Level Economics Theme 2 Flashcards,471,29,1,2,True,
https://economicsacademy.co.uk/flashcards/edexcel-a/theme-2/?topic=2-5-2-output-gaps,200,,https://economicsacademy.co.uk/flashcards/edexcel-a/theme-2/?topic=2-5-2-output-gaps,https://economicsacademy.co.uk/flashcards/edexcel-a/theme-2/,False,,Edexcel A-Level Economics Theme 2 Flashcards,44,"Free interactive flashcards for Edexcel A-Level Economics Theme 2: macroeconomic indicators, aggregate demand and supply, growth and policy, with spaced repetition.",164,https://economicsacademy.co.uk/flashcards/edexcel-a/theme-2/,Edexcel A-Level Economics Theme 2 Flashcards,1,Edexcel A-Level Economics Theme 2 Flashcards,471,29,1,2,True,
https://economicsacademy.co.uk/flashcards/edexcel-a/theme-2/?topic=2-5-3-trade-cycle,200,,https://economicsacademy.co.uk/flashcards/edexcel-a/theme-2/?topic=2-5-3-trade-cycle,https://economicsacademy.co.uk/flashcards/edexcel-a/theme-2/,False,,Edexcel A-Level Economics Theme 2 Flashcards,44,"Free interactive flashcards for Edexcel A-Level Economics Theme 2: macroeconomic indicators, aggregate demand and supply, growth and policy, with spaced repetition.",164,https://economicsacademy.co.uk/flashcards/edexcel-a/theme-2/,Edexcel A-Level Economics Theme 2 Flashcards,1,Edexcel A-Level Economics Theme 2 Flashcards,471,29,1,2,True,
https://economicsacademy.co.uk/flashcards/edexcel-a/theme-2/?topic=2-5-4-the-impact-of-economic-growth,200,,https://economicsacademy.co.uk/flashcards/edexcel-a/theme-2/?topic=2-5-4-the-impact-of-economic-growth,https://economicsacademy.co.uk/flashcards/edexcel-a/theme-2/,False,,Edexcel A-Level Economics Theme 2 Flashcards,44,"Free interactive flashcards for Edexcel A-Level Economics Theme 2: macroeconomic indicators, aggregate demand and supply, growth and policy, with spaced repetition.",164,https://economicsacademy.co.uk/flashcards/edexcel-a/theme-2/,Edexcel A-Level Economics Theme 2 Flashcards,1,Edexcel A-Level Economics Theme 2 Flashcards,471,29,1,2,True,
https://economicsacademy.co.uk/flashcards/edexcel-a/theme-2/?topic=2-6-1-possible-macroeconomic-objectives,200,,https://economicsacademy.co.uk/flashcards/edexcel-a/theme-2/?topic=2-6-1-possible-macroeconomic-objectives,https://economicsacademy.co.uk/flashcards/edexcel-a/theme-2/,False,,Edexcel A-Level Economics Theme 2 Flashcards,44,"Free interactive flashcards for Edexcel A-Level Economics Theme 2: macroeconomic indicators, aggregate demand and supply, growth and policy, with spaced repetition.",164,https://economicsacademy.co.uk/flashcards/edexcel-a/theme-2/,Edexcel A-Level Economics Theme 2 Flashcards,1,Edexcel A-Level Economics Theme 2 Flashcards,471,29,1,2,True,
https://economicsacademy.co.uk/flashcards/edexcel-a/theme-2/?topic=2-6-2-demand-side-policies,200,,https://economicsacademy.co.uk/flashcards/edexcel-a/theme-2/?topic=2-6-2-demand-side-policies,https://economicsacademy.co.uk/flashcards/edexcel-a/theme-2/,False,,Edexcel A-Level Economics Theme 2 Flashcards,44,"Free interactive flashcards for Edexcel A-Level Economics Theme 2: macroeconomic indicators, aggregate demand and supply, growth and policy, with spaced repetition.",164,https://economicsacademy.co.uk/flashcards/edexcel-a/theme-2/,Edexcel A-Level Economics Theme 2 Flashcards,1,Edexcel A-Level Economics Theme 2 Flashcards,471,29,1,2,True,
https://economicsacademy.co.uk/flashcards/edexcel-a/theme-2/?topic=2-6-3-supply-side-policies,200,,https://economicsacademy.co.uk/flashcards/edexcel-a/theme-2/?topic=2-6-3-supply-side-policies,https://economicsacademy.co.uk/flashcards/edexcel-a/theme-2/,False,,Edexcel A-Level Economics Theme 2 Flashcards,44,"Free interactive flashcards for Edexcel A-Level Economics Theme 2: macroeconomic indicators, aggregate demand and supply, growth and policy, with spaced repetition.",164,https://economicsacademy.co.uk/flashcards/edexcel-a/theme-2/,Edexcel A-Level Economics Theme 2 Flashcards,1,Edexcel A-Level Economics Theme 2 Flashcards,471,29,1,2,True,
https://economicsacademy.co.uk/flashcards/edexcel-a/theme-2/?topic=2-6-4-conflicts-between-objectives-and-policies,200,,https://economicsacademy.co.uk/flashcards/edexcel-a/theme-2/?topic=2-6-4-conflicts-between-objectives-and-policies,https://economicsacademy.co.uk/flashcards/edexcel-a/theme-2/,False,,Edexcel A-Level Economics Theme 2 Flashcards,44,"Free interactive flashcards for Edexcel A-Level Economics Theme 2: macroeconomic indicators, aggregate demand and supply, growth and policy, with spaced repetition.",164,https://economicsacademy.co.uk/flashcards/edexcel-a/theme-2/,Edexcel A-Level Economics Theme 2 Flashcards,1,Edexcel A-Level Economics Theme 2 Flashcards,471,29,1,2,True,
https://economicsacademy.co.uk/flashcards/edexcel-a/theme-3/,200,,https://economicsacademy.co.uk/flashcards/edexcel-a/theme-3/,https://economicsacademy.co.uk/flashcards/edexcel-a/theme-3/,True,,Edexcel A-Level Economics Theme 3 Flashcards,44,"Free interactive flashcards for Edexcel A-Level Economics Theme 3: business growth and objectives, revenues, costs and profits, market structures and the labour market, with spaced repetition.",192,https://economicsacademy.co.uk/flashcards/edexcel-a/theme-3/,Edexcel A-Level Economics Theme 3 Flashcards,1,Edexcel A-Level Economics Theme 3 Flashcards,466,25,1,2,True,
https://economicsacademy.co.uk/flashcards/edexcel-a/theme-3/?topic=3-1-1-sizes-types-of-firms,200,,https://economicsacademy.co.uk/flashcards/edexcel-a/theme-3/?topic=3-1-1-sizes-types-of-firms,https://economicsacademy.co.uk/flashcards/edexcel-a/theme-3/,False,,Edexcel A-Level Economics Theme 3 Flashcards,44,"Free interactive flashcards for Edexcel A-Level Economics Theme 3: business growth and objectives, revenues, costs and profits, market structures and the labour market, with spaced repetition.",192,https://economicsacademy.co.uk/flashcards/edexcel-a/theme-3/,Edexcel A-Level Economics Theme 3 Flashcards,1,Edexcel A-Level Economics Theme 3 Flashcards,466,25,1,2,True,
https://economicsacademy.co.uk/flashcards/edexcel-a/theme-3/?topic=3-1-2-business-growth,200,,https://economicsacademy.co.uk/flashcards/edexcel-a/theme-3/?topic=3-1-2-business-growth,https://economicsacademy.co.uk/flashcards/edexcel-a/theme-3/,False,,Edexcel A-Level Economics Theme 3 Flashcards,44,"Free interactive flashcards for Edexcel A-Level Economics Theme 3: business growth and objectives, revenues, costs and profits, market structures and the labour market, with spaced repetition.",192,https://economicsacademy.co.uk/flashcards/edexcel-a/theme-3/,Edexcel A-Level Economics Theme 3 Flashcards,1,Edexcel A-Level Economics Theme 3 Flashcards,466,25,1,2,True,
https://economicsacademy.co.uk/flashcards/edexcel-a/theme-3/?topic=3-1-3-demergers,200,,https://economicsacademy.co.uk/flashcards/edexcel-a/theme-3/?topic=3-1-3-demergers,https://economicsacademy.co.uk/flashcards/edexcel-a/theme-3/,False,,Edexcel A-Level Economics Theme 3 Flashcards,44,"Free interactive flashcards for Edexcel A-Level Economics Theme 3: business growth and objectives, revenues, costs and profits, market structures and the labour market, with spaced repetition.",192,https://economicsacademy.co.uk/flashcards/edexcel-a/theme-3/,Edexcel A-Level Economics Theme 3 Flashcards,1,Edexcel A-Level Economics Theme 3 Flashcards,466,25,1,2,True,
https://economicsacademy.co.uk/flashcards/edexcel-a/theme-3/?topic=3-2-1-business-objectives,200,,https://economicsacademy.co.uk/flashcards/edexcel-a/theme-3/?topic=3-2-1-business-objectives,https://economicsacademy.co.uk/flashcards/edexcel-a/theme-3/,False,,Edexcel A-Level Economics Theme 3 Flashcards,44,"Free interactive flashcards for Edexcel A-Level Economics Theme 3: business growth and objectives, revenues, costs and profits, market structures and the labour market, with spaced repetition.",192,https://economicsacademy.co.uk/flashcards/edexcel-a/theme-3/,Edexcel A-Level Economics Theme 3 Flashcards,1,Edexcel A-Level Economics Theme 3 Flashcards,466,25,1,2,True,
https://economicsacademy.co.uk/flashcards/edexcel-a/theme-3/?topic=3-3-1-revenue,200,,https://economicsacademy.co.uk/flashcards/edexcel-a/theme-3/?topic=3-3-1-revenue,https://economicsacademy.co.uk/flashcards/edexcel-a/theme-3/,False,,Edexcel A-Level Economics Theme 3 Flashcards,44,"Free interactive flashcards for Edexcel A-Level Economics Theme 3: business growth and objectives, revenues, costs and profits, market structures and the labour market, with spaced repetition.",192,https://economicsacademy.co.uk/flashcards/edexcel-a/theme-3/,Edexcel A-Level Economics Theme 3 Flashcards,1,Edexcel A-Level Economics Theme 3 Flashcards,466,25,1,2,True,
https://economicsacademy.co.uk/flashcards/edexcel-a/theme-3/?topic=3-3-2-costs,200,,https://economicsacademy.co.uk/flashcards/edexcel-a/theme-3/?topic=3-3-2-costs,https://economicsacademy.co.uk/flashcards/edexcel-a/theme-3/,False,,Edexcel A-Level Economics Theme 3 Flashcards,44,"Free interactive flashcards for Edexcel A-Level Economics Theme 3: business growth and objectives, revenues, costs and profits, market structures and the labour market, with spaced repetition.",192,https://economicsacademy.co.uk/flashcards/edexcel-a/theme-3/,Edexcel A-Level Economics Theme 3 Flashcards,1,Edexcel A-Level Economics Theme 3 Flashcards,466,25,1,2,True,
https://economicsacademy.co.uk/flashcards/edexcel-a/theme-3/?topic=3-3-3-economies-diseconomies-of-scale,200,,https://economicsacademy.co.uk/flashcards/edexcel-a/theme-3/?topic=3-3-3-economies-diseconomies-of-scale,https://economicsacademy.co.uk/flashcards/edexcel-a/theme-3/,False,,Edexcel A-Level Economics Theme 3 Flashcards,44,"Free interactive flashcards for Edexcel A-Level Economics Theme 3: business growth and objectives, revenues, costs and profits, market structures and the labour market, with spaced repetition.",192,https://economicsacademy.co.uk/flashcards/edexcel-a/theme-3/,Edexcel A-Level Economics Theme 3 Flashcards,1,Edexcel A-Level Economics Theme 3 Flashcards,466,25,1,2,True,
https://economicsacademy.co.uk/flashcards/edexcel-a/theme-3/?topic=3-3-4-normal-profits-supernormal-profits-losses,200,,https://economicsacademy.co.uk/flashcards/edexcel-a/theme-3/?topic=3-3-4-normal-profits-supernormal-profits-losses,https://economicsacademy.co.uk/flashcards/edexcel-a/theme-3/,False,,Edexcel A-Level Economics Theme 3 Flashcards,44,"Free interactive flashcards for Edexcel A-Level Economics Theme 3: business growth and objectives, revenues, costs and profits, market structures and the labour market, with spaced repetition.",192,https://economicsacademy.co.uk/flashcards/edexcel-a/theme-3/,Edexcel A-Level Economics Theme 3 Flashcards,1,Edexcel A-Level Economics Theme 3 Flashcards,466,25,1,2,True,
https://economicsacademy.co.uk/flashcards/edexcel-a/theme-3/?topic=3-4-1-efficiency,200,,https://economicsacademy.co.uk/flashcards/edexcel-a/theme-3/?topic=3-4-1-efficiency,https://economicsacademy.co.uk/flashcards/edexcel-a/theme-3/,False,,Edexcel A-Level Economics Theme 3 Flashcards,44,"Free interactive flashcards for Edexcel A-Level Economics Theme 3: business growth and objectives, revenues, costs and profits, market structures and the labour market, with spaced repetition.",192,https://economicsacademy.co.uk/flashcards/edexcel-a/theme-3/,Edexcel A-Level Economics Theme 3 Flashcards,1,Edexcel A-Level Economics Theme 3 Flashcards,466,25,1,2,True,
https://economicsacademy.co.uk/flashcards/edexcel-a/theme-3/?topic=3-4-2-perfect-competition,200,,https://economicsacademy.co.uk/flashcards/edexcel-a/theme-3/?topic=3-4-2-perfect-competition,https://economicsacademy.co.uk/flashcards/edexcel-a/theme-3/,False,,Edexcel A-Level Economics Theme 3 Flashcards,44,"Free interactive flashcards for Edexcel A-Level Economics Theme 3: business growth and objectives, revenues, costs and profits, market structures and the labour market, with spaced repetition.",192,https://economicsacademy.co.uk/flashcards/edexcel-a/theme-3/,Edexcel A-Level Economics Theme 3 Flashcards,1,Edexcel A-Level Economics Theme 3 Flashcards,466,25,1,2,True,
https://economicsacademy.co.uk/flashcards/edexcel-a/theme-3/?topic=3-4-3-monopolistic-competition,200,,https://economicsacademy.co.uk/flashcards/edexcel-a/theme-3/?topic=3-4-3-monopolistic-competition,https://economicsacademy.co.uk/flashcards/edexcel-a/theme-3/,False,,Edexcel A-Level Economics Theme 3 Flashcards,44,"Free interactive flashcards for Edexcel A-Level Economics Theme 3: business growth and objectives, revenues, costs and profits, market structures and the labour market, with spaced repetition.",192,https://economicsacademy.co.uk/flashcards/edexcel-a/theme-3/,Edexcel A-Level Economics Theme 3 Flashcards,1,Edexcel A-Level Economics Theme 3 Flashcards,466,25,1,2,True,
https://economicsacademy.co.uk/flashcards/edexcel-a/theme-3/?topic=3-4-4-oligopoly,200,,https://economicsacademy.co.uk/flashcards/edexcel-a/theme-3/?topic=3-4-4-oligopoly,https://economicsacademy.co.uk/flashcards/edexcel-a/theme-3/,False,,Edexcel A-Level Economics Theme 3 Flashcards,44,"Free interactive flashcards for Edexcel A-Level Economics Theme 3: business growth and objectives, revenues, costs and profits, market structures and the labour market, with spaced repetition.",192,https://economicsacademy.co.uk/flashcards/edexcel-a/theme-3/,Edexcel A-Level Economics Theme 3 Flashcards,1,Edexcel A-Level Economics Theme 3 Flashcards,466,25,1,2,True,
https://economicsacademy.co.uk/flashcards/edexcel-a/theme-3/?topic=3-4-5-monopoly,200,,https://economicsacademy.co.uk/flashcards/edexcel-a/theme-3/?topic=3-4-5-monopoly,https://economicsacademy.co.uk/flashcards/edexcel-a/theme-3/,False,,Edexcel A-Level Economics Theme 3 Flashcards,44,"Free interactive flashcards for Edexcel A-Level Economics Theme 3: business growth and objectives, revenues, costs and profits, market structures and the labour market, with spaced repetition.",192,https://economicsacademy.co.uk/flashcards/edexcel-a/theme-3/,Edexcel A-Level Economics Theme 3 Flashcards,1,Edexcel A-Level Economics Theme 3 Flashcards,466,25,1,2,True,
https://economicsacademy.co.uk/flashcards/edexcel-a/theme-3/?topic=3-4-6-monopsony,200,,https://economicsacademy.co.uk/flashcards/edexcel-a/theme-3/?topic=3-4-6-monopsony,https://economicsacademy.co.uk/flashcards/edexcel-a/theme-3/,False,,Edexcel A-Level Economics Theme 3 Flashcards,44,"Free interactive flashcards for Edexcel A-Level Economics Theme 3: business growth and objectives, revenues, costs and profits, market structures and the labour market, with spaced repetition.",192,https://economicsacademy.co.uk/flashcards/edexcel-a/theme-3/,Edexcel A-Level Economics Theme 3 Flashcards,1,Edexcel A-Level Economics Theme 3 Flashcards,466,25,1,2,True,
https://economicsacademy.co.uk/flashcards/edexcel-a/theme-3/?topic=3-4-7-contestability,200,,https://economicsacademy.co.uk/flashcards/edexcel-a/theme-3/?topic=3-4-7-contestability,https://economicsacademy.co.uk/flashcards/edexcel-a/theme-3/,False,,Edexcel A-Level Economics Theme 3 Flashcards,44,"Free interactive flashcards for Edexcel A-Level Economics Theme 3: business growth and objectives, revenues, costs and profits, market structures and the labour market, with spaced repetition.",192,https://economicsacademy.co.uk/flashcards/edexcel-a/theme-3/,Edexcel A-Level Economics Theme 3 Flashcards,1,Edexcel A-Level Economics Theme 3 Flashcards,466,25,1,2,True,
https://economicsacademy.co.uk/flashcards/edexcel-a/theme-3/?topic=3-5-1-demand-for-labour,200,,https://economicsacademy.co.uk/flashcards/edexcel-a/theme-3/?topic=3-5-1-demand-for-labour,https://economicsacademy.co.uk/flashcards/edexcel-a/theme-3/,False,,Edexcel A-Level Economics Theme 3 Flashcards,44,"Free interactive flashcards for Edexcel A-Level Economics Theme 3: business growth and objectives, revenues, costs and profits, market structures and the labour market, with spaced repetition.",192,https://economicsacademy.co.uk/flashcards/edexcel-a/theme-3/,Edexcel A-Level Economics Theme 3 Flashcards,1,Edexcel A-Level Economics Theme 3 Flashcards,466,25,1,2,True,
https://economicsacademy.co.uk/flashcards/edexcel-a/theme-3/?topic=3-5-2-supply-of-labour,200,,https://economicsacademy.co.uk/flashcards/edexcel-a/theme-3/?topic=3-5-2-supply-of-labour,https://economicsacademy.co.uk/flashcards/edexcel-a/theme-3/,False,,Edexcel A-Level Economics Theme 3 Flashcards,44,"Free interactive flashcards for Edexcel A-Level Economics Theme 3: business growth and objectives, revenues, costs and profits, market structures and the labour market, with spaced repetition.",192,https://economicsacademy.co.uk/flashcards/edexcel-a/theme-3/,Edexcel A-Level Economics Theme 3 Flashcards,1,Edexcel A-Level Economics Theme 3 Flashcards,466,25,1,2,True,
https://economicsacademy.co.uk/flashcards/edexcel-a/theme-3/?topic=3-5-3-wage-determination,200,,https://economicsacademy.co.uk/flashcards/edexcel-a/theme-3/?topic=3-5-3-wage-determination,https://economicsacademy.co.uk/flashcards/edexcel-a/theme-3/,False,,Edexcel A-Level Economics Theme 3 Flashcards,44,"Free interactive flashcards for Edexcel A-Level Economics Theme 3: business growth and objectives, revenues, costs and profits, market structures and the labour market, with spaced repetition.",192,https://economicsacademy.co.uk/flashcards/edexcel-a/theme-3/,Edexcel A-Level Economics Theme 3 Flashcards,1,Edexcel A-Level Economics Theme 3 Flashcards,466,25,1,2,True,
https://economicsacademy.co.uk/flashcards/edexcel-a/theme-3/?topic=3-6-1-government-intervention,200,,https://economicsacademy.co.uk/flashcards/edexcel-a/theme-3/?topic=3-6-1-government-intervention,https://economicsacademy.co.uk/flashcards/edexcel-a/theme-3/,False,,Edexcel A-Level Economics Theme 3 Flashcards,44,"Free interactive flashcards for Edexcel A-Level Economics Theme 3: business growth and objectives, revenues, costs and profits, market structures and the labour market, with spaced repetition.",192,https://economicsacademy.co.uk/flashcards/edexcel-a/theme-3/,Edexcel A-Level Economics Theme 3 Flashcards,1,Edexcel A-Level Economics Theme 3 Flashcards,466,25,1,2,True,
https://economicsacademy.co.uk/flashcards/edexcel-a/theme-3/?topic=3-6-2-the-impact-of-government-intervention,200,,https://economicsacademy.co.uk/flashcards/edexcel-a/theme-3/?topic=3-6-2-the-impact-of-government-intervention,https://economicsacademy.co.uk/flashcards/edexcel-a/theme-3/,False,,Edexcel A-Level Economics Theme 3 Flashcards,44,"Free interactive flashcards for Edexcel A-Level Economics Theme 3: business growth and objectives, revenues, costs and profits, market structures and the labour market, with spaced repetition.",192,https://economicsacademy.co.uk/flashcards/edexcel-a/theme-3/,Edexcel A-Level Economics Theme 3 Flashcards,1,Edexcel A-Level Economics Theme 3 Flashcards,466,25,1,2,True,
https://economicsacademy.co.uk/flashcards/edexcel-a/theme-4/,200,,https://economicsacademy.co.uk/flashcards/edexcel-a/theme-4/,https://economicsacademy.co.uk/flashcards/edexcel-a/theme-4/,True,,Edexcel A-Level Economics Theme 4 Flashcards,44,"Free interactive flashcards for Edexcel A-Level Economics Theme 4: globalisation, trade, poverty and inequality, emerging economies, the financial sector and the role of the state, with spaced repetition.",204,https://economicsacademy.co.uk/flashcards/edexcel-a/theme-4/,Edexcel A-Level Economics Theme 4 Flashcards,1,Edexcel A-Level Economics Theme 4 Flashcards,513,26,1,2,True,
https://economicsacademy.co.uk/flashcards/edexcel-a/theme-4/?topic=4-1-1-globalisation,200,,https://economicsacademy.co.uk/flashcards/edexcel-a/theme-4/?topic=4-1-1-globalisation,https://economicsacademy.co.uk/flashcards/edexcel-a/theme-4/,False,,Edexcel A-Level Economics Theme 4 Flashcards,44,"Free interactive flashcards for Edexcel A-Level Economics Theme 4: globalisation, trade, poverty and inequality, emerging economies, the financial sector and the role of the state, with spaced repetition.",204,https://economicsacademy.co.uk/flashcards/edexcel-a/theme-4/,Edexcel A-Level Economics Theme 4 Flashcards,1,Edexcel A-Level Economics Theme 4 Flashcards,513,26,1,2,True,
https://economicsacademy.co.uk/flashcards/edexcel-a/theme-4/?topic=4-1-2-specialisation-trade,200,,https://economicsacademy.co.uk/flashcards/edexcel-a/theme-4/?topic=4-1-2-specialisation-trade,https://economicsacademy.co.uk/flashcards/edexcel-a/theme-4/,False,,Edexcel A-Level Economics Theme 4 Flashcards,44,"Free interactive flashcards for Edexcel A-Level Economics Theme 4: globalisation, trade, poverty and inequality, emerging economies, the financial sector and the role of the state, with spaced repetition.",204,https://economicsacademy.co.uk/flashcards/edexcel-a/theme-4/,Edexcel A-Level Economics Theme 4 Flashcards,1,Edexcel A-Level Economics Theme 4 Flashcards,513,26,1,2,True,
https://economicsacademy.co.uk/flashcards/edexcel-a/theme-4/?topic=4-1-3-pattern-of-trade,200,,https://economicsacademy.co.uk/flashcards/edexcel-a/theme-4/?topic=4-1-3-pattern-of-trade,https://economicsacademy.co.uk/flashcards/edexcel-a/theme-4/,False,,Edexcel A-Level Economics Theme 4 Flashcards,44,"Free interactive flashcards for Edexcel A-Level Economics Theme 4: globalisation, trade, poverty and inequality, emerging economies, the financial sector and the role of the state, with spaced repetition.",204,https://economicsacademy.co.uk/flashcards/edexcel-a/theme-4/,Edexcel A-Level Economics Theme 4 Flashcards,1,Edexcel A-Level Economics Theme 4 Flashcards,513,26,1,2,True,
https://economicsacademy.co.uk/flashcards/edexcel-a/theme-4/?topic=4-1-4-terms-of-trade,200,,https://economicsacademy.co.uk/flashcards/edexcel-a/theme-4/?topic=4-1-4-terms-of-trade,https://economicsacademy.co.uk/flashcards/edexcel-a/theme-4/,False,,Edexcel A-Level Economics Theme 4 Flashcards,44,"Free interactive flashcards for Edexcel A-Level Economics Theme 4: globalisation, trade, poverty and inequality, emerging economies, the financial sector and the role of the state, with spaced repetition.",204,https://economicsacademy.co.uk/flashcards/edexcel-a/theme-4/,Edexcel A-Level Economics Theme 4 Flashcards,1,Edexcel A-Level Economics Theme 4 Flashcards,513,26,1,2,True,
https://economicsacademy.co.uk/flashcards/edexcel-a/theme-4/?topic=4-1-5-trading-blocs-and-the-world-trade-organisation,200,,https://economicsacademy.co.uk/flashcards/edexcel-a/theme-4/?topic=4-1-5-trading-blocs-and-the-world-trade-organisation,https://economicsacademy.co.uk/flashcards/edexcel-a/theme-4/,False,,Edexcel A-Level Economics Theme 4 Flashcards,44,"Free interactive flashcards for Edexcel A-Level Economics Theme 4: globalisation, trade, poverty and inequality, emerging economies, the financial sector and the role of the state, with spaced repetition.",204,https://economicsacademy.co.uk/flashcards/edexcel-a/theme-4/,Edexcel A-Level Economics Theme 4 Flashcards,1,Edexcel A-Level Economics Theme 4 Flashcards,513,26,1,2,True,
https://economicsacademy.co.uk/flashcards/edexcel-a/theme-4/?topic=4-1-6-restrictions-on-free-trade,200,,https://economicsacademy.co.uk/flashcards/edexcel-a/theme-4/?topic=4-1-6-restrictions-on-free-trade,https://economicsacademy.co.uk/flashcards/edexcel-a/theme-4/,False,,Edexcel A-Level Economics Theme 4 Flashcards,44,"Free interactive flashcards for Edexcel A-Level Economics Theme 4: globalisation, trade, poverty and inequality, emerging economies, the financial sector and the role of the state, with spaced repetition.",204,https://economicsacademy.co.uk/flashcards/edexcel-a/theme-4/,Edexcel A-Level Economics Theme 4 Flashcards,1,Edexcel A-Level Economics Theme 4 Flashcards,513,26,1,2,True,
https://economicsacademy.co.uk/flashcards/edexcel-a/theme-4/?topic=4-1-7-balance-of-payments,200,,https://economicsacademy.co.uk/flashcards/edexcel-a/theme-4/?topic=4-1-7-balance-of-payments,https://economicsacademy.co.uk/flashcards/edexcel-a/theme-4/,False,,Edexcel A-Level Economics Theme 4 Flashcards,44,"Free interactive flashcards for Edexcel A-Level Economics Theme 4: globalisation, trade, poverty and inequality, emerging economies, the financial sector and the role of the state, with spaced repetition.",204,https://economicsacademy.co.uk/flashcards/edexcel-a/theme-4/,Edexcel A-Level Economics Theme 4 Flashcards,1,Edexcel A-Level Economics Theme 4 Flashcards,513,26,1,2,True,
https://economicsacademy.co.uk/flashcards/edexcel-a/theme-4/?topic=4-1-8-exchange-rates,200,,https://economicsacademy.co.uk/flashcards/edexcel-a/theme-4/?topic=4-1-8-exchange-rates,https://economicsacademy.co.uk/flashcards/edexcel-a/theme-4/,False,,Edexcel A-Level Economics Theme 4 Flashcards,44,"Free interactive flashcards for Edexcel A-Level Economics Theme 4: globalisation, trade, poverty and inequality, emerging economies, the financial sector and the role of the state, with spaced repetition.",204,https://economicsacademy.co.uk/flashcards/edexcel-a/theme-4/,Edexcel A-Level Economics Theme 4 Flashcards,1,Edexcel A-Level Economics Theme 4 Flashcards,513,26,1,2,True,
https://economicsacademy.co.uk/flashcards/edexcel-a/theme-4/?topic=4-1-9-international-competitiveness,200,,https://economicsacademy.co.uk/flashcards/edexcel-a/theme-4/?topic=4-1-9-international-competitiveness,https://economicsacademy.co.uk/flashcards/edexcel-a/theme-4/,False,,Edexcel A-Level Economics Theme 4 Flashcards,44,"Free interactive flashcards for Edexcel A-Level Economics Theme 4: globalisation, trade, poverty and inequality, emerging economies, the financial sector and the role of the state, with spaced repetition.",204,https://economicsacademy.co.uk/flashcards/edexcel-a/theme-4/,Edexcel A-Level Economics Theme 4 Flashcards,1,Edexcel A-Level Economics Theme 4 Flashcards,513,26,1,2,True,
https://economicsacademy.co.uk/flashcards/edexcel-a/theme-4/?topic=4-2-1-absolute-relative-poverty,200,,https://economicsacademy.co.uk/flashcards/edexcel-a/theme-4/?topic=4-2-1-absolute-relative-poverty,https://economicsacademy.co.uk/flashcards/edexcel-a/theme-4/,False,,Edexcel A-Level Economics Theme 4 Flashcards,44,"Free interactive flashcards for Edexcel A-Level Economics Theme 4: globalisation, trade, poverty and inequality, emerging economies, the financial sector and the role of the state, with spaced repetition.",204,https://economicsacademy.co.uk/flashcards/edexcel-a/theme-4/,Edexcel A-Level Economics Theme 4 Flashcards,1,Edexcel A-Level Economics Theme 4 Flashcards,513,26,1,2,True,
https://economicsacademy.co.uk/flashcards/edexcel-a/theme-4/?topic=4-2-2-inequality,200,,https://economicsacademy.co.uk/flashcards/edexcel-a/theme-4/?topic=4-2-2-inequality,https://economicsacademy.co.uk/flashcards/edexcel-a/theme-4/,False,,Edexcel A-Level Economics Theme 4 Flashcards,44,"Free interactive flashcards for Edexcel A-Level Economics Theme 4: globalisation, trade, poverty and inequality, emerging economies, the financial sector and the role of the state, with spaced repetition.",204,https://economicsacademy.co.uk/flashcards/edexcel-a/theme-4/,Edexcel A-Level Economics Theme 4 Flashcards,1,Edexcel A-Level Economics Theme 4 Flashcards,513,26,1,2,True,
https://economicsacademy.co.uk/flashcards/edexcel-a/theme-4/?topic=4-3-1-measures-of-development,200,,https://economicsacademy.co.uk/flashcards/edexcel-a/theme-4/?topic=4-3-1-measures-of-development,https://economicsacademy.co.uk/flashcards/edexcel-a/theme-4/,False,,Edexcel A-Level Economics Theme 4 Flashcards,44,"Free interactive flashcards for Edexcel A-Level Economics Theme 4: globalisation, trade, poverty and inequality, emerging economies, the financial sector and the role of the state, with spaced repetition.",204,https://economicsacademy.co.uk/flashcards/edexcel-a/theme-4/,Edexcel A-Level Economics Theme 4 Flashcards,1,Edexcel A-Level Economics Theme 4 Flashcards,513,26,1,2,True,
https://economicsacademy.co.uk/flashcards/edexcel-a/theme-4/?topic=4-3-2-factors-influencing-growth-development,200,,https://economicsacademy.co.uk/flashcards/edexcel-a/theme-4/?topic=4-3-2-factors-influencing-growth-development,https://economicsacademy.co.uk/flashcards/edexcel-a/theme-4/,False,,Edexcel A-Level Economics Theme 4 Flashcards,44,"Free interactive flashcards for Edexcel A-Level Economics Theme 4: globalisation, trade, poverty and inequality, emerging economies, the financial sector and the role of the state, with spaced repetition.",204,https://economicsacademy.co.uk/flashcards/edexcel-a/theme-4/,Edexcel A-Level Economics Theme 4 Flashcards,1,Edexcel A-Level Economics Theme 4 Flashcards,513,26,1,2,True,
https://economicsacademy.co.uk/flashcards/edexcel-a/theme-4/?topic=4-3-3-strategies-influencing-growth-development,200,,https://economicsacademy.co.uk/flashcards/edexcel-a/theme-4/?topic=4-3-3-strategies-influencing-growth-development,https://economicsacademy.co.uk/flashcards/edexcel-a/theme-4/,False,,Edexcel A-Level Economics Theme 4 Flashcards,44,"Free interactive flashcards for Edexcel A-Level Economics Theme 4: globalisation, trade, poverty and inequality, emerging economies, the financial sector and the role of the state, with spaced repetition.",204,https://economicsacademy.co.uk/flashcards/edexcel-a/theme-4/,Edexcel A-Level Economics Theme 4 Flashcards,1,Edexcel A-Level Economics Theme 4 Flashcards,513,26,1,2,True,
https://economicsacademy.co.uk/flashcards/edexcel-a/theme-4/?topic=4-4-1-role-of-financial-markets,200,,https://economicsacademy.co.uk/flashcards/edexcel-a/theme-4/?topic=4-4-1-role-of-financial-markets,https://economicsacademy.co.uk/flashcards/edexcel-a/theme-4/,False,,Edexcel A-Level Economics Theme 4 Flashcards,44,"Free interactive flashcards for Edexcel A-Level Economics Theme 4: globalisation, trade, poverty and inequality, emerging economies, the financial sector and the role of the state, with spaced repetition.",204,https://economicsacademy.co.uk/flashcards/edexcel-a/theme-4/,Edexcel A-Level Economics Theme 4 Flashcards,1,Edexcel A-Level Economics Theme 4 Flashcards,513,26,1,2,True,
https://economicsacademy.co.uk/flashcards/edexcel-a/theme-4/?topic=4-4-2-market-failure-in-the-financial-sector,200,,https://economicsacademy.co.uk/flashcards/edexcel-a/theme-4/?topic=4-4-2-market-failure-in-the-financial-sector,https://economicsacademy.co.uk/flashcards/edexcel-a/theme-4/,False,,Edexcel A-Level Economics Theme 4 Flashcards,44,"Free interactive flashcards for Edexcel A-Level Economics Theme 4: globalisation, trade, poverty and inequality, emerging economies, the financial sector and the role of the state, with spaced repetition.",204,https://economicsacademy.co.uk/flashcards/edexcel-a/theme-4/,Edexcel A-Level Economics Theme 4 Flashcards,1,Edexcel A-Level Economics Theme 4 Flashcards,513,26,1,2,True,
https://economicsacademy.co.uk/flashcards/edexcel-a/theme-4/?topic=4-4-3-role-of-central-banks,200,,https://economicsacademy.co.uk/flashcards/edexcel-a/theme-4/?topic=4-4-3-role-of-central-banks,https://economicsacademy.co.uk/flashcards/edexcel-a/theme-4/,False,,Edexcel A-Level Economics Theme 4 Flashcards,44,"Free interactive flashcards for Edexcel A-Level Economics Theme 4: globalisation, trade, poverty and inequality, emerging economies, the financial sector and the role of the state, with spaced repetition.",204,https://economicsacademy.co.uk/flashcards/edexcel-a/theme-4/,Edexcel A-Level Economics Theme 4 Flashcards,1,Edexcel A-Level Economics Theme 4 Flashcards,513,26,1,2,True,
https://economicsacademy.co.uk/flashcards/edexcel-a/theme-4/?topic=4-5-1-public-expenditure,200,,https://economicsacademy.co.uk/flashcards/edexcel-a/theme-4/?topic=4-5-1-public-expenditure,https://economicsacademy.co.uk/flashcards/edexcel-a/theme-4/,False,,Edexcel A-Level Economics Theme 4 Flashcards,44,"Free interactive flashcards for Edexcel A-Level Economics Theme 4: globalisation, trade, poverty and inequality, emerging economies, the financial sector and the role of the state, with spaced repetition.",204,https://economicsacademy.co.uk/flashcards/edexcel-a/theme-4/,Edexcel A-Level Economics Theme 4 Flashcards,1,Edexcel A-Level Economics Theme 4 Flashcards,513,26,1,2,True,
https://economicsacademy.co.uk/flashcards/edexcel-a/theme-4/?topic=4-5-2-taxation,200,,https://economicsacademy.co.uk/flashcards/edexcel-a/theme-4/?topic=4-5-2-taxation,https://economicsacademy.co.uk/flashcards/edexcel-a/theme-4/,False,,Edexcel A-Level Economics Theme 4 Flashcards,44,"Free interactive flashcards for Edexcel A-Level Economics Theme 4: globalisation, trade, poverty and inequality, emerging economies, the financial sector and the role of the state, with spaced repetition.",204,https://economicsacademy.co.uk/flashcards/edexcel-a/theme-4/,Edexcel A-Level Economics Theme 4 Flashcards,1,Edexcel A-Level Economics Theme 4 Flashcards,513,26,1,2,True,
https://economicsacademy.co.uk/flashcards/edexcel-a/theme-4/?topic=4-5-3-public-sector-finances,200,,https://economicsacademy.co.uk/flashcards/edexcel-a/theme-4/?topic=4-5-3-public-sector-finances,https://economicsacademy.co.uk/flashcards/edexcel-a/theme-4/,False,,Edexcel A-Level Economics Theme 4 Flashcards,44,"Free interactive flashcards for Edexcel A-Level Economics Theme 4: globalisation, trade, poverty and inequality, emerging economies, the financial sector and the role of the state, with spaced repetition.",204,https://economicsacademy.co.uk/flashcards/edexcel-a/theme-4/,Edexcel A-Level Economics Theme 4 Flashcards,1,Edexcel A-Level Economics Theme 4 Flashcards,513,26,1,2,True,
https://economicsacademy.co.uk/flashcards/edexcel-a/theme-4/?topic=4-5-4-macroeconomic-policies-in-a-global-context,200,,https://economicsacademy.co.uk/flashcards/edexcel-a/theme-4/?topic=4-5-4-macroeconomic-policies-in-a-global-context,https://economicsacademy.co.uk/flashcards/edexcel-a/theme-4/,False,,Edexcel A-Level Economics Theme 4 Flashcards,44,"Free interactive flashcards for Edexcel A-Level Economics Theme 4: globalisation, trade, poverty and inequality, emerging economies, the financial sector and the role of the state, with spaced repetition.",204,https://economicsacademy.co.uk/flashcards/edexcel-a/theme-4/,Edexcel A-Level Economics Theme 4 Flashcards,1,Edexcel A-Level Economics Theme 4 Flashcards,513,26,1,2,True,
https://economicsacademy.co.uk/index.html,200,,https://economicsacademy.co.uk/index.html,https://economicsacademy.co.uk/,False,,"Free A-Level Economics Revision Notes & Tutoring | Edexcel, AQA & OCR | Economics Academy",89,"Free A-Level Economics revision notes and past papers for Edexcel, AQA, and OCR — plus expert 1-on-1 tutoring and paper marking from a First-Class Economics graduate with 6 years' experience.",191,https://economicsacademy.co.uk/,"Free A-Level Economics Revision Notes & Tutoring | Edexcel, AQA & OCR | Economics Academy",1,"A-Level Economics Revision Notes, Past Papers & Expert Tuition",135,8,163,1,True,
https://economicsacademy.co.uk/marking.html,200,,https://economicsacademy.co.uk/marking.html,https://economicsacademy.co.uk/marking.html,True,,A-Level Economics Marking Service | Expert Feedback | Economics Academy,71,"Get expert marking on your A-Level Economics practice papers and essays. Detailed KAEA feedback from a First-Class Economics graduate, returned within 48 hours. Edexcel, AQA & OCR.",180,https://economicsacademy.co.uk/marking.html,A-Level Economics Marking Service | Expert Feedback | Economics Academy,1,A-Level Economics Marking Service,547,3,349,1,True,
https://economicsacademy.co.uk/past-paper-questions/,200,,https://economicsacademy.co.uk/past-paper-questions/,https://economicsacademy.co.uk/past-paper-questions/,True,,Edexcel A-Level Economics Past Paper Questions | Economics Academy,66,"Search every Edexcel A-Level Economics (9EC0) Section B and Section C past paper question from 2017 to 2024. Filter by topic, paper, year and marks, with a direct link to the right page of each mark scheme.",206,https://economicsacademy.co.uk/past-paper-questions/,Edexcel A-Level Economics Past Paper Questions | Economics Academy,1,A-Level Economics Past Paper Questions,284,13,99,2,True,
https://economicsacademy.co.uk/past-paper-questions/?board=aqa&topic=1-1-4-scarcity-choice-and-the-allocation-of-resources,200,,https://economicsacademy.co.uk/past-paper-questions/?board=aqa&topic=1-1-4-scarcity-choice-and-the-allocation-of-resources,https://economicsacademy.co.uk/past-paper-questions/,False,,Edexcel A-Level Economics Past Paper Questions | Economics Academy,66,"Search every Edexcel A-Level Economics (9EC0) Section B and Section C past paper question from 2017 to 2024. Filter by topic, paper, year and marks, with a direct link to the right page of each mark scheme.",206,https://economicsacademy.co.uk/past-paper-questions/,Edexcel A-Level Economics Past Paper Questions | Economics Academy,1,A-Level Economics Past Paper Questions,284,13,1,2,True,
https://economicsacademy.co.uk/past-paper-questions/?board=aqa&topic=1-1-5-production-possibility-diagrams,200,,https://economicsacademy.co.uk/past-paper-questions/?board=aqa&topic=1-1-5-production-possibility-diagrams,https://economicsacademy.co.uk/past-paper-questions/,False,,Edexcel A-Level Economics Past Paper Questions | Economics Academy,66,"Search every Edexcel A-Level Economics (9EC0) Section B and Section C past paper question from 2017 to 2024. Filter by topic, paper, year and marks, with a direct link to the right page of each mark scheme.",206,https://economicsacademy.co.uk/past-paper-questions/,Edexcel A-Level Economics Past Paper Questions | Economics Academy,1,A-Level Economics Past Paper Questions,284,13,1,2,True,
https://economicsacademy.co.uk/past-paper-questions/?board=aqa&topic=1-2-1-consumer-behaviour,200,,https://economicsacademy.co.uk/past-paper-questions/?board=aqa&topic=1-2-1-consumer-behaviour,https://economicsacademy.co.uk/past-paper-questions/,False,,Edexcel A-Level Economics Past Paper Questions | Economics Academy,66,"Search every Edexcel A-Level Economics (9EC0) Section B and Section C past paper question from 2017 to 2024. Filter by topic, paper, year and marks, with a direct link to the right page of each mark scheme.",206,https://economicsacademy.co.uk/past-paper-questions/,Edexcel A-Level Economics Past Paper Questions | Economics Academy,1,A-Level Economics Past Paper Questions,284,13,1,2,True,
https://economicsacademy.co.uk/past-paper-questions/?board=aqa&topic=1-2-2-imperfect-information,200,,https://economicsacademy.co.uk/past-paper-questions/?board=aqa&topic=1-2-2-imperfect-information,https://economicsacademy.co.uk/past-paper-questions/,False,,Edexcel A-Level Economics Past Paper Questions | Economics Academy,66,"Search every Edexcel A-Level Economics (9EC0) Section B and Section C past paper question from 2017 to 2024. Filter by topic, paper, year and marks, with a direct link to the right page of each mark scheme.",206,https://economicsacademy.co.uk/past-paper-questions/,Edexcel A-Level Economics Past Paper Questions | Economics Academy,1,A-Level Economics Past Paper Questions,284,13,1,2,True,
https://economicsacademy.co.uk/past-paper-questions/?board=aqa&topic=1-2-3-aspects-of-behavioural-economic-theory,200,,https://economicsacademy.co.uk/past-paper-questions/?board=aqa&topic=1-2-3-aspects-of-behavioural-economic-theory,https://economicsacademy.co.uk/past-paper-questions/,False,,Edexcel A-Level Economics Past Paper Questions | Economics Academy,66,"Search every Edexcel A-Level Economics (9EC0) Section B and Section C past paper question from 2017 to 2024. Filter by topic, paper, year and marks, with a direct link to the right page of each mark scheme.",206,https://economicsacademy.co.uk/past-paper-questions/,Edexcel A-Level Economics Past Paper Questions | Economics Academy,1,A-Level Economics Past Paper Questions,284,13,1,2,True,
https://economicsacademy.co.uk/past-paper-questions/?board=aqa&topic=1-2-4-behavioural-economics-and-economic-policy,200,,https://economicsacademy.co.uk/past-paper-questions/?board=aqa&topic=1-2-4-behavioural-economics-and-economic-policy,https://economicsacademy.co.uk/past-paper-questions/,False,,Edexcel A-Level Economics Past Paper Questions | Economics Academy,66,"Search every Edexcel A-Level Economics (9EC0) Section B and Section C past paper question from 2017 to 2024. Filter by topic, paper, year and marks, with a direct link to the right page of each mark scheme.",206,https://economicsacademy.co.uk/past-paper-questions/,Edexcel A-Level Economics Past Paper Questions | Economics Academy,1,A-Level Economics Past Paper Questions,284,13,1,2,True,
https://economicsacademy.co.uk/past-paper-questions/?board=aqa&topic=1-3-2-price-income-and-cross-elasticities-of-demand,200,,https://economicsacademy.co.uk/past-paper-questions/?board=aqa&topic=1-3-2-price-income-and-cross-elasticities-of-demand,https://economicsacademy.co.uk/past-paper-questions/,False,,Edexcel A-Level Economics Past Paper Questions | Economics Academy,66,"Search every Edexcel A-Level Economics (9EC0) Section B and Section C past paper question from 2017 to 2024. Filter by topic, paper, year and marks, with a direct link to the right page of each mark scheme.",206,https://economicsacademy.co.uk/past-paper-questions/,Edexcel A-Level Economics Past Paper Questions | Economics Academy,1,A-Level Economics Past Paper Questions,284,13,1,2,True,
https://economicsacademy.co.uk/past-paper-questions/?board=aqa&topic=1-3-3-the-determinants-of-the-supply-of-goods-and-services,200,,https://economicsacademy.co.uk/past-paper-questions/?board=aqa&topic=1-3-3-the-determinants-of-the-supply-of-goods-and-services,https://economicsacademy.co.uk/past-paper-questions/,False,,Edexcel A-Level Economics Past Paper Questions | Economics Academy,66,"Search every Edexcel A-Level Economics (9EC0) Section B and Section C past paper question from 2017 to 2024. Filter by topic, paper, year and marks, with a direct link to the right page of each mark scheme.",206,https://economicsacademy.co.uk/past-paper-questions/,Edexcel A-Level Economics Past Paper Questions | Economics Academy,1,A-Level Economics Past Paper Questions,284,13,1,2,True,
https://economicsacademy.co.uk/past-paper-questions/?board=aqa&topic=1-3-4-price-elasticity-of-supply,200,,https://economicsacademy.co.uk/past-paper-questions/?board=aqa&topic=1-3-4-price-elasticity-of-supply,https://economicsacademy.co.uk/past-paper-questions/,False,,Edexcel A-Level Economics Past Paper Questions | Economics Academy,66,"Search every Edexcel A-Level Economics (9EC0) Section B and Section C past paper question from 2017 to 2024. Filter by topic, paper, year and marks, with a direct link to the right page of each mark scheme.",206,https://economicsacademy.co.uk/past-paper-questions/,Edexcel A-Level Economics Past Paper Questions | Economics Academy,1,A-Level Economics Past Paper Questions,284,13,1,2,True,
https://economicsacademy.co.uk/past-paper-questions/?board=aqa&topic=1-3-6-the-interrelationship-between-markets,200,,https://economicsacademy.co.uk/past-paper-questions/?board=aqa&topic=1-3-6-the-interrelationship-between-markets,https://economicsacademy.co.uk/past-paper-questions/,False,,Edexcel A-Level Economics Past Paper Questions | Economics Academy,66,"Search every Edexcel A-Level Economics (9EC0) Section B and Section C past paper question from 2017 to 2024. Filter by topic, paper, year and marks, with a direct link to the right page of each mark scheme.",206,https://economicsacademy.co.uk/past-paper-questions/,Edexcel A-Level Economics Past Paper Questions | Economics Academy,1,A-Level Economics Past Paper Questions,284,13,1,2,True,
https://economicsacademy.co.uk/past-paper-questions/?board=aqa&topic=1-4-1-production-and-productivity,200,,https://economicsacademy.co.uk/past-paper-questions/?board=aqa&topic=1-4-1-production-and-productivity,https://economicsacademy.co.uk/past-paper-questions/,False,,Edexcel A-Level Economics Past Paper Questions | Economics Academy,66,"Search every Edexcel A-Level Economics (9EC0) Section B and Section C past paper question from 2017 to 2024. Filter by topic, paper, year and marks, with a direct link to the right page of each mark scheme.",206,https://economicsacademy.co.uk/past-paper-questions/,Edexcel A-Level Economics Past Paper Questions | Economics Academy,1,A-Level Economics Past Paper Questions,284,13,1,2,True,
https://economicsacademy.co.uk/past-paper-questions/?board=aqa&topic=1-4-4-costs-of-production,200,,https://economicsacademy.co.uk/past-paper-questions/?board=aqa&topic=1-4-4-costs-of-production,https://economicsacademy.co.uk/past-paper-questions/,False,,Edexcel A-Level Economics Past Paper Questions | Economics Academy,66,"Search every Edexcel A-Level Economics (9EC0) Section B and Section C past paper question from 2017 to 2024. Filter by topic, paper, year and marks, with a direct link to the right page of each mark scheme.",206,https://economicsacademy.co.uk/past-paper-questions/,Edexcel A-Level Economics Past Paper Questions | Economics Academy,1,A-Level Economics Past Paper Questions,284,13,1,2,True,
https://economicsacademy.co.uk/past-paper-questions/?board=aqa&topic=1-4-5-economies-and-diseconomies-of-scale,200,,https://economicsacademy.co.uk/past-paper-questions/?board=aqa&topic=1-4-5-economies-and-diseconomies-of-scale,https://economicsacademy.co.uk/past-paper-questions/,False,,Edexcel A-Level Economics Past Paper Questions | Economics Academy,66,"Search every Edexcel A-Level Economics (9EC0) Section B and Section C past paper question from 2017 to 2024. Filter by topic, paper, year and marks, with a direct link to the right page of each mark scheme.",206,https://economicsacademy.co.uk/past-paper-questions/,Edexcel A-Level Economics Past Paper Questions | Economics Academy,1,A-Level Economics Past Paper Questions,284,13,1,2,True,
https://economicsacademy.co.uk/past-paper-questions/?board=aqa&topic=1-5-1-market-structures,200,,https://economicsacademy.co.uk/past-paper-questions/?board=aqa&topic=1-5-1-market-structures,https://economicsacademy.co.uk/past-paper-questions/,False,,Edexcel A-Level Economics Past Paper Questions | Economics Academy,66,"Search every Edexcel A-Level Economics (9EC0) Section B and Section C past paper question from 2017 to 2024. Filter by topic, paper, year and marks, with a direct link to the right page of each mark scheme.",206,https://economicsacademy.co.uk/past-paper-questions/,Edexcel A-Level Economics Past Paper Questions | Economics Academy,1,A-Level Economics Past Paper Questions,284,13,1,2,True,
https://economicsacademy.co.uk/past-paper-questions/?board=aqa&topic=1-5-11-consumer-and-producer-surplus,200,,https://economicsacademy.co.uk/past-paper-questions/?board=aqa&topic=1-5-11-consumer-and-producer-surplus,https://economicsacademy.co.uk/past-paper-questions/,False,,Edexcel A-Level Economics Past Paper Questions | Economics Academy,66,"Search every Edexcel A-Level Economics (9EC0) Section B and Section C past paper question from 2017 to 2024. Filter by topic, paper, year and marks, with a direct link to the right page of each mark scheme.",206,https://economicsacademy.co.uk/past-paper-questions/,Edexcel A-Level Economics Past Paper Questions | Economics Academy,1,A-Level Economics Past Paper Questions,284,13,1,2,True,
https://economicsacademy.co.uk/past-paper-questions/?board=aqa&topic=1-5-2-the-objectives-of-firms,200,,https://economicsacademy.co.uk/past-paper-questions/?board=aqa&topic=1-5-2-the-objectives-of-firms,https://economicsacademy.co.uk/past-paper-questions/,False,,Edexcel A-Level Economics Past Paper Questions | Economics Academy,66,"Search every Edexcel A-Level Economics (9EC0) Section B and Section C past paper question from 2017 to 2024. Filter by topic, paper, year and marks, with a direct link to the right page of each mark scheme.",206,https://economicsacademy.co.uk/past-paper-questions/,Edexcel A-Level Economics Past Paper Questions | Economics Academy,1,A-Level Economics Past Paper Questions,284,13,1,2,True,
https://economicsacademy.co.uk/past-paper-questions/?board=aqa&topic=1-5-3-perfect-competition,200,,https://economicsacademy.co.uk/past-paper-questions/?board=aqa&topic=1-5-3-perfect-competition,https://economicsacademy.co.uk/past-paper-questions/,False,,Edexcel A-Level Economics Past Paper Questions | Economics Academy,66,"Search every Edexcel A-Level Economics (9EC0) Section B and Section C past paper question from 2017 to 2024. Filter by topic, paper, year and marks, with a direct link to the right page of each mark scheme.",206,https://economicsacademy.co.uk/past-paper-questions/,Edexcel A-Level Economics Past Paper Questions | Economics Academy,1,A-Level Economics Past Paper Questions,284,13,1,2,True,
https://economicsacademy.co.uk/past-paper-questions/?board=aqa&topic=1-5-4-monopolistic-competition,200,,https://economicsacademy.co.uk/past-paper-questions/?board=aqa&topic=1-5-4-monopolistic-competition,https://economicsacademy.co.uk/past-paper-questions/,False,,Edexcel A-Level Economics Past Paper Questions | Economics Academy,66,"Search every Edexcel A-Level Economics (9EC0) Section B and Section C past paper question from 2017 to 2024. Filter by topic, paper, year and marks, with a direct link to the right page of each mark scheme.",206,https://economicsacademy.co.uk/past-paper-questions/,Edexcel A-Level Economics Past Paper Questions | Economics Academy,1,A-Level Economics Past Paper Questions,284,13,1,2,True,
https://economicsacademy.co.uk/past-paper-questions/?board=aqa&topic=1-5-7-price-discrimination,200,,https://economicsacademy.co.uk/past-paper-questions/?board=aqa&topic=1-5-7-price-discrimination,https://economicsacademy.co.uk/past-paper-questions/,False,,Edexcel A-Level Economics Past Paper Questions | Economics Academy,66,"Search every Edexcel A-Level Economics (9EC0) Section B and Section C past paper question from 2017 to 2024. Filter by topic, paper, year and marks, with a direct link to the right page of each mark scheme.",206,https://economicsacademy.co.uk/past-paper-questions/,Edexcel A-Level Economics Past Paper Questions | Economics Academy,1,A-Level Economics Past Paper Questions,284,13,1,2,True,
https://economicsacademy.co.uk/past-paper-questions/?board=aqa&topic=1-5-9-contestable-and-non-contestable-markets,200,,https://economicsacademy.co.uk/past-paper-questions/?board=aqa&topic=1-5-9-contestable-and-non-contestable-markets,https://economicsacademy.co.uk/past-paper-questions/,False,,Edexcel A-Level Economics Past Paper Questions | Economics Academy,66,"Search every Edexcel A-Level Economics (9EC0) Section B and Section C past paper question from 2017 to 2024. Filter by topic, paper, year and marks, with a direct link to the right page of each mark scheme.",206,https://economicsacademy.co.uk/past-paper-questions/,Edexcel A-Level Economics Past Paper Questions | Economics Academy,1,A-Level Economics Past Paper Questions,284,13,1,2,True,
https://economicsacademy.co.uk/past-paper-questions/?board=aqa&topic=1-6-1-the-demand-for-labour-marginal-productivity-theory,200,,https://economicsacademy.co.uk/past-paper-questions/?board=aqa&topic=1-6-1-the-demand-for-labour-marginal-productivity-theory,https://economicsacademy.co.uk/past-paper-questions/,False,,Edexcel A-Level Economics Past Paper Questions | Economics Academy,66,"Search every Edexcel A-Level Economics (9EC0) Section B and Section C past paper question from 2017 to 2024. Filter by topic, paper, year and marks, with a direct link to the right page of each mark scheme.",206,https://economicsacademy.co.uk/past-paper-questions/,Edexcel A-Level Economics Past Paper Questions | Economics Academy,1,A-Level Economics Past Paper Questions,284,13,1,2,True,
https://economicsacademy.co.uk/past-paper-questions/?board=aqa&topic=1-6-3-wage-determination-perfectly-competitive-labour-markets,200,,https://economicsacademy.co.uk/past-paper-questions/?board=aqa&topic=1-6-3-wage-determination-perfectly-competitive-labour-markets,https://economicsacademy.co.uk/past-paper-questions/,False,,Edexcel A-Level Economics Past Paper Questions | Economics Academy,66,"Search every Edexcel A-Level Economics (9EC0) Section B and Section C past paper question from 2017 to 2024. Filter by topic, paper, year and marks, with a direct link to the right page of each mark scheme.",206,https://economicsacademy.co.uk/past-paper-questions/,Edexcel A-Level Economics Past Paper Questions | Economics Academy,1,A-Level Economics Past Paper Questions,284,13,1,2,True,
https://economicsacademy.co.uk/past-paper-questions/?board=aqa&topic=1-6-4-wage-determination-imperfectly-competitive-labour-markets,200,,https://economicsacademy.co.uk/past-paper-questions/?board=aqa&topic=1-6-4-wage-determination-imperfectly-competitive-labour-markets,https://economicsacademy.co.uk/past-paper-questions/,False,,Edexcel A-Level Economics Past Paper Questions | Economics Academy,66,"Search every Edexcel A-Level Economics (9EC0) Section B and Section C past paper question from 2017 to 2024. Filter by topic, paper, year and marks, with a direct link to the right page of each mark scheme.",206,https://economicsacademy.co.uk/past-paper-questions/,Edexcel A-Level Economics Past Paper Questions | Economics Academy,1,A-Level Economics Past Paper Questions,284,13,1,2,True,
https://economicsacademy.co.uk/past-paper-questions/?board=aqa&topic=1-6-6-the-national-minimum-wage,200,,https://economicsacademy.co.uk/past-paper-questions/?board=aqa&topic=1-6-6-the-national-minimum-wage,https://economicsacademy.co.uk/past-paper-questions/,False,,Edexcel A-Level Economics Past Paper Questions | Economics Academy,66,"Search every Edexcel A-Level Economics (9EC0) Section B and Section C past paper question from 2017 to 2024. Filter by topic, paper, year and marks, with a direct link to the right page of each mark scheme.",206,https://economicsacademy.co.uk/past-paper-questions/,Edexcel A-Level Economics Past Paper Questions | Economics Academy,1,A-Level Economics Past Paper Questions,284,13,1,2,True,
https://economicsacademy.co.uk/past-paper-questions/?board=aqa&topic=1-8-1-how-markets-and-prices-allocate-resources,200,,https://economicsacademy.co.uk/past-paper-questions/?board=aqa&topic=1-8-1-how-markets-and-prices-allocate-resources,https://economicsacademy.co.uk/past-paper-questions/,False,,Edexcel A-Level Economics Past Paper Questions | Economics Academy,66,"Search every Edexcel A-Level Economics (9EC0) Section B and Section C past paper question from 2017 to 2024. Filter by topic, paper, year and marks, with a direct link to the right page of each mark scheme.",206,https://economicsacademy.co.uk/past-paper-questions/,Edexcel A-Level Economics Past Paper Questions | Economics Academy,1,A-Level Economics Past Paper Questions,284,13,1,2,True,
https://economicsacademy.co.uk/past-paper-questions/?board=aqa&topic=1-8-10-government-failure,200,,https://economicsacademy.co.uk/past-paper-questions/?board=aqa&topic=1-8-10-government-failure,https://economicsacademy.co.uk/past-paper-questions/,False,,Edexcel A-Level Economics Past Paper Questions | Economics Academy,66,"Search every Edexcel A-Level Economics (9EC0) Section B and Section C past paper question from 2017 to 2024. Filter by topic, paper, year and marks, with a direct link to the right page of each mark scheme.",206,https://economicsacademy.co.uk/past-paper-questions/,Edexcel A-Level Economics Past Paper Questions | Economics Academy,1,A-Level Economics Past Paper Questions,284,13,1,2,True,
https://economicsacademy.co.uk/past-paper-questions/?board=aqa&topic=1-8-2-the-meaning-of-market-failure,200,,https://economicsacademy.co.uk/past-paper-questions/?board=aqa&topic=1-8-2-the-meaning-of-market-failure,https://economicsacademy.co.uk/past-paper-questions/,False,,Edexcel A-Level Economics Past Paper Questions | Economics Academy,66,"Search every Edexcel A-Level Economics (9EC0) Section B and Section C past paper question from 2017 to 2024. Filter by topic, paper, year and marks, with a direct link to the right page of each mark scheme.",206,https://economicsacademy.co.uk/past-paper-questions/,Edexcel A-Level Economics Past Paper Questions | Economics Academy,1,A-Level Economics Past Paper Questions,284,13,1,2,True,
https://economicsacademy.co.uk/past-paper-questions/?board=aqa&topic=1-8-3-public-goods-private-goods-and-quasi-public-goods,200,,https://economicsacademy.co.uk/past-paper-questions/?board=aqa&topic=1-8-3-public-goods-private-goods-and-quasi-public-goods,https://economicsacademy.co.uk/past-paper-questions/,False,,Edexcel A-Level Economics Past Paper Questions | Economics Academy,66,"Search every Edexcel A-Level Economics (9EC0) Section B and Section C past paper question from 2017 to 2024. Filter by topic, paper, year and marks, with a direct link to the right page of each mark scheme.",206,https://economicsacademy.co.uk/past-paper-questions/,Edexcel A-Level Economics Past Paper Questions | Economics Academy,1,A-Level Economics Past Paper Questions,284,13,1,2,True,
https://economicsacademy.co.uk/past-paper-questions/?board=aqa&topic=1-8-5-merit-and-demerit-goods,200,,https://economicsacademy.co.uk/past-paper-questions/?board=aqa&topic=1-8-5-merit-and-demerit-goods,https://economicsacademy.co.uk/past-paper-questions/,False,,Edexcel A-Level Economics Past Paper Questions | Economics Academy,66,"Search every Edexcel A-Level Economics (9EC0) Section B and Section C past paper question from 2017 to 2024. Filter by topic, paper, year and marks, with a direct link to the right page of each mark scheme.",206,https://economicsacademy.co.uk/past-paper-questions/,Edexcel A-Level Economics Past Paper Questions | Economics Academy,1,A-Level Economics Past Paper Questions,284,13,1,2,True,
https://economicsacademy.co.uk/past-paper-questions/?board=aqa&topic=1-8-6-market-imperfections,200,,https://economicsacademy.co.uk/past-paper-questions/?board=aqa&topic=1-8-6-market-imperfections,https://economicsacademy.co.uk/past-paper-questions/,False,,Edexcel A-Level Economics Past Paper Questions | Economics Academy,66,"Search every Edexcel A-Level Economics (9EC0) Section B and Section C past paper question from 2017 to 2024. Filter by topic, paper, year and marks, with a direct link to the right page of each mark scheme.",206,https://economicsacademy.co.uk/past-paper-questions/,Edexcel A-Level Economics Past Paper Questions | Economics Academy,1,A-Level Economics Past Paper Questions,284,13,1,2,True,
https://economicsacademy.co.uk/past-paper-questions/?board=aqa&topic=2-1-1-the-objectives-of-government-economic-policy,200,,https://economicsacademy.co.uk/past-paper-questions/?board=aqa&topic=2-1-1-the-objectives-of-government-economic-policy,https://economicsacademy.co.uk/past-paper-questions/,False,,Edexcel A-Level Economics Past Paper Questions | Economics Academy,66,"Search every Edexcel A-Level Economics (9EC0) Section B and Section C past paper question from 2017 to 2024. Filter by topic, paper, year and marks, with a direct link to the right page of each mark scheme.",206,https://economicsacademy.co.uk/past-paper-questions/,Edexcel A-Level Economics Past Paper Questions | Economics Academy,1,A-Level Economics Past Paper Questions,284,13,1,2,True,
https://economicsacademy.co.uk/past-paper-questions/?board=aqa&topic=2-1-3-uses-of-index-numbers,200,,https://economicsacademy.co.uk/past-paper-questions/?board=aqa&topic=2-1-3-uses-of-index-numbers,https://economicsacademy.co.uk/past-paper-questions/,False,,Edexcel A-Level Economics Past Paper Questions | Economics Academy,66,"Search every Edexcel A-Level Economics (9EC0) Section B and Section C past paper question from 2017 to 2024. Filter by topic, paper, year and marks, with a direct link to the right page of each mark scheme.",206,https://economicsacademy.co.uk/past-paper-questions/,Edexcel A-Level Economics Past Paper Questions | Economics Academy,1,A-Level Economics Past Paper Questions,284,13,1,2,True,
https://economicsacademy.co.uk/past-paper-questions/?board=aqa&topic=2-2-1-the-circular-flow-of-income,200,,https://economicsacademy.co.uk/past-paper-questions/?board=aqa&topic=2-2-1-the-circular-flow-of-income,https://economicsacademy.co.uk/past-paper-questions/,False,,Edexcel A-Level Economics Past Paper Questions | Economics Academy,66,"Search every Edexcel A-Level Economics (9EC0) Section B and Section C past paper question from 2017 to 2024. Filter by topic, paper, year and marks, with a direct link to the right page of each mark scheme.",206,https://economicsacademy.co.uk/past-paper-questions/,Edexcel A-Level Economics Past Paper Questions | Economics Academy,1,A-Level Economics Past Paper Questions,284,13,1,2,True,
https://economicsacademy.co.uk/past-paper-questions/?board=aqa&topic=2-2-2-aggregate-demand-and-aggregate-supply-analysis,200,,https://economicsacademy.co.uk/past-paper-questions/?board=aqa&topic=2-2-2-aggregate-demand-and-aggregate-supply-analysis,https://economicsacademy.co.uk/past-paper-questions/,False,,Edexcel A-Level Economics Past Paper Questions | Economics Academy,66,"Search every Edexcel A-Level Economics (9EC0) Section B and Section C past paper question from 2017 to 2024. Filter by topic, paper, year and marks, with a direct link to the right page of each mark scheme.",206,https://economicsacademy.co.uk/past-paper-questions/,Edexcel A-Level Economics Past Paper Questions | Economics Academy,1,A-Level Economics Past Paper Questions,284,13,1,2,True,
https://economicsacademy.co.uk/past-paper-questions/?board=aqa&topic=2-2-4-aggregate-demand-and-the-level-of-economic-activity,200,,https://economicsacademy.co.uk/past-paper-questions/?board=aqa&topic=2-2-4-aggregate-demand-and-the-level-of-economic-activity,https://economicsacademy.co.uk/past-paper-questions/,False,,Edexcel A-Level Economics Past Paper Questions | Economics Academy,66,"Search every Edexcel A-Level Economics (9EC0) Section B and Section C past paper question from 2017 to 2024. Filter by topic, paper, year and marks, with a direct link to the right page of each mark scheme.",206,https://economicsacademy.co.uk/past-paper-questions/,Edexcel A-Level Economics Past Paper Questions | Economics Academy,1,A-Level Economics Past Paper Questions,284,13,1,2,True,
https://economicsacademy.co.uk/past-paper-questions/?board=aqa&topic=2-2-5-determinants-of-short-run-aggregate-supply,200,,https://economicsacademy.co.uk/past-paper-questions/?board=aqa&topic=2-2-5-determinants-of-short-run-aggregate-supply,https://economicsacademy.co.uk/past-paper-questions/,False,,Edexcel A-Level Economics Past Paper Questions | Economics Academy,66,"Search every Edexcel A-Level Economics (9EC0) Section B and Section C past paper question from 2017 to 2024. Filter by topic, paper, year and marks, with a direct link to the right page of each mark scheme.",206,https://economicsacademy.co.uk/past-paper-questions/,Edexcel A-Level Economics Past Paper Questions | Economics Academy,1,A-Level Economics Past Paper Questions,284,13,1,2,True,
https://economicsacademy.co.uk/past-paper-questions/?board=aqa&topic=2-4-1-the-structure-of-financial-markets-and-financial-assets,200,,https://economicsacademy.co.uk/past-paper-questions/?board=aqa&topic=2-4-1-the-structure-of-financial-markets-and-financial-assets,https://economicsacademy.co.uk/past-paper-questions/,False,,Edexcel A-Level Economics Past Paper Questions | Economics Academy,66,"Search every Edexcel A-Level Economics (9EC0) Section B and Section C past paper question from 2017 to 2024. Filter by topic, paper, year and marks, with a direct link to the right page of each mark scheme.",206,https://economicsacademy.co.uk/past-paper-questions/,Edexcel A-Level Economics Past Paper Questions | Economics Academy,1,A-Level Economics Past Paper Questions,284,13,1,2,True,
https://economicsacademy.co.uk/past-paper-questions/?board=aqa&topic=2-4-2-commercial-banks-and-investment-banks,200,,https://economicsacademy.co.uk/past-paper-questions/?board=aqa&topic=2-4-2-commercial-banks-and-investment-banks,https://economicsacademy.co.uk/past-paper-questions/,False,,Edexcel A-Level Economics Past Paper Questions | Economics Academy,66,"Search every Edexcel A-Level Economics (9EC0) Section B and Section C past paper question from 2017 to 2024. Filter by topic, paper, year and marks, with a direct link to the right page of each mark scheme.",206,https://economicsacademy.co.uk/past-paper-questions/,Edexcel A-Level Economics Past Paper Questions | Economics Academy,1,A-Level Economics Past Paper Questions,284,13,1,2,True,
https://economicsacademy.co.uk/past-paper-questions/?board=aqa&topic=2-4-4-the-regulation-of-the-financial-system,200,,https://economicsacademy.co.uk/past-paper-questions/?board=aqa&topic=2-4-4-the-regulation-of-the-financial-system,https://economicsacademy.co.uk/past-paper-questions/,False,,Edexcel A-Level Economics Past Paper Questions | Economics Academy,66,"Search every Edexcel A-Level Economics (9EC0) Section B and Section C past paper question from 2017 to 2024. Filter by topic, paper, year and marks, with a direct link to the right page of each mark scheme.",206,https://economicsacademy.co.uk/past-paper-questions/,Edexcel A-Level Economics Past Paper Questions | Economics Academy,1,A-Level Economics Past Paper Questions,284,13,1,2,True,
https://economicsacademy.co.uk/past-paper-questions/?board=edexcel&topic=1-1-2-positive-normative-statements,200,,https://economicsacademy.co.uk/past-paper-questions/?board=edexcel&topic=1-1-2-positive-normative-statements,https://economicsacademy.co.uk/past-paper-questions/,False,,Edexcel A-Level Economics Past Paper Questions | Economics Academy,66,"Search every Edexcel A-Level Economics (9EC0) Section B and Section C past paper question from 2017 to 2024. Filter by topic, paper, year and marks, with a direct link to the right page of each mark scheme.",206,https://economicsacademy.co.uk/past-paper-questions/,Edexcel A-Level Economics Past Paper Questions | Economics Academy,1,A-Level Economics Past Paper Questions,284,13,1,2,True,
https://economicsacademy.co.uk/past-paper-questions/?board=edexcel&topic=1-1-3-the-economic-problem,200,,https://economicsacademy.co.uk/past-paper-questions/?board=edexcel&topic=1-1-3-the-economic-problem,https://economicsacademy.co.uk/past-paper-questions/,False,,Edexcel A-Level Economics Past Paper Questions | Economics Academy,66,"Search every Edexcel A-Level Economics (9EC0) Section B and Section C past paper question from 2017 to 2024. Filter by topic, paper, year and marks, with a direct link to the right page of each mark scheme.",206,https://economicsacademy.co.uk/past-paper-questions/,Edexcel A-Level Economics Past Paper Questions | Economics Academy,1,A-Level Economics Past Paper Questions,284,13,1,2,True,
https://economicsacademy.co.uk/past-paper-questions/?board=edexcel&topic=1-2-1-rational-decision-making,200,,https://economicsacademy.co.uk/past-paper-questions/?board=edexcel&topic=1-2-1-rational-decision-making,https://economicsacademy.co.uk/past-paper-questions/,False,,Edexcel A-Level Economics Past Paper Questions | Economics Academy,66,"Search every Edexcel A-Level Economics (9EC0) Section B and Section C past paper question from 2017 to 2024. Filter by topic, paper, year and marks, with a direct link to the right page of each mark scheme.",206,https://economicsacademy.co.uk/past-paper-questions/,Edexcel A-Level Economics Past Paper Questions | Economics Academy,1,A-Level Economics Past Paper Questions,284,13,1,2,True,
https://economicsacademy.co.uk/past-paper-questions/?board=edexcel&topic=1-2-10-alternative-views-of-consumer-behaviour,200,,https://economicsacademy.co.uk/past-paper-questions/?board=edexcel&topic=1-2-10-alternative-views-of-consumer-behaviour,https://economicsacademy.co.uk/past-paper-questions/,False,,Edexcel A-Level Economics Past Paper Questions | Economics Academy,66,"Search every Edexcel A-Level Economics (9EC0) Section B and Section C past paper question from 2017 to 2024. Filter by topic, paper, year and marks, with a direct link to the right page of each mark scheme.",206,https://economicsacademy.co.uk/past-paper-questions/,Edexcel A-Level Economics Past Paper Questions | Economics Academy,1,A-Level Economics Past Paper Questions,284,13,1,2,True,
https://economicsacademy.co.uk/past-paper-questions/?board=edexcel&topic=1-2-2-demand,200,,https://economicsacademy.co.uk/past-paper-questions/?board=edexcel&topic=1-2-2-demand,https://economicsacademy.co.uk/past-paper-questions/,False,,Edexcel A-Level Economics Past Paper Questions | Economics Academy,66,"Search every Edexcel A-Level Economics (9EC0) Section B and Section C past paper question from 2017 to 2024. Filter by topic, paper, year and marks, with a direct link to the right page of each mark scheme.",206,https://economicsacademy.co.uk/past-paper-questions/,Edexcel A-Level Economics Past Paper Questions | Economics Academy,1,A-Level Economics Past Paper Questions,284,13,1,2,True,
https://economicsacademy.co.uk/past-paper-questions/?board=edexcel&topic=1-2-5-price-elasticity-of-supply,200,,https://economicsacademy.co.uk/past-paper-questions/?board=edexcel&topic=1-2-5-price-elasticity-of-supply,https://economicsacademy.co.uk/past-paper-questions/,False,,Edexcel A-Level Economics Past Paper Questions | Economics Academy,66,"Search every Edexcel A-Level Economics (9EC0) Section B and Section C past paper question from 2017 to 2024. Filter by topic, paper, year and marks, with a direct link to the right page of each mark scheme.",206,https://economicsacademy.co.uk/past-paper-questions/,Edexcel A-Level Economics Past Paper Questions | Economics Academy,1,A-Level Economics Past Paper Questions,284,13,1,2,True,
https://economicsacademy.co.uk/past-paper-questions/?board=edexcel&topic=1-3-1-types-of-market-failure,200,,https://economicsacademy.co.uk/past-paper-questions/?board=edexcel&topic=1-3-1-types-of-market-failure,https://economicsacademy.co.uk/past-paper-questions/,False,,Edexcel A-Level Economics Past Paper Questions | Economics Academy,66,"Search every Edexcel A-Level Economics (9EC0) Section B and Section C past paper question from 2017 to 2024. Filter by topic, paper, year and marks, with a direct link to the right page of each mark scheme.",206,https://economicsacademy.co.uk/past-paper-questions/,Edexcel A-Level Economics Past Paper Questions | Economics Academy,1,A-Level Economics Past Paper Questions,284,13,1,2,True,
https://economicsacademy.co.uk/past-paper-questions/?board=edexcel&topic=1-3-4-information-gaps,200,,https://economicsacademy.co.uk/past-paper-questions/?board=edexcel&topic=1-3-4-information-gaps,https://economicsacademy.co.uk/past-paper-questions/,False,,Edexcel A-Level Economics Past Paper Questions | Economics Academy,66,"Search every Edexcel A-Level Economics (9EC0) Section B and Section C past paper question from 2017 to 2024. Filter by topic, paper, year and marks, with a direct link to the right page of each mark scheme.",206,https://economicsacademy.co.uk/past-paper-questions/,Edexcel A-Level Economics Past Paper Questions | Economics Academy,1,A-Level Economics Past Paper Questions,284,13,1,2,True,
https://economicsacademy.co.uk/past-paper-questions/?board=edexcel&topic=2-1-1-economic-growth,200,,https://economicsacademy.co.uk/past-paper-questions/?board=edexcel&topic=2-1-1-economic-growth,https://economicsacademy.co.uk/past-paper-questions/,False,,Edexcel A-Level Economics Past Paper Questions | Economics Academy,66,"Search every Edexcel A-Level Economics (9EC0) Section B and Section C past paper question from 2017 to 2024. Filter by topic, paper, year and marks, with a direct link to the right page of each mark scheme.",206,https://economicsacademy.co.uk/past-paper-questions/,Edexcel A-Level Economics Past Paper Questions | Economics Academy,1,A-Level Economics Past Paper Questions,284,13,1,2,True,
https://economicsacademy.co.uk/past-paper-questions/?board=edexcel&topic=2-1-3-employment-unemployment,200,,https://economicsacademy.co.uk/past-paper-questions/?board=edexcel&topic=2-1-3-employment-unemployment,https://economicsacademy.co.uk/past-paper-questions/,False,,Edexcel A-Level Economics Past Paper Questions | Economics Academy,66,"Search every Edexcel A-Level Economics (9EC0) Section B and Section C past paper question from 2017 to 2024. Filter by topic, paper, year and marks, with a direct link to the right page of each mark scheme.",206,https://economicsacademy.co.uk/past-paper-questions/,Edexcel A-Level Economics Past Paper Questions | Economics Academy,1,A-Level Economics Past Paper Questions,284,13,1,2,True,
https://economicsacademy.co.uk/past-paper-questions/?board=edexcel&topic=2-2-1-aggregate-demand,200,,https://economicsacademy.co.uk/past-paper-questions/?board=edexcel&topic=2-2-1-aggregate-demand,https://economicsacademy.co.uk/past-paper-questions/,False,,Edexcel A-Level Economics Past Paper Questions | Economics Academy,66,"Search every Edexcel A-Level Economics (9EC0) Section B and Section C past paper question from 2017 to 2024. Filter by topic, paper, year and marks, with a direct link to the right page of each mark scheme.",206,https://economicsacademy.co.uk/past-paper-questions/,Edexcel A-Level Economics Past Paper Questions | Economics Academy,1,A-Level Economics Past Paper Questions,284,13,1,2,True,
https://economicsacademy.co.uk/past-paper-questions/?board=edexcel&topic=2-2-2-consumption,200,,https://economicsacademy.co.uk/past-paper-questions/?board=edexcel&topic=2-2-2-consumption,https://economicsacademy.co.uk/past-paper-questions/,False,,Edexcel A-Level Economics Past Paper Questions | Economics Academy,66,"Search every Edexcel A-Level Economics (9EC0) Section B and Section C past paper question from 2017 to 2024. Filter by topic, paper, year and marks, with a direct link to the right page of each mark scheme.",206,https://economicsacademy.co.uk/past-paper-questions/,Edexcel A-Level Economics Past Paper Questions | Economics Academy,1,A-Level Economics Past Paper Questions,284,13,1,2,True,
https://economicsacademy.co.uk/past-paper-questions/?board=edexcel&topic=2-2-3-investment,200,,https://economicsacademy.co.uk/past-paper-questions/?board=edexcel&topic=2-2-3-investment,https://economicsacademy.co.uk/past-paper-questions/,False,,Edexcel A-Level Economics Past Paper Questions | Economics Academy,66,"Search every Edexcel A-Level Economics (9EC0) Section B and Section C past paper question from 2017 to 2024. Filter by topic, paper, year and marks, with a direct link to the right page of each mark scheme.",206,https://economicsacademy.co.uk/past-paper-questions/,Edexcel A-Level Economics Past Paper Questions | Economics Academy,1,A-Level Economics Past Paper Questions,284,13,1,2,True,
https://economicsacademy.co.uk/past-paper-questions/?board=edexcel&topic=2-3-2-short-run-aggregate-supply,200,,https://economicsacademy.co.uk/past-paper-questions/?board=edexcel&topic=2-3-2-short-run-aggregate-supply,https://economicsacademy.co.uk/past-paper-questions/,False,,Edexcel A-Level Economics Past Paper Questions | Economics Academy,66,"Search every Edexcel A-Level Economics (9EC0) Section B and Section C past paper question from 2017 to 2024. Filter by topic, paper, year and marks, with a direct link to the right page of each mark scheme.",206,https://economicsacademy.co.uk/past-paper-questions/,Edexcel A-Level Economics Past Paper Questions | Economics Academy,1,A-Level Economics Past Paper Questions,284,13,1,2,True,
https://economicsacademy.co.uk/past-paper-questions/?board=edexcel&topic=2-4-4-the-multiplier,200,,https://economicsacademy.co.uk/past-paper-questions/?board=edexcel&topic=2-4-4-the-multiplier,https://economicsacademy.co.uk/past-paper-questions/,False,,Edexcel A-Level Economics Past Paper Questions | Economics Academy,66,"Search every Edexcel A-Level Economics (9EC0) Section B and Section C past paper question from 2017 to 2024. Filter by topic, paper, year and marks, with a direct link to the right page of each mark scheme.",206,https://economicsacademy.co.uk/past-paper-questions/,Edexcel A-Level Economics Past Paper Questions | Economics Academy,1,A-Level Economics Past Paper Questions,284,13,1,2,True,
https://economicsacademy.co.uk/past-paper-questions/?board=edexcel&topic=2-5-2-output-gaps,200,,https://economicsacademy.co.uk/past-paper-questions/?board=edexcel&topic=2-5-2-output-gaps,https://economicsacademy.co.uk/past-paper-questions/,False,,Edexcel A-Level Economics Past Paper Questions | Economics Academy,66,"Search every Edexcel A-Level Economics (9EC0) Section B and Section C past paper question from 2017 to 2024. Filter by topic, paper, year and marks, with a direct link to the right page of each mark scheme.",206,https://economicsacademy.co.uk/past-paper-questions/,Edexcel A-Level Economics Past Paper Questions | Economics Academy,1,A-Level Economics Past Paper Questions,284,13,1,2,True,
https://economicsacademy.co.uk/past-paper-questions/?board=edexcel&topic=2-5-4-the-impact-of-economic-growth,200,,https://economicsacademy.co.uk/past-paper-questions/?board=edexcel&topic=2-5-4-the-impact-of-economic-growth,https://economicsacademy.co.uk/past-paper-questions/,False,,Edexcel A-Level Economics Past Paper Questions | Economics Academy,66,"Search every Edexcel A-Level Economics (9EC0) Section B and Section C past paper question from 2017 to 2024. Filter by topic, paper, year and marks, with a direct link to the right page of each mark scheme.",206,https://economicsacademy.co.uk/past-paper-questions/,Edexcel A-Level Economics Past Paper Questions | Economics Academy,1,A-Level Economics Past Paper Questions,284,13,1,2,True,
https://economicsacademy.co.uk/past-paper-questions/?board=edexcel&topic=2-6-4-conflicts-between-objectives-and-policies,200,,https://economicsacademy.co.uk/past-paper-questions/?board=edexcel&topic=2-6-4-conflicts-between-objectives-and-policies,https://economicsacademy.co.uk/past-paper-questions/,False,,Edexcel A-Level Economics Past Paper Questions | Economics Academy,66,"Search every Edexcel A-Level Economics (9EC0) Section B and Section C past paper question from 2017 to 2024. Filter by topic, paper, year and marks, with a direct link to the right page of each mark scheme.",206,https://economicsacademy.co.uk/past-paper-questions/,Edexcel A-Level Economics Past Paper Questions | Economics Academy,1,A-Level Economics Past Paper Questions,284,13,1,2,True,
https://economicsacademy.co.uk/past-paper-questions/?board=edexcel&topic=3-1-1-sizes-types-of-firms,200,,https://economicsacademy.co.uk/past-paper-questions/?board=edexcel&topic=3-1-1-sizes-types-of-firms,https://economicsacademy.co.uk/past-paper-questions/,False,,Edexcel A-Level Economics Past Paper Questions | Economics Academy,66,"Search every Edexcel A-Level Economics (9EC0) Section B and Section C past paper question from 2017 to 2024. Filter by topic, paper, year and marks, with a direct link to the right page of each mark scheme.",206,https://economicsacademy.co.uk/past-paper-questions/,Edexcel A-Level Economics Past Paper Questions | Economics Academy,1,A-Level Economics Past Paper Questions,284,13,1,2,True,
https://economicsacademy.co.uk/past-paper-questions/?board=edexcel&topic=3-2-1-business-objectives,200,,https://economicsacademy.co.uk/past-paper-questions/?board=edexcel&topic=3-2-1-business-objectives,https://economicsacademy.co.uk/past-paper-questions/,False,,Edexcel A-Level Economics Past Paper Questions | Economics Academy,66,"Search every Edexcel A-Level Economics (9EC0) Section B and Section C past paper question from 2017 to 2024. Filter by topic, paper, year and marks, with a direct link to the right page of each mark scheme.",206,https://economicsacademy.co.uk/past-paper-questions/,Edexcel A-Level Economics Past Paper Questions | Economics Academy,1,A-Level Economics Past Paper Questions,284,13,1,2,True,
https://economicsacademy.co.uk/past-paper-questions/?board=edexcel&topic=3-3-3-economies-diseconomies-of-scale,200,,https://economicsacademy.co.uk/past-paper-questions/?board=edexcel&topic=3-3-3-economies-diseconomies-of-scale,https://economicsacademy.co.uk/past-paper-questions/,False,,Edexcel A-Level Economics Past Paper Questions | Economics Academy,66,"Search every Edexcel A-Level Economics (9EC0) Section B and Section C past paper question from 2017 to 2024. Filter by topic, paper, year and marks, with a direct link to the right page of each mark scheme.",206,https://economicsacademy.co.uk/past-paper-questions/,Edexcel A-Level Economics Past Paper Questions | Economics Academy,1,A-Level Economics Past Paper Questions,284,13,1,2,True,
https://economicsacademy.co.uk/past-paper-questions/?board=edexcel&topic=3-4-1-efficiency,200,,https://economicsacademy.co.uk/past-paper-questions/?board=edexcel&topic=3-4-1-efficiency,https://economicsacademy.co.uk/past-paper-questions/,False,,Edexcel A-Level Economics Past Paper Questions | Economics Academy,66,"Search every Edexcel A-Level Economics (9EC0) Section B and Section C past paper question from 2017 to 2024. Filter by topic, paper, year and marks, with a direct link to the right page of each mark scheme.",206,https://economicsacademy.co.uk/past-paper-questions/,Edexcel A-Level Economics Past Paper Questions | Economics Academy,1,A-Level Economics Past Paper Questions,284,13,1,2,True,
https://economicsacademy.co.uk/past-paper-questions/?board=edexcel&topic=3-4-3-monopolistic-competition,200,,https://economicsacademy.co.uk/past-paper-questions/?board=edexcel&topic=3-4-3-monopolistic-competition,https://economicsacademy.co.uk/past-paper-questions/,False,,Edexcel A-Level Economics Past Paper Questions | Economics Academy,66,"Search every Edexcel A-Level Economics (9EC0) Section B and Section C past paper question from 2017 to 2024. Filter by topic, paper, year and marks, with a direct link to the right page of each mark scheme.",206,https://economicsacademy.co.uk/past-paper-questions/,Edexcel A-Level Economics Past Paper Questions | Economics Academy,1,A-Level Economics Past Paper Questions,284,13,1,2,True,
https://economicsacademy.co.uk/past-paper-questions/?board=edexcel&topic=3-4-6-monopsony,200,,https://economicsacademy.co.uk/past-paper-questions/?board=edexcel&topic=3-4-6-monopsony,https://economicsacademy.co.uk/past-paper-questions/,False,,Edexcel A-Level Economics Past Paper Questions | Economics Academy,66,"Search every Edexcel A-Level Economics (9EC0) Section B and Section C past paper question from 2017 to 2024. Filter by topic, paper, year and marks, with a direct link to the right page of each mark scheme.",206,https://economicsacademy.co.uk/past-paper-questions/,Edexcel A-Level Economics Past Paper Questions | Economics Academy,1,A-Level Economics Past Paper Questions,284,13,1,2,True,
https://economicsacademy.co.uk/past-paper-questions/?board=edexcel&topic=3-5-1-demand-for-labour,200,,https://economicsacademy.co.uk/past-paper-questions/?board=edexcel&topic=3-5-1-demand-for-labour,https://economicsacademy.co.uk/past-paper-questions/,False,,Edexcel A-Level Economics Past Paper Questions | Economics Academy,66,"Search every Edexcel A-Level Economics (9EC0) Section B and Section C past paper question from 2017 to 2024. Filter by topic, paper, year and marks, with a direct link to the right page of each mark scheme.",206,https://economicsacademy.co.uk/past-paper-questions/,Edexcel A-Level Economics Past Paper Questions | Economics Academy,1,A-Level Economics Past Paper Questions,284,13,1,2,True,
https://economicsacademy.co.uk/past-paper-questions/?board=edexcel&topic=3-6-2-the-impact-of-government-intervention,200,,https://economicsacademy.co.uk/past-paper-questions/?board=edexcel&topic=3-6-2-the-impact-of-government-intervention,https://economicsacademy.co.uk/past-paper-questions/,False,,Edexcel A-Level Economics Past Paper Questions | Economics Academy,66,"Search every Edexcel A-Level Economics (9EC0) Section B and Section C past paper question from 2017 to 2024. Filter by topic, paper, year and marks, with a direct link to the right page of each mark scheme.",206,https://economicsacademy.co.uk/past-paper-questions/,Edexcel A-Level Economics Past Paper Questions | Economics Academy,1,A-Level Economics Past Paper Questions,284,13,1,2,True,
https://economicsacademy.co.uk/past-paper-questions/?board=edexcel&topic=4-1-2-specialisation-trade,200,,https://economicsacademy.co.uk/past-paper-questions/?board=edexcel&topic=4-1-2-specialisation-trade,https://economicsacademy.co.uk/past-paper-questions/,False,,Edexcel A-Level Economics Past Paper Questions | Economics Academy,66,"Search every Edexcel A-Level Economics (9EC0) Section B and Section C past paper question from 2017 to 2024. Filter by topic, paper, year and marks, with a direct link to the right page of each mark scheme.",206,https://economicsacademy.co.uk/past-paper-questions/,Edexcel A-Level Economics Past Paper Questions | Economics Academy,1,A-Level Economics Past Paper Questions,284,13,1,2,True,
https://economicsacademy.co.uk/past-paper-questions/?board=edexcel&topic=4-1-4-terms-of-trade,200,,https://economicsacademy.co.uk/past-paper-questions/?board=edexcel&topic=4-1-4-terms-of-trade,https://economicsacademy.co.uk/past-paper-questions/,False,,Edexcel A-Level Economics Past Paper Questions | Economics Academy,66,"Search every Edexcel A-Level Economics (9EC0) Section B and Section C past paper question from 2017 to 2024. Filter by topic, paper, year and marks, with a direct link to the right page of each mark scheme.",206,https://economicsacademy.co.uk/past-paper-questions/,Edexcel A-Level Economics Past Paper Questions | Economics Academy,1,A-Level Economics Past Paper Questions,284,13,1,2,True,
https://economicsacademy.co.uk/past-paper-questions/?board=edexcel&topic=4-1-6-restrictions-on-free-trade,200,,https://economicsacademy.co.uk/past-paper-questions/?board=edexcel&topic=4-1-6-restrictions-on-free-trade,https://economicsacademy.co.uk/past-paper-questions/,False,,Edexcel A-Level Economics Past Paper Questions | Economics Academy,66,"Search every Edexcel A-Level Economics (9EC0) Section B and Section C past paper question from 2017 to 2024. Filter by topic, paper, year and marks, with a direct link to the right page of each mark scheme.",206,https://economicsacademy.co.uk/past-paper-questions/,Edexcel A-Level Economics Past Paper Questions | Economics Academy,1,A-Level Economics Past Paper Questions,284,13,1,2,True,
https://economicsacademy.co.uk/past-paper-questions/?board=edexcel&topic=4-1-7-balance-of-payments,200,,https://economicsacademy.co.uk/past-paper-questions/?board=edexcel&topic=4-1-7-balance-of-payments,https://economicsacademy.co.uk/past-paper-questions/,False,,Edexcel A-Level Economics Past Paper Questions | Economics Academy,66,"Search every Edexcel A-Level Economics (9EC0) Section B and Section C past paper question from 2017 to 2024. Filter by topic, paper, year and marks, with a direct link to the right page of each mark scheme.",206,https://economicsacademy.co.uk/past-paper-questions/,Edexcel A-Level Economics Past Paper Questions | Economics Academy,1,A-Level Economics Past Paper Questions,284,13,1,2,True,
https://economicsacademy.co.uk/past-paper-questions/?board=edexcel&topic=4-2-1-absolute-relative-poverty,200,,https://economicsacademy.co.uk/past-paper-questions/?board=edexcel&topic=4-2-1-absolute-relative-poverty,https://economicsacademy.co.uk/past-paper-questions/,False,,Edexcel A-Level Economics Past Paper Questions | Economics Academy,66,"Search every Edexcel A-Level Economics (9EC0) Section B and Section C past paper question from 2017 to 2024. Filter by topic, paper, year and marks, with a direct link to the right page of each mark scheme.",206,https://economicsacademy.co.uk/past-paper-questions/,Edexcel A-Level Economics Past Paper Questions | Economics Academy,1,A-Level Economics Past Paper Questions,284,13,1,2,True,
https://economicsacademy.co.uk/past-paper-questions/?board=edexcel&topic=4-4-2-market-failure-in-the-financial-sector,200,,https://economicsacademy.co.uk/past-paper-questions/?board=edexcel&topic=4-4-2-market-failure-in-the-financial-sector,https://economicsacademy.co.uk/past-paper-questions/,False,,Edexcel A-Level Economics Past Paper Questions | Economics Academy,66,"Search every Edexcel A-Level Economics (9EC0) Section B and Section C past paper question from 2017 to 2024. Filter by topic, paper, year and marks, with a direct link to the right page of each mark scheme.",206,https://economicsacademy.co.uk/past-paper-questions/,Edexcel A-Level Economics Past Paper Questions | Economics Academy,1,A-Level Economics Past Paper Questions,284,13,1,2,True,
https://economicsacademy.co.uk/past-paper-questions/?board=edexcel&topic=4-5-1-public-expenditure,200,,https://economicsacademy.co.uk/past-paper-questions/?board=edexcel&topic=4-5-1-public-expenditure,https://economicsacademy.co.uk/past-paper-questions/,False,,Edexcel A-Level Economics Past Paper Questions | Economics Academy,66,"Search every Edexcel A-Level Economics (9EC0) Section B and Section C past paper question from 2017 to 2024. Filter by topic, paper, year and marks, with a direct link to the right page of each mark scheme.",206,https://economicsacademy.co.uk/past-paper-questions/,Edexcel A-Level Economics Past Paper Questions | Economics Academy,1,A-Level Economics Past Paper Questions,284,13,1,2,True,
https://economicsacademy.co.uk/past-paper-questions/?board=edexcel&topic=4-5-4-macroeconomic-policies-in-a-global-context,200,,https://economicsacademy.co.uk/past-paper-questions/?board=edexcel&topic=4-5-4-macroeconomic-policies-in-a-global-context,https://economicsacademy.co.uk/past-paper-questions/,False,,Edexcel A-Level Economics Past Paper Questions | Economics Academy,66,"Search every Edexcel A-Level Economics (9EC0) Section B and Section C past paper question from 2017 to 2024. Filter by topic, paper, year and marks, with a direct link to the right page of each mark scheme.",206,https://economicsacademy.co.uk/past-paper-questions/,Edexcel A-Level Economics Past Paper Questions | Economics Academy,1,A-Level Economics Past Paper Questions,284,13,1,2,True,
https://economicsacademy.co.uk/past-paper-questions/aqa/,200,,https://economicsacademy.co.uk/past-paper-questions/aqa/,https://economicsacademy.co.uk/past-paper-questions/aqa/,True,,AQA A-Level Economics Past Paper Questions | Economics Academy,62,"248 AQA A-Level Economics past paper questions (A-level Economics (7136)), 2017 to 2024. Each links straight to the right page of the official mark scheme.",155,https://economicsacademy.co.uk/past-paper-questions/aqa/,AQA A-Level Economics Past Paper Questions | Economics Academy,1,AQA A-Level Economics — Past Paper Questions,15406,1196,146,2,True,
https://economicsacademy.co.uk/past-paper-questions/aqa/1-3-1-the-determinants-of-the-demand-for-goods-and-services/,200,,https://economicsacademy.co.uk/past-paper-questions/aqa/1-3-1-the-determinants-of-the-demand-for-goods-and-services/,https://economicsacademy.co.uk/past-paper-questions/aqa/1-3-1-the-determinants-of-the-demand-for-goods-and-services/,True,,The Determinants of the Demand for Goods and Services Past Paper Questions — AQA A-Level Economics | Economics Academy,118,"6 AQA A-Level Economics past paper questions on The Determinants of the Demand for Goods and Services (spec 1.3.1), 2019 to 2023. Each links straight to the right page of the official mark scheme.",196,https://economicsacademy.co.uk/past-paper-questions/aqa/1-3-1-the-determinants-of-the-demand-for-goods-and-services/,The Determinants of the Demand for Goods and Services Past Paper Questions — AQA A-Level Economics | Economics Academy,1,The Determinants of the Demand for Goods and Services — AQA Past Paper Questions,601,49,40,2,True,
https://economicsacademy.co.uk/past-paper-questions/aqa/1-3-5-the-determination-of-equilibrium-market-prices/,200,,https://economicsacademy.co.uk/past-paper-questions/aqa/1-3-5-the-determination-of-equilibrium-market-prices/,https://economicsacademy.co.uk/past-paper-questions/aqa/1-3-5-the-determination-of-equilibrium-market-prices/,True,,The Determination of Equilibrium Market Prices Past Paper Questions — AQA A-Level Economics | Economics Academy,111,"9 AQA A-Level Economics past paper questions on The Determination of Equilibrium Market Prices (spec 1.3.5), 2019 to 2024. Each links straight to the right page of the official mark scheme.",189,https://economicsacademy.co.uk/past-paper-questions/aqa/1-3-5-the-determination-of-equilibrium-market-prices/,The Determination of Equilibrium Market Prices Past Paper Questions — AQA A-Level Economics | Economics Academy,1,The Determination of Equilibrium Market Prices — AQA Past Paper Questions,827,64,49,2,True,
https://economicsacademy.co.uk/past-paper-questions/aqa/1-4-7-profit/,200,,https://economicsacademy.co.uk/past-paper-questions/aqa/1-4-7-profit/,https://economicsacademy.co.uk/past-paper-questions/aqa/1-4-7-profit/,True,,Profit Past Paper Questions — AQA A-Level Economics | Economics Academy,71,"5 AQA A-Level Economics past paper questions on Profit (spec 1.4.7), 2018 to 2022. Each links straight to the right page of the official mark scheme.",149,https://economicsacademy.co.uk/past-paper-questions/aqa/1-4-7-profit/,Profit Past Paper Questions — AQA A-Level Economics | Economics Academy,1,Profit — AQA Past Paper Questions,478,41,37,2,True,
https://economicsacademy.co.uk/past-paper-questions/aqa/1-4-8-technological-change/,200,,https://economicsacademy.co.uk/past-paper-questions/aqa/1-4-8-technological-change/,https://economicsacademy.co.uk/past-paper-questions/aqa/1-4-8-technological-change/,True,,Technological Change Past Paper Questions — AQA A-Level Economics | Economics Academy,85,"5 AQA A-Level Economics past paper questions on Technological Change (spec 1.4.8), 2017 to 2021. Each links straight to the right page of the official mark scheme.",163,https://economicsacademy.co.uk/past-paper-questions/aqa/1-4-8-technological-change/,Technological Change Past Paper Questions — AQA A-Level Economics | Economics Academy,1,Technological Change — AQA Past Paper Questions,566,43,29,2,True,
https://economicsacademy.co.uk/past-paper-questions/aqa/1-5-10-market-structure-efficiency-resource-allocation/,200,,https://economicsacademy.co.uk/past-paper-questions/aqa/1-5-10-market-structure-efficiency-resource-allocation/,https://economicsacademy.co.uk/past-paper-questions/aqa/1-5-10-market-structure-efficiency-resource-allocation/,True,,"Market Structure, Static Efficiency, Dynamic Efficiency and Resource Allocation Past Paper Questions — AQA A-Level Economics | Economics Academy",144,"4 AQA A-Level Economics past paper questions on Market Structure, Static Efficiency, Dynamic Efficiency and Resource Allocation (spec 1.5.10), 2017 to 2023. Each links straight to the right page of the official mark scheme.",223,https://economicsacademy.co.uk/past-paper-questions/aqa/1-5-10-market-structure-efficiency-resource-allocation/,"Market Structure, Static Efficiency, Dynamic Efficiency and Resource Allocation Past Paper Questions — AQA A-Level Economics | Economics Academy",1,"Market Structure, Static Efficiency, Dynamic Efficiency and Resource Allocation — AQA Past Paper Questions",408,35,19,2,True,
https://economicsacademy.co.uk/past-paper-questions/aqa/1-5-5-oligopoly/,200,,https://economicsacademy.co.uk/past-paper-questions/aqa/1-5-5-oligopoly/,https://economicsacademy.co.uk/past-paper-questions/aqa/1-5-5-oligopoly/,True,,Oligopoly Past Paper Questions — AQA A-Level Economics | Economics Academy,74,"7 AQA A-Level Economics past paper questions on Oligopoly (spec 1.5.5), 2017 to 2022. Each links straight to the right page of the official mark scheme.",152,https://economicsacademy.co.uk/past-paper-questions/aqa/1-5-5-oligopoly/,Oligopoly Past Paper Questions — AQA A-Level Economics | Economics Academy,1,Oligopoly — AQA Past Paper Questions,727,56,36,2,True,
https://economicsacademy.co.uk/past-paper-questions/aqa/1-5-6-monopoly-and-monopoly-power/,200,,https://economicsacademy.co.uk/past-paper-questions/aqa/1-5-6-monopoly-and-monopoly-power/,https://economicsacademy.co.uk/past-paper-questions/aqa/1-5-6-monopoly-and-monopoly-power/,True,,Monopoly and Monopoly Power Past Paper Questions — AQA A-Level Economics | Economics Academy,92,"5 AQA A-Level Economics past paper questions on Monopoly and Monopoly Power (spec 1.5.6), 2017 to 2021. Each links straight to the right page of the official mark scheme.",170,https://economicsacademy.co.uk/past-paper-questions/aqa/1-5-6-monopoly-and-monopoly-power/,Monopoly and Monopoly Power Past Paper Questions — AQA A-Level Economics | Economics Academy,1,Monopoly and Monopoly Power — AQA Past Paper Questions,584,43,27,2,True,
https://economicsacademy.co.uk/past-paper-questions/aqa/1-5-8-the-dynamics-of-competition-and-competitive-market-processes/,200,,https://economicsacademy.co.uk/past-paper-questions/aqa/1-5-8-the-dynamics-of-competition-and-competitive-market-processes/,https://economicsacademy.co.uk/past-paper-questions/aqa/1-5-8-the-dynamics-of-competition-and-competitive-market-processes/,True,,The Dynamics of Competition and Competitive Market Processes Past Paper Questions — AQA A-Level Economics | Economics Academy,125,"5 AQA A-Level Economics past paper questions on The Dynamics of Competition and Competitive Market Processes (spec 1.5.8), 2017 to 2022. Each links straight to the right page of the official mark scheme.",203,https://economicsacademy.co.uk/past-paper-questions/aqa/1-5-8-the-dynamics-of-competition-and-competitive-market-processes/,The Dynamics of Competition and Competitive Market Processes Past Paper Questions — AQA A-Level Economics | Economics Academy,1,The Dynamics of Competition and Competitive Market Processes — AQA Past Paper Questions,542,45,29,2,True,
https://economicsacademy.co.uk/past-paper-questions/aqa/1-6-2-influence-upon-the-supply-of-labour-to-different-markets/,200,,https://economicsacademy.co.uk/past-paper-questions/aqa/1-6-2-influence-upon-the-supply-of-labour-to-different-markets/,https://economicsacademy.co.uk/past-paper-questions/aqa/1-6-2-influence-upon-the-supply-of-labour-to-different-markets/,True,,Influence upon the Supply of Labour to Different Markets Past Paper Questions — AQA A-Level Economics | Economics Academy,121,"11 AQA A-Level Economics past paper questions on Influence upon the Supply of Labour to Different Markets (spec 1.6.2), 2017 to 2024. Each links straight to the right page of the official mark scheme.",200,https://economicsacademy.co.uk/past-paper-questions/aqa/1-6-2-influence-upon-the-supply-of-labour-to-different-markets/,Influence upon the Supply of Labour to Different Markets Past Paper Questions — AQA A-Level Economics | Economics Academy,1,Influence upon the Supply of Labour to Different Markets — AQA Past Paper Questions,1029,74,41,2,True,
https://economicsacademy.co.uk/past-paper-questions/aqa/1-6-5-the-influence-of-trade-unions-in-determining-wages-and-levels-of-employment/,200,,https://economicsacademy.co.uk/past-paper-questions/aqa/1-6-5-the-influence-of-trade-unions-in-determining-wages-and-levels-of-employment/,https://economicsacademy.co.uk/past-paper-questions/aqa/1-6-5-the-influence-of-trade-unions-in-determining-wages-and-levels-of-employment/,True,,The Influence of Trade Unions in Determining Wages and Levels of Employment Past Paper Questions — AQA A-Level Economics | Economics Academy,140,"4 AQA A-Level Economics past paper questions on The Influence of Trade Unions in Determining Wages and Levels of Employment (spec 1.6.5), 2022 to 2024. Each links straight to the right page of the official mark scheme.",218,https://economicsacademy.co.uk/past-paper-questions/aqa/1-6-5-the-influence-of-trade-unions-in-determining-wages-and-levels-of-employment/,The Influence of Trade Unions in Determining Wages and Levels of Employment Past Paper Questions — AQA A-Level Economics | Economics Academy,1,The Influence of Trade Unions in Determining Wages and Levels of Employment — AQA Past Paper Questions,502,36,17,2,True,
https://economicsacademy.co.uk/past-paper-questions/aqa/1-6-7-discrimination-in-the-labour-market/,200,,https://economicsacademy.co.uk/past-paper-questions/aqa/1-6-7-discrimination-in-the-labour-market/,https://economicsacademy.co.uk/past-paper-questions/aqa/1-6-7-discrimination-in-the-labour-market/,True,,Discrimination in the Labour Market Past Paper Questions — AQA A-Level Economics | Economics Academy,100,"6 AQA A-Level Economics past paper questions on Discrimination in the Labour Market (spec 1.6.7), 2017 to 2021. Each links straight to the right page of the official mark scheme.",178,https://economicsacademy.co.uk/past-paper-questions/aqa/1-6-7-discrimination-in-the-labour-market/,Discrimination in the Labour Market Past Paper Questions — AQA A-Level Economics | Economics Academy,1,Discrimination in the Labour Market — AQA Past Paper Questions,634,48,24,2,True,
https://economicsacademy.co.uk/past-paper-questions/aqa/1-7-1-the-distribution-of-income-and-wealth/,200,,https://economicsacademy.co.uk/past-paper-questions/aqa/1-7-1-the-distribution-of-income-and-wealth/,https://economicsacademy.co.uk/past-paper-questions/aqa/1-7-1-the-distribution-of-income-and-wealth/,True,,The Distribution of Income and Wealth Past Paper Questions — AQA A-Level Economics | Economics Academy,102,"5 AQA A-Level Economics past paper questions on The Distribution of Income and Wealth (spec 1.7.1), 2018 to 2024. Each links straight to the right page of the official mark scheme.",180,https://economicsacademy.co.uk/past-paper-questions/aqa/1-7-1-the-distribution-of-income-and-wealth/,The Distribution of Income and Wealth Past Paper Questions — AQA A-Level Economics | Economics Academy,1,The Distribution of Income and Wealth — AQA Past Paper Questions,487,39,20,2,True,
https://economicsacademy.co.uk/past-paper-questions/aqa/1-7-2-the-problem-of-poverty/,200,,https://economicsacademy.co.uk/past-paper-questions/aqa/1-7-2-the-problem-of-poverty/,https://economicsacademy.co.uk/past-paper-questions/aqa/1-7-2-the-problem-of-poverty/,True,,The Problem of Poverty Past Paper Questions — AQA A-Level Economics | Economics Academy,87,"4 AQA A-Level Economics past paper questions on The Problem of Poverty (spec 1.7.2), 2017 to 2023. Each links straight to the right page of the official mark scheme.",165,https://economicsacademy.co.uk/past-paper-questions/aqa/1-7-2-the-problem-of-poverty/,The Problem of Poverty Past Paper Questions — AQA A-Level Economics | Economics Academy,1,The Problem of Poverty — AQA Past Paper Questions,449,37,19,2,True,
https://economicsacademy.co.uk/past-paper-questions/aqa/1-7-3-government-policies-poverty-income-distribution/,200,,https://economicsacademy.co.uk/past-paper-questions/aqa/1-7-3-government-policies-poverty-income-distribution/,https://economicsacademy.co.uk/past-paper-questions/aqa/1-7-3-government-policies-poverty-income-distribution/,True,,Government Policies to Alleviate Poverty and to Influence the Distribution of Income and Wealth Past Paper Questions — AQA A-Level Economics | Economics Academy,160,"4 AQA A-Level Economics past paper questions on Government Policies to Alleviate Poverty and to Influence the Distribution of Income and Wealth (spec 1.7.3), 2017 to 2023. Each links straight to the right page of the official mark scheme.",238,https://economicsacademy.co.uk/past-paper-questions/aqa/1-7-3-government-policies-poverty-income-distribution/,Government Policies to Alleviate Poverty and to Influence the Distribution of Income and Wealth Past Paper Questions — AQA A-Level Economics | Economics Academy,1,Government Policies to Alleviate Poverty and to Influence the Distribution of Income and Wealth — AQA Past Paper Questions,467,35,18,2,True,
https://economicsacademy.co.uk/past-paper-questions/aqa/1-8-4-positive-and-negative-externalities-in-consumption-and-production/,200,,https://economicsacademy.co.uk/past-paper-questions/aqa/1-8-4-positive-and-negative-externalities-in-consumption-and-production/,https://economicsacademy.co.uk/past-paper-questions/aqa/1-8-4-positive-and-negative-externalities-in-consumption-and-production/,True,,Positive and Negative Externalities in Consumption and Production Past Paper Questions — AQA A-Level Economics | Economics Academy,130,"11 AQA A-Level Economics past paper questions on Positive and Negative Externalities in Consumption and Production (spec 1.8.4), 2017 to 2023. Each links straight to the right page of the official mark scheme.",209,https://economicsacademy.co.uk/past-paper-questions/aqa/1-8-4-positive-and-negative-externalities-in-consumption-and-production/,Positive and Negative Externalities in Consumption and Production Past Paper Questions — AQA A-Level Economics | Economics Academy,1,Positive and Negative Externalities in Consumption and Production — AQA Past Paper Questions,913,72,42,2,True,
https://economicsacademy.co.uk/past-paper-questions/aqa/1-8-7-competition-policy/,200,,https://economicsacademy.co.uk/past-paper-questions/aqa/1-8-7-competition-policy/,https://economicsacademy.co.uk/past-paper-questions/aqa/1-8-7-competition-policy/,True,,Competition Policy Past Paper Questions — AQA A-Level Economics | Economics Academy,83,"4 AQA A-Level Economics past paper questions on Competition Policy (spec 1.8.7), 2017 to 2023. Each links straight to the right page of the official mark scheme.",161,https://economicsacademy.co.uk/past-paper-questions/aqa/1-8-7-competition-policy/,Competition Policy Past Paper Questions — AQA A-Level Economics | Economics Academy,1,Competition Policy — AQA Past Paper Questions,458,36,20,2,True,
https://economicsacademy.co.uk/past-paper-questions/aqa/1-8-8-public-ownership-privatisation-regulation-and-deregulation-of-markets/,200,,https://economicsacademy.co.uk/past-paper-questions/aqa/1-8-8-public-ownership-privatisation-regulation-and-deregulation-of-markets/,https://economicsacademy.co.uk/past-paper-questions/aqa/1-8-8-public-ownership-privatisation-regulation-and-deregulation-of-markets/,True,,"Public Ownership, Privatisation, Regulation and Deregulation of Markets Past Paper Questions — AQA A-Level Economics | Economics Academy",136,"4 AQA A-Level Economics past paper questions on Public Ownership, Privatisation, Regulation and Deregulation of Markets (spec 1.8.8), 2019 to 2024. Each links straight to the right page of the official mark scheme.",214,https://economicsacademy.co.uk/past-paper-questions/aqa/1-8-8-public-ownership-privatisation-regulation-and-deregulation-of-markets/,"Public Ownership, Privatisation, Regulation and Deregulation of Markets Past Paper Questions — AQA A-Level Economics | Economics Academy",1,"Public Ownership, Privatisation, Regulation and Deregulation of Markets — AQA Past Paper Questions",463,35,18,2,True,
https://economicsacademy.co.uk/past-paper-questions/aqa/1-8-9-government-intervention-in-markets/,200,,https://economicsacademy.co.uk/past-paper-questions/aqa/1-8-9-government-intervention-in-markets/,https://economicsacademy.co.uk/past-paper-questions/aqa/1-8-9-government-intervention-in-markets/,True,,Government Intervention in Markets Past Paper Questions — AQA A-Level Economics | Economics Academy,99,"13 AQA A-Level Economics past paper questions on Government Intervention in Markets (spec 1.8.9), 2017 to 2024. Each links straight to the right page of the official mark scheme.",178,https://economicsacademy.co.uk/past-paper-questions/aqa/1-8-9-government-intervention-in-markets/,Government Intervention in Markets Past Paper Questions — AQA A-Level Economics | Economics Academy,1,Government Intervention in Markets — AQA Past Paper Questions,1186,84,53,2,True,
https://economicsacademy.co.uk/past-paper-questions/aqa/2-1-2-macroeconomic-indicators/,200,,https://economicsacademy.co.uk/past-paper-questions/aqa/2-1-2-macroeconomic-indicators/,https://economicsacademy.co.uk/past-paper-questions/aqa/2-1-2-macroeconomic-indicators/,True,,Macroeconomic Indicators Past Paper Questions — AQA A-Level Economics | Economics Academy,89,"4 AQA A-Level Economics past paper questions on Macroeconomic Indicators (spec 2.1.2), 2017 to 2024. Each links straight to the right page of the official mark scheme.",167,https://economicsacademy.co.uk/past-paper-questions/aqa/2-1-2-macroeconomic-indicators/,Macroeconomic Indicators Past Paper Questions — AQA A-Level Economics | Economics Academy,1,Macroeconomic Indicators — AQA Past Paper Questions,456,38,31,2,True,
https://economicsacademy.co.uk/past-paper-questions/aqa/2-1-4-uses-of-national-income-data/,200,,https://economicsacademy.co.uk/past-paper-questions/aqa/2-1-4-uses-of-national-income-data/,https://economicsacademy.co.uk/past-paper-questions/aqa/2-1-4-uses-of-national-income-data/,True,,Uses of National Income Data Past Paper Questions — AQA A-Level Economics | Economics Academy,93,"9 AQA A-Level Economics past paper questions on Uses of National Income Data (spec 2.1.4), 2017 to 2024. Each links straight to the right page of the official mark scheme.",171,https://economicsacademy.co.uk/past-paper-questions/aqa/2-1-4-uses-of-national-income-data/,Uses of National Income Data Past Paper Questions — AQA A-Level Economics | Economics Academy,1,Uses of National Income Data — AQA Past Paper Questions,775,65,51,2,True,
https://economicsacademy.co.uk/past-paper-questions/aqa/2-2-3-the-determinants-of-aggregate-demand/,200,,https://economicsacademy.co.uk/past-paper-questions/aqa/2-2-3-the-determinants-of-aggregate-demand/,https://economicsacademy.co.uk/past-paper-questions/aqa/2-2-3-the-determinants-of-aggregate-demand/,True,,The Determinants of Aggregate Demand Past Paper Questions — AQA A-Level Economics | Economics Academy,101,"4 AQA A-Level Economics past paper questions on The Determinants of Aggregate Demand (spec 2.2.3), 2018 to 2021. Each links straight to the right page of the official mark scheme.",179,https://economicsacademy.co.uk/past-paper-questions/aqa/2-2-3-the-determinants-of-aggregate-demand/,The Determinants of Aggregate Demand Past Paper Questions — AQA A-Level Economics | Economics Academy,1,The Determinants of Aggregate Demand — AQA Past Paper Questions,423,35,25,2,True,
https://economicsacademy.co.uk/past-paper-questions/aqa/2-2-6-determinants-of-long-run-aggregate-supply/,200,,https://economicsacademy.co.uk/past-paper-questions/aqa/2-2-6-determinants-of-long-run-aggregate-supply/,https://economicsacademy.co.uk/past-paper-questions/aqa/2-2-6-determinants-of-long-run-aggregate-supply/,True,,Determinants of Long-Run Aggregate Supply Past Paper Questions — AQA A-Level Economics | Economics Academy,106,"5 AQA A-Level Economics past paper questions on Determinants of Long-Run Aggregate Supply (spec 2.2.6), 2017 to 2024. Each links straight to the right page of the official mark scheme.",184,https://economicsacademy.co.uk/past-paper-questions/aqa/2-2-6-determinants-of-long-run-aggregate-supply/,Determinants of Long-Run Aggregate Supply Past Paper Questions — AQA A-Level Economics | Economics Academy,1,Determinants of Long-Run Aggregate Supply — AQA Past Paper Questions,563,43,25,2,True,
https://economicsacademy.co.uk/past-paper-questions/aqa/2-3-1-economic-growth-and-the-economic-cycle/,200,,https://economicsacademy.co.uk/past-paper-questions/aqa/2-3-1-economic-growth-and-the-economic-cycle/,https://economicsacademy.co.uk/past-paper-questions/aqa/2-3-1-economic-growth-and-the-economic-cycle/,True,,Economic Growth and the Economic Cycle Past Paper Questions — AQA A-Level Economics | Economics Academy,103,"12 AQA A-Level Economics past paper questions on Economic Growth and the Economic Cycle (spec 2.3.1), 2017 to 2024. Each links straight to the right page of the official mark scheme.",182,https://economicsacademy.co.uk/past-paper-questions/aqa/2-3-1-economic-growth-and-the-economic-cycle/,Economic Growth and the Economic Cycle Past Paper Questions — AQA A-Level Economics | Economics Academy,1,Economic Growth and the Economic Cycle — AQA Past Paper Questions,882,78,56,2,True,
https://economicsacademy.co.uk/past-paper-questions/aqa/2-3-2-employment-and-unemployment/,200,,https://economicsacademy.co.uk/past-paper-questions/aqa/2-3-2-employment-and-unemployment/,https://economicsacademy.co.uk/past-paper-questions/aqa/2-3-2-employment-and-unemployment/,True,,Employment and Unemployment Past Paper Questions — AQA A-Level Economics | Economics Academy,92,"10 AQA A-Level Economics past paper questions on Employment and Unemployment (spec 2.3.2), 2017 to 2024. Each links straight to the right page of the official mark scheme.",171,https://economicsacademy.co.uk/past-paper-questions/aqa/2-3-2-employment-and-unemployment/,Employment and Unemployment Past Paper Questions — AQA A-Level Economics | Economics Academy,1,Employment and Unemployment — AQA Past Paper Questions,706,65,45,2,True,
https://economicsacademy.co.uk/past-paper-questions/aqa/2-3-3-inflation-and-deflation/,200,,https://economicsacademy.co.uk/past-paper-questions/aqa/2-3-3-inflation-and-deflation/,https://economicsacademy.co.uk/past-paper-questions/aqa/2-3-3-inflation-and-deflation/,True,,Inflation and Deflation Past Paper Questions — AQA A-Level Economics | Economics Academy,88,"9 AQA A-Level Economics past paper questions on Inflation and Deflation (spec 2.3.3), 2017 to 2024. Each links straight to the right page of the official mark scheme.",166,https://economicsacademy.co.uk/past-paper-questions/aqa/2-3-3-inflation-and-deflation/,Inflation and Deflation Past Paper Questions — AQA A-Level Economics | Economics Academy,1,Inflation and Deflation — AQA Past Paper Questions,747,60,39,2,True,
https://economicsacademy.co.uk/past-paper-questions/aqa/2-3-4-possible-conflicts-between-macroeconomic-policy-objectives/,200,,https://economicsacademy.co.uk/past-paper-questions/aqa/2-3-4-possible-conflicts-between-macroeconomic-policy-objectives/,https://economicsacademy.co.uk/past-paper-questions/aqa/2-3-4-possible-conflicts-between-macroeconomic-policy-objectives/,True,,Possible Conflicts between Macroeconomic Policy Objectives Past Paper Questions — AQA A-Level Economics | Economics Academy,123,"5 AQA A-Level Economics past paper questions on Possible Conflicts between Macroeconomic Policy Objectives (spec 2.3.4), 2017 to 2023. Each links straight to the right page of the official mark scheme.",201,https://economicsacademy.co.uk/past-paper-questions/aqa/2-3-4-possible-conflicts-between-macroeconomic-policy-objectives/,Possible Conflicts between Macroeconomic Policy Objectives Past Paper Questions — AQA A-Level Economics | Economics Academy,1,Possible Conflicts between Macroeconomic Policy Objectives — AQA Past Paper Questions,469,39,21,2,True,
https://economicsacademy.co.uk/past-paper-questions/aqa/2-4-3-central-banks-and-monetary-policy/,200,,https://economicsacademy.co.uk/past-paper-questions/aqa/2-4-3-central-banks-and-monetary-policy/,https://economicsacademy.co.uk/past-paper-questions/aqa/2-4-3-central-banks-and-monetary-policy/,True,,Central Banks and Monetary Policy Past Paper Questions — AQA A-Level Economics | Economics Academy,98,"8 AQA A-Level Economics past paper questions on Central Banks and Monetary Policy (spec 2.4.3), 2018 to 2024. Each links straight to the right page of the official mark scheme.",176,https://economicsacademy.co.uk/past-paper-questions/aqa/2-4-3-central-banks-and-monetary-policy/,Central Banks and Monetary Policy Past Paper Questions — AQA A-Level Economics | Economics Academy,1,Central Banks and Monetary Policy — AQA Past Paper Questions,797,57,29,2,True,
https://economicsacademy.co.uk/past-paper-questions/aqa/2-5-1-fiscal-policy/,200,,https://economicsacademy.co.uk/past-paper-questions/aqa/2-5-1-fiscal-policy/,https://economicsacademy.co.uk/past-paper-questions/aqa/2-5-1-fiscal-policy/,True,,Fiscal Policy Past Paper Questions — AQA A-Level Economics | Economics Academy,78,"22 AQA A-Level Economics past paper questions on Fiscal Policy (spec 2.5.1), 2017 to 2024. Each links straight to the right page of the official mark scheme.",157,https://economicsacademy.co.uk/past-paper-questions/aqa/2-5-1-fiscal-policy/,Fiscal Policy Past Paper Questions — AQA A-Level Economics | Economics Academy,1,Fiscal Policy — AQA Past Paper Questions,1560,126,78,2,True,
https://economicsacademy.co.uk/past-paper-questions/aqa/2-5-2-supply-side-policies/,200,,https://economicsacademy.co.uk/past-paper-questions/aqa/2-5-2-supply-side-policies/,https://economicsacademy.co.uk/past-paper-questions/aqa/2-5-2-supply-side-policies/,True,,Supply-Side Policies Past Paper Questions — AQA A-Level Economics | Economics Academy,85,"9 AQA A-Level Economics past paper questions on Supply-Side Policies (spec 2.5.2), 2017 to 2024. Each links straight to the right page of the official mark scheme.",163,https://economicsacademy.co.uk/past-paper-questions/aqa/2-5-2-supply-side-policies/,Supply-Side Policies Past Paper Questions — AQA A-Level Economics | Economics Academy,1,Supply-Side Policies — AQA Past Paper Questions,779,64,37,2,True,
https://economicsacademy.co.uk/past-paper-questions/aqa/2-6-1-globalisation/,200,,https://economicsacademy.co.uk/past-paper-questions/aqa/2-6-1-globalisation/,https://economicsacademy.co.uk/past-paper-questions/aqa/2-6-1-globalisation/,True,,Globalisation Past Paper Questions — AQA A-Level Economics | Economics Academy,78,"6 AQA A-Level Economics past paper questions on Globalisation (spec 2.6.1), 2018 to 2024. Each links straight to the right page of the official mark scheme.",156,https://economicsacademy.co.uk/past-paper-questions/aqa/2-6-1-globalisation/,Globalisation Past Paper Questions — AQA A-Level Economics | Economics Academy,1,Globalisation — AQA Past Paper Questions,566,47,28,2,True,
https://economicsacademy.co.uk/past-paper-questions/aqa/2-6-2-trade/,200,,https://economicsacademy.co.uk/past-paper-questions/aqa/2-6-2-trade/,https://economicsacademy.co.uk/past-paper-questions/aqa/2-6-2-trade/,True,,Trade Past Paper Questions — AQA A-Level Economics | Economics Academy,70,"13 AQA A-Level Economics past paper questions on Trade (spec 2.6.2), 2017 to 2022. Each links straight to the right page of the official mark scheme.",149,https://economicsacademy.co.uk/past-paper-questions/aqa/2-6-2-trade/,Trade Past Paper Questions — AQA A-Level Economics | Economics Academy,1,Trade — AQA Past Paper Questions,1019,85,53,2,True,
https://economicsacademy.co.uk/past-paper-questions/aqa/2-6-3-the-balance-of-payments/,200,,https://economicsacademy.co.uk/past-paper-questions/aqa/2-6-3-the-balance-of-payments/,https://economicsacademy.co.uk/past-paper-questions/aqa/2-6-3-the-balance-of-payments/,True,,The Balance of Payments Past Paper Questions — AQA A-Level Economics | Economics Academy,88,"8 AQA A-Level Economics past paper questions on The Balance of Payments (spec 2.6.3), 2017 to 2022. Each links straight to the right page of the official mark scheme.",166,https://economicsacademy.co.uk/past-paper-questions/aqa/2-6-3-the-balance-of-payments/,The Balance of Payments Past Paper Questions — AQA A-Level Economics | Economics Academy,1,The Balance of Payments — AQA Past Paper Questions,737,57,35,2,True,
https://economicsacademy.co.uk/past-paper-questions/aqa/2-6-4-exchange-rate-systems/,200,,https://economicsacademy.co.uk/past-paper-questions/aqa/2-6-4-exchange-rate-systems/,https://economicsacademy.co.uk/past-paper-questions/aqa/2-6-4-exchange-rate-systems/,True,,Exchange Rate Systems Past Paper Questions — AQA A-Level Economics | Economics Academy,86,"8 AQA A-Level Economics past paper questions on Exchange Rate Systems (spec 2.6.4), 2018 to 2022. Each links straight to the right page of the official mark scheme.",164,https://economicsacademy.co.uk/past-paper-questions/aqa/2-6-4-exchange-rate-systems/,Exchange Rate Systems Past Paper Questions — AQA A-Level Economics | Economics Academy,1,Exchange Rate Systems — AQA Past Paper Questions,630,54,34,2,True,
https://economicsacademy.co.uk/past-paper-questions/aqa/2-6-5-economic-growth-and-development/,200,,https://economicsacademy.co.uk/past-paper-questions/aqa/2-6-5-economic-growth-and-development/,https://economicsacademy.co.uk/past-paper-questions/aqa/2-6-5-economic-growth-and-development/,True,,Economic Growth and Development Past Paper Questions — AQA A-Level Economics | Economics Academy,96,"13 AQA A-Level Economics past paper questions on Economic Growth and Development (spec 2.6.5), 2017 to 2024. Each links straight to the right page of the official mark scheme.",175,https://economicsacademy.co.uk/past-paper-questions/aqa/2-6-5-economic-growth-and-development/,Economic Growth and Development Past Paper Questions — AQA A-Level Economics | Economics Academy,1,Economic Growth and Development — AQA Past Paper Questions,1049,86,52,2,True,
https://economicsacademy.co.uk/past-paper-questions/aqa/macroeconomics/,200,,https://economicsacademy.co.uk/past-paper-questions/aqa/macroeconomics/,https://economicsacademy.co.uk/past-paper-questions/aqa/macroeconomics/,True,,AQA Macroeconomics Past Paper Questions — A-Level Economics | Economics Academy,79,"126 AQA A-Level Economics past paper questions on Macroeconomics: The National and International Economy, 2017 to 2024. Each links straight to the right page of the official mark scheme.",186,https://economicsacademy.co.uk/past-paper-questions/aqa/macroeconomics/,AQA Macroeconomics Past Paper Questions — A-Level Economics | Economics Academy,1,AQA Macroeconomics: The National and International Economy — Past Paper Questions,7667,629,107,2,True,
https://economicsacademy.co.uk/past-paper-questions/aqa/microeconomics/,200,,https://economicsacademy.co.uk/past-paper-questions/aqa/microeconomics/,https://economicsacademy.co.uk/past-paper-questions/aqa/microeconomics/,True,,AQA Microeconomics Past Paper Questions — A-Level Economics | Economics Academy,79,"125 AQA A-Level Economics past paper questions on Microeconomics: Individuals, Firms, Markets and Market Failure, 2017 to 2024. Each links straight to the right page of the official mark scheme.",194,https://economicsacademy.co.uk/past-paper-questions/aqa/microeconomics/,AQA Microeconomics Past Paper Questions — A-Level Economics | Economics Academy,1,"AQA Microeconomics: Individuals, Firms, Markets and Market Failure — Past Paper Questions",8112,594,111,2,True,
https://economicsacademy.co.uk/past-paper-questions/edexcel/,200,,https://economicsacademy.co.uk/past-paper-questions/edexcel/,https://economicsacademy.co.uk/past-paper-questions/edexcel/,True,,Edexcel A-Level Economics Past Paper Questions | Economics Academy,66,"304 Edexcel A-Level Economics past paper questions (A Level Economics A (9EC0)), 2016 to 2024. Each links straight to the right page of the official mark scheme.",161,https://economicsacademy.co.uk/past-paper-questions/edexcel/,Edexcel A-Level Economics Past Paper Questions | Economics Academy,1,Edexcel A-Level Economics — Past Paper Questions,18890,1609,176,2,True,
https://economicsacademy.co.uk/past-paper-questions/edexcel/1-1-3-the-economic-problem/,200,,https://economicsacademy.co.uk/past-paper-questions/edexcel/1-1-3-the-economic-problem/,https://economicsacademy.co.uk/past-paper-questions/edexcel/1-1-3-the-economic-problem/,True,,The Economic Problem Past Paper Questions — Edexcel A-Level Economics | Economics Academy,89,"4 Edexcel A-Level Economics past paper questions on The Economic Problem (spec 1.1.3), 2018 to 2020. Each links straight to the right page of the official mark scheme.",167,https://economicsacademy.co.uk/past-paper-questions/edexcel/1-1-3-the-economic-problem/,The Economic Problem Past Paper Questions — Edexcel A-Level Economics | Economics Academy,1,The Economic Problem — Edexcel Past Paper Questions,429,38,21,2,True,
https://economicsacademy.co.uk/past-paper-questions/edexcel/1-1-6-types-of-economies/,200,,https://economicsacademy.co.uk/past-paper-questions/edexcel/1-1-6-types-of-economies/,https://economicsacademy.co.uk/past-paper-questions/edexcel/1-1-6-types-of-economies/,True,,Types of Economies Past Paper Questions — Edexcel A-Level Economics | Economics Academy,87,"5 Edexcel A-Level Economics past paper questions on Types of Economies (spec 1.1.6), 2017 to 2023. Each links straight to the right page of the official mark scheme.",165,https://economicsacademy.co.uk/past-paper-questions/edexcel/1-1-6-types-of-economies/,Types of Economies Past Paper Questions — Edexcel A-Level Economics | Economics Academy,1,Types of Economies — Edexcel Past Paper Questions,531,46,26,2,True,
https://economicsacademy.co.uk/past-paper-questions/edexcel/1-2-1-rational-decision-making/,200,,https://economicsacademy.co.uk/past-paper-questions/edexcel/1-2-1-rational-decision-making/,https://economicsacademy.co.uk/past-paper-questions/edexcel/1-2-1-rational-decision-making/,True,,Rational Decision Making Past Paper Questions — Edexcel A-Level Economics | Economics Academy,93,"4 Edexcel A-Level Economics past paper questions on Rational Decision Making (spec 1.2.1), 2017 to 2024. Each links straight to the right page of the official mark scheme.",171,https://economicsacademy.co.uk/past-paper-questions/edexcel/1-2-1-rational-decision-making/,Rational Decision Making Past Paper Questions — Edexcel A-Level Economics | Economics Academy,1,Rational Decision Making — Edexcel Past Paper Questions,434,39,28,2,True,
https://economicsacademy.co.uk/past-paper-questions/edexcel/1-2-10-alternative-views-of-consumer-behaviour/,200,,https://economicsacademy.co.uk/past-paper-questions/edexcel/1-2-10-alternative-views-of-consumer-behaviour/,https://economicsacademy.co.uk/past-paper-questions/edexcel/1-2-10-alternative-views-of-consumer-behaviour/,True,,Alternative Views of Consumer Behaviour Past Paper Questions — Edexcel A-Level Economics | Economics Academy,108,"5 Edexcel A-Level Economics past paper questions on Alternative Views of Consumer Behaviour (spec 1.2.10), 2017 to 2024. Each links straight to the right page of the official mark scheme.",187,https://economicsacademy.co.uk/past-paper-questions/edexcel/1-2-10-alternative-views-of-consumer-behaviour/,Alternative Views of Consumer Behaviour Past Paper Questions — Edexcel A-Level Economics | Economics Academy,1,Alternative Views of Consumer Behaviour — Edexcel Past Paper Questions,521,47,28,2,True,
https://economicsacademy.co.uk/past-paper-questions/edexcel/1-2-2-demand/,200,,https://economicsacademy.co.uk/past-paper-questions/edexcel/1-2-2-demand/,https://economicsacademy.co.uk/past-paper-questions/edexcel/1-2-2-demand/,True,,Demand Past Paper Questions — Edexcel A-Level Economics | Economics Academy,75,"5 Edexcel A-Level Economics past paper questions on Demand (spec 1.2.2), 2017 to 2024. Each links straight to the right page of the official mark scheme.",153,https://economicsacademy.co.uk/past-paper-questions/edexcel/1-2-2-demand/,Demand Past Paper Questions — Edexcel A-Level Economics | Economics Academy,1,Demand — Edexcel Past Paper Questions,515,46,34,2,True,
https://economicsacademy.co.uk/past-paper-questions/edexcel/1-2-3-price-income-cross-elasticities-of-demand/,200,,https://economicsacademy.co.uk/past-paper-questions/edexcel/1-2-3-price-income-cross-elasticities-of-demand/,https://economicsacademy.co.uk/past-paper-questions/edexcel/1-2-3-price-income-cross-elasticities-of-demand/,True,,"Price, Income and Cross Elasticities of Demand Past Paper Questions — Edexcel A-Level Economics | Economics Academy",115,"14 Edexcel A-Level Economics past paper questions on Price, Income and Cross Elasticities of Demand (spec 1.2.3), 2017 to 2024. Each links straight to the right page of the official mark scheme.",194,https://economicsacademy.co.uk/past-paper-questions/edexcel/1-2-3-price-income-cross-elasticities-of-demand/,"Price, Income and Cross Elasticities of Demand Past Paper Questions — Edexcel A-Level Economics | Economics Academy",1,"Price, Income and Cross Elasticities of Demand — Edexcel Past Paper Questions",981,89,57,2,True,
https://economicsacademy.co.uk/past-paper-questions/edexcel/1-2-5-price-elasticity-of-supply/,200,,https://economicsacademy.co.uk/past-paper-questions/edexcel/1-2-5-price-elasticity-of-supply/,https://economicsacademy.co.uk/past-paper-questions/edexcel/1-2-5-price-elasticity-of-supply/,True,,Price Elasticity of Supply Past Paper Questions — Edexcel A-Level Economics | Economics Academy,95,"5 Edexcel A-Level Economics past paper questions on Price Elasticity of Supply (spec 1.2.5), 2016 to 2022. Each links straight to the right page of the official mark scheme.",173,https://economicsacademy.co.uk/past-paper-questions/edexcel/1-2-5-price-elasticity-of-supply/,Price Elasticity of Supply Past Paper Questions — Edexcel A-Level Economics | Economics Academy,1,Price Elasticity of Supply — Edexcel Past Paper Questions,537,45,31,2,True,
https://economicsacademy.co.uk/past-paper-questions/edexcel/1-2-6-price-determination/,200,,https://economicsacademy.co.uk/past-paper-questions/edexcel/1-2-6-price-determination/,https://economicsacademy.co.uk/past-paper-questions/edexcel/1-2-6-price-determination/,True,,Price Determination Past Paper Questions — Edexcel A-Level Economics | Economics Academy,88,"12 Edexcel A-Level Economics past paper questions on Price Determination (spec 1.2.6), 2016 to 2024. Each links straight to the right page of the official mark scheme.",167,https://economicsacademy.co.uk/past-paper-questions/edexcel/1-2-6-price-determination/,Price Determination Past Paper Questions — Edexcel A-Level Economics | Economics Academy,1,Price Determination — Edexcel Past Paper Questions,936,80,51,2,True,
https://economicsacademy.co.uk/past-paper-questions/edexcel/1-2-9-indirect-taxes-subsidies/,200,,https://economicsacademy.co.uk/past-paper-questions/edexcel/1-2-9-indirect-taxes-subsidies/,https://economicsacademy.co.uk/past-paper-questions/edexcel/1-2-9-indirect-taxes-subsidies/,True,,Indirect Taxes and Subsidies Past Paper Questions — Edexcel A-Level Economics | Economics Academy,97,"7 Edexcel A-Level Economics past paper questions on Indirect Taxes and Subsidies (spec 1.2.9), 2017 to 2024. Each links straight to the right page of the official mark scheme.",175,https://economicsacademy.co.uk/past-paper-questions/edexcel/1-2-9-indirect-taxes-subsidies/,Indirect Taxes and Subsidies Past Paper Questions — Edexcel A-Level Economics | Economics Academy,1,Indirect Taxes and Subsidies — Edexcel Past Paper Questions,673,57,37,2,True,
https://economicsacademy.co.uk/past-paper-questions/edexcel/1-3-1-types-of-market-failure/,200,,https://economicsacademy.co.uk/past-paper-questions/edexcel/1-3-1-types-of-market-failure/,https://economicsacademy.co.uk/past-paper-questions/edexcel/1-3-1-types-of-market-failure/,True,,Types of Market Failure Past Paper Questions — Edexcel A-Level Economics | Economics Academy,92,"5 Edexcel A-Level Economics past paper questions on Types of Market Failure (spec 1.3.1), 2017 to 2023. Each links straight to the right page of the official mark scheme.",170,https://economicsacademy.co.uk/past-paper-questions/edexcel/1-3-1-types-of-market-failure/,Types of Market Failure Past Paper Questions — Edexcel A-Level Economics | Economics Academy,1,Types of Market Failure — Edexcel Past Paper Questions,587,46,24,2,True,
https://economicsacademy.co.uk/past-paper-questions/edexcel/1-3-2-externalities/,200,,https://economicsacademy.co.uk/past-paper-questions/edexcel/1-3-2-externalities/,https://economicsacademy.co.uk/past-paper-questions/edexcel/1-3-2-externalities/,True,,Externalities Past Paper Questions — Edexcel A-Level Economics | Economics Academy,82,"23 Edexcel A-Level Economics past paper questions on Externalities (spec 1.3.2), 2017 to 2024. Each links straight to the right page of the official mark scheme.",161,https://economicsacademy.co.uk/past-paper-questions/edexcel/1-3-2-externalities/,Externalities Past Paper Questions — Edexcel A-Level Economics | Economics Academy,1,Externalities — Edexcel Past Paper Questions,1701,142,89,2,True,
https://economicsacademy.co.uk/past-paper-questions/edexcel/1-3-4-information-gaps/,200,,https://economicsacademy.co.uk/past-paper-questions/edexcel/1-3-4-information-gaps/,https://economicsacademy.co.uk/past-paper-questions/edexcel/1-3-4-information-gaps/,True,,Information Gaps Past Paper Questions — Edexcel A-Level Economics | Economics Academy,85,"5 Edexcel A-Level Economics past paper questions on Information Gaps (spec 1.3.4), 2017 to 2021. Each links straight to the right page of the official mark scheme.",163,https://economicsacademy.co.uk/past-paper-questions/edexcel/1-3-4-information-gaps/,Information Gaps Past Paper Questions — Edexcel A-Level Economics | Economics Academy,1,Information Gaps — Edexcel Past Paper Questions,497,45,23,2,True,
https://economicsacademy.co.uk/past-paper-questions/edexcel/1-4-1-government-intervention-in-markets/,200,,https://economicsacademy.co.uk/past-paper-questions/edexcel/1-4-1-government-intervention-in-markets/,https://economicsacademy.co.uk/past-paper-questions/edexcel/1-4-1-government-intervention-in-markets/,True,,Government Intervention in Markets Past Paper Questions — Edexcel A-Level Economics | Economics Academy,103,"20 Edexcel A-Level Economics past paper questions on Government Intervention in Markets (spec 1.4.1), 2016 to 2024. Each links straight to the right page of the official mark scheme.",182,https://economicsacademy.co.uk/past-paper-questions/edexcel/1-4-1-government-intervention-in-markets/,Government Intervention in Markets Past Paper Questions — Edexcel A-Level Economics | Economics Academy,1,Government Intervention in Markets — Edexcel Past Paper Questions,1559,129,79,2,True,
https://economicsacademy.co.uk/past-paper-questions/edexcel/2-1-1-economic-growth/,200,,https://economicsacademy.co.uk/past-paper-questions/edexcel/2-1-1-economic-growth/,https://economicsacademy.co.uk/past-paper-questions/edexcel/2-1-1-economic-growth/,True,,Economic Growth Past Paper Questions — Edexcel A-Level Economics | Economics Academy,84,"8 Edexcel A-Level Economics past paper questions on Economic Growth (spec 2.1.1), 2017 to 2022. Each links straight to the right page of the official mark scheme.",162,https://economicsacademy.co.uk/past-paper-questions/edexcel/2-1-1-economic-growth/,Economic Growth Past Paper Questions — Edexcel A-Level Economics | Economics Academy,1,Economic Growth — Edexcel Past Paper Questions,672,58,38,2,True,
https://economicsacademy.co.uk/past-paper-questions/edexcel/2-1-2-inflation/,200,,https://economicsacademy.co.uk/past-paper-questions/edexcel/2-1-2-inflation/,https://economicsacademy.co.uk/past-paper-questions/edexcel/2-1-2-inflation/,True,,Inflation Past Paper Questions — Edexcel A-Level Economics | Economics Academy,78,"21 Edexcel A-Level Economics past paper questions on Inflation (spec 2.1.2), 2016 to 2024. Each links straight to the right page of the official mark scheme.",157,https://economicsacademy.co.uk/past-paper-questions/edexcel/2-1-2-inflation/,Inflation Past Paper Questions — Edexcel A-Level Economics | Economics Academy,1,Inflation — Edexcel Past Paper Questions,1366,126,83,2,True,
https://economicsacademy.co.uk/past-paper-questions/edexcel/2-1-3-employment-unemployment/,200,,https://economicsacademy.co.uk/past-paper-questions/edexcel/2-1-3-employment-unemployment/,https://economicsacademy.co.uk/past-paper-questions/edexcel/2-1-3-employment-unemployment/,True,,Employment and Unemployment Past Paper Questions — Edexcel A-Level Economics | Economics Academy,96,"5 Edexcel A-Level Economics past paper questions on Employment and Unemployment (spec 2.1.3), 2018 to 2023. Each links straight to the right page of the official mark scheme.",174,https://economicsacademy.co.uk/past-paper-questions/edexcel/2-1-3-employment-unemployment/,Employment and Unemployment Past Paper Questions — Edexcel A-Level Economics | Economics Academy,1,Employment and Unemployment — Edexcel Past Paper Questions,514,44,26,2,True,
https://economicsacademy.co.uk/past-paper-questions/edexcel/2-2-1-aggregate-demand/,200,,https://economicsacademy.co.uk/past-paper-questions/edexcel/2-2-1-aggregate-demand/,https://economicsacademy.co.uk/past-paper-questions/edexcel/2-2-1-aggregate-demand/,True,,Aggregate Demand Past Paper Questions — Edexcel A-Level Economics | Economics Academy,85,"8 Edexcel A-Level Economics past paper questions on Aggregate Demand (spec 2.2.1), 2016 to 2024. Each links straight to the right page of the official mark scheme.",163,https://economicsacademy.co.uk/past-paper-questions/edexcel/2-2-1-aggregate-demand/,Aggregate Demand Past Paper Questions — Edexcel A-Level Economics | Economics Academy,1,Aggregate Demand — Edexcel Past Paper Questions,691,64,46,2,True,
https://economicsacademy.co.uk/past-paper-questions/edexcel/2-2-2-consumption/,200,,https://economicsacademy.co.uk/past-paper-questions/edexcel/2-2-2-consumption/,https://economicsacademy.co.uk/past-paper-questions/edexcel/2-2-2-consumption/,True,,Consumption Past Paper Questions — Edexcel A-Level Economics | Economics Academy,80,"7 Edexcel A-Level Economics past paper questions on Consumption (spec 2.2.2), 2016 to 2024. Each links straight to the right page of the official mark scheme.",158,https://economicsacademy.co.uk/past-paper-questions/edexcel/2-2-2-consumption/,Consumption Past Paper Questions — Edexcel A-Level Economics | Economics Academy,1,Consumption — Edexcel Past Paper Questions,593,56,36,2,True,
https://economicsacademy.co.uk/past-paper-questions/edexcel/2-2-3-investment/,200,,https://economicsacademy.co.uk/past-paper-questions/edexcel/2-2-3-investment/,https://economicsacademy.co.uk/past-paper-questions/edexcel/2-2-3-investment/,True,,Investment Past Paper Questions — Edexcel A-Level Economics | Economics Academy,79,"5 Edexcel A-Level Economics past paper questions on Investment (spec 2.2.3), 2017 to 2022. Each links straight to the right page of the official mark scheme.",157,https://economicsacademy.co.uk/past-paper-questions/edexcel/2-2-3-investment/,Investment Past Paper Questions — Edexcel A-Level Economics | Economics Academy,1,Investment — Edexcel Past Paper Questions,476,44,29,2,True,
https://economicsacademy.co.uk/past-paper-questions/edexcel/2-2-4-government-expenditure/,200,,https://economicsacademy.co.uk/past-paper-questions/edexcel/2-2-4-government-expenditure/,https://economicsacademy.co.uk/past-paper-questions/edexcel/2-2-4-government-expenditure/,True,,Government Expenditure Past Paper Questions — Edexcel A-Level Economics | Economics Academy,91,"4 Edexcel A-Level Economics past paper questions on Government Expenditure (spec 2.2.4), 2018 to 2022. Each links straight to the right page of the official mark scheme.",169,https://economicsacademy.co.uk/past-paper-questions/edexcel/2-2-4-government-expenditure/,Government Expenditure Past Paper Questions — Edexcel A-Level Economics | Economics Academy,1,Government Expenditure — Edexcel Past Paper Questions,493,39,26,2,True,
https://economicsacademy.co.uk/past-paper-questions/edexcel/2-2-5-net-trade/,200,,https://economicsacademy.co.uk/past-paper-questions/edexcel/2-2-5-net-trade/,https://economicsacademy.co.uk/past-paper-questions/edexcel/2-2-5-net-trade/,True,,Net Trade Past Paper Questions — Edexcel A-Level Economics | Economics Academy,78,"7 Edexcel A-Level Economics past paper questions on Net Trade (spec 2.2.5), 2016 to 2023. Each links straight to the right page of the official mark scheme.",156,https://economicsacademy.co.uk/past-paper-questions/edexcel/2-2-5-net-trade/,Net Trade Past Paper Questions — Edexcel A-Level Economics | Economics Academy,1,Net Trade — Edexcel Past Paper Questions,603,55,30,2,True,
https://economicsacademy.co.uk/past-paper-questions/edexcel/2-5-1-causes-of-growth/,200,,https://economicsacademy.co.uk/past-paper-questions/edexcel/2-5-1-causes-of-growth/,https://economicsacademy.co.uk/past-paper-questions/edexcel/2-5-1-causes-of-growth/,True,,Causes of Growth Past Paper Questions — Edexcel A-Level Economics | Economics Academy,85,"5 Edexcel A-Level Economics past paper questions on Causes of Growth (spec 2.5.1), 2017 to 2023. Each links straight to the right page of the official mark scheme.",163,https://economicsacademy.co.uk/past-paper-questions/edexcel/2-5-1-causes-of-growth/,Causes of Growth Past Paper Questions — Edexcel A-Level Economics | Economics Academy,1,Causes of Growth — Edexcel Past Paper Questions,557,44,24,2,True,
https://economicsacademy.co.uk/past-paper-questions/edexcel/2-6-2-demand-side-policies/,200,,https://economicsacademy.co.uk/past-paper-questions/edexcel/2-6-2-demand-side-policies/,https://economicsacademy.co.uk/past-paper-questions/edexcel/2-6-2-demand-side-policies/,True,,Demand-Side Policies Past Paper Questions — Edexcel A-Level Economics | Economics Academy,89,"22 Edexcel A-Level Economics past paper questions on Demand-Side Policies (spec 2.6.2), 2016 to 2024. Each links straight to the right page of the official mark scheme.",168,https://economicsacademy.co.uk/past-paper-questions/edexcel/2-6-2-demand-side-policies/,Demand-Side Policies Past Paper Questions — Edexcel A-Level Economics | Economics Academy,1,Demand-Side Policies — Edexcel Past Paper Questions,1646,138,91,2,True,
https://economicsacademy.co.uk/past-paper-questions/edexcel/2-6-3-supply-side-policies/,200,,https://economicsacademy.co.uk/past-paper-questions/edexcel/2-6-3-supply-side-policies/,https://economicsacademy.co.uk/past-paper-questions/edexcel/2-6-3-supply-side-policies/,True,,Supply-Side Policies Past Paper Questions — Edexcel A-Level Economics | Economics Academy,89,"12 Edexcel A-Level Economics past paper questions on Supply-Side Policies (spec 2.6.3), 2017 to 2024. Each links straight to the right page of the official mark scheme.",168,https://economicsacademy.co.uk/past-paper-questions/edexcel/2-6-3-supply-side-policies/,Supply-Side Policies Past Paper Questions — Edexcel A-Level Economics | Economics Academy,1,Supply-Side Policies — Edexcel Past Paper Questions,975,83,52,2,True,
https://economicsacademy.co.uk/past-paper-questions/edexcel/2-6-4-conflicts-between-objectives-and-policies/,200,,https://economicsacademy.co.uk/past-paper-questions/edexcel/2-6-4-conflicts-between-objectives-and-policies/,https://economicsacademy.co.uk/past-paper-questions/edexcel/2-6-4-conflicts-between-objectives-and-policies/,True,,Conflicts Between Objectives and Policies Past Paper Questions — Edexcel A-Level Economics | Economics Academy,110,"4 Edexcel A-Level Economics past paper questions on Conflicts Between Objectives and Policies (spec 2.6.4), 2019 to 2024. Each links straight to the right page of the official mark scheme.",188,https://economicsacademy.co.uk/past-paper-questions/edexcel/2-6-4-conflicts-between-objectives-and-policies/,Conflicts Between Objectives and Policies Past Paper Questions — Edexcel A-Level Economics | Economics Academy,1,Conflicts Between Objectives and Policies — Edexcel Past Paper Questions,510,38,18,2,True,
https://economicsacademy.co.uk/past-paper-questions/edexcel/3-1-2-business-growth/,200,,https://economicsacademy.co.uk/past-paper-questions/edexcel/3-1-2-business-growth/,https://economicsacademy.co.uk/past-paper-questions/edexcel/3-1-2-business-growth/,True,,Business Growth Past Paper Questions — Edexcel A-Level Economics | Economics Academy,84,"6 Edexcel A-Level Economics past paper questions on Business Growth (spec 3.1.2), 2017 to 2024. Each links straight to the right page of the official mark scheme.",162,https://economicsacademy.co.uk/past-paper-questions/edexcel/3-1-2-business-growth/,Business Growth Past Paper Questions — Edexcel A-Level Economics | Economics Academy,1,Business Growth — Edexcel Past Paper Questions,544,49,33,2,True,
https://economicsacademy.co.uk/past-paper-questions/edexcel/3-3-1-revenue/,200,,https://economicsacademy.co.uk/past-paper-questions/edexcel/3-3-1-revenue/,https://economicsacademy.co.uk/past-paper-questions/edexcel/3-3-1-revenue/,True,,Revenue Past Paper Questions — Edexcel A-Level Economics | Economics Academy,76,"6 Edexcel A-Level Economics past paper questions on Revenue (spec 3.3.1), 2018 to 2023. Each links straight to the right page of the official mark scheme.",154,https://economicsacademy.co.uk/past-paper-questions/edexcel/3-3-1-revenue/,Revenue Past Paper Questions — Edexcel A-Level Economics | Economics Academy,1,Revenue — Edexcel Past Paper Questions,536,53,37,2,True,
https://economicsacademy.co.uk/past-paper-questions/edexcel/3-3-2-costs/,200,,https://economicsacademy.co.uk/past-paper-questions/edexcel/3-3-2-costs/,https://economicsacademy.co.uk/past-paper-questions/edexcel/3-3-2-costs/,True,,Costs Past Paper Questions — Edexcel A-Level Economics | Economics Academy,74,"7 Edexcel A-Level Economics past paper questions on Costs (spec 3.3.2), 2018 to 2024. Each links straight to the right page of the official mark scheme.",152,https://economicsacademy.co.uk/past-paper-questions/edexcel/3-3-2-costs/,Costs Past Paper Questions — Edexcel A-Level Economics | Economics Academy,1,Costs — Edexcel Past Paper Questions,677,56,40,2,True,
https://economicsacademy.co.uk/past-paper-questions/edexcel/3-3-4-normal-profits-supernormal-profits-losses/,200,,https://economicsacademy.co.uk/past-paper-questions/edexcel/3-3-4-normal-profits-supernormal-profits-losses/,https://economicsacademy.co.uk/past-paper-questions/edexcel/3-3-4-normal-profits-supernormal-profits-losses/,True,,"Normal Profits, Supernormal Profits and Losses Past Paper Questions — Edexcel A-Level Economics | Economics Academy",115,"6 Edexcel A-Level Economics past paper questions on Normal Profits, Supernormal Profits and Losses (spec 3.3.4), 2017 to 2024. Each links straight to the right page of the official mark scheme.",193,https://economicsacademy.co.uk/past-paper-questions/edexcel/3-3-4-normal-profits-supernormal-profits-losses/,"Normal Profits, Supernormal Profits and Losses Past Paper Questions — Edexcel A-Level Economics | Economics Academy",1,"Normal Profits, Supernormal Profits and Losses — Edexcel Past Paper Questions",607,52,37,2,True,
https://economicsacademy.co.uk/past-paper-questions/edexcel/3-4-4-oligopoly/,200,,https://economicsacademy.co.uk/past-paper-questions/edexcel/3-4-4-oligopoly/,https://economicsacademy.co.uk/past-paper-questions/edexcel/3-4-4-oligopoly/,True,,Oligopoly Past Paper Questions — Edexcel A-Level Economics | Economics Academy,78,"9 Edexcel A-Level Economics past paper questions on Oligopoly (spec 3.4.4), 2017 to 2023. Each links straight to the right page of the official mark scheme.",156,https://economicsacademy.co.uk/past-paper-questions/edexcel/3-4-4-oligopoly/,Oligopoly Past Paper Questions — Edexcel A-Level Economics | Economics Academy,1,Oligopoly — Edexcel Past Paper Questions,775,62,41,2,True,
https://economicsacademy.co.uk/past-paper-questions/edexcel/3-4-5-monopoly/,200,,https://economicsacademy.co.uk/past-paper-questions/edexcel/3-4-5-monopoly/,https://economicsacademy.co.uk/past-paper-questions/edexcel/3-4-5-monopoly/,True,,Monopoly Past Paper Questions — Edexcel A-Level Economics | Economics Academy,77,"5 Edexcel A-Level Economics past paper questions on Monopoly (spec 3.4.5), 2018 to 2023. Each links straight to the right page of the official mark scheme.",155,https://economicsacademy.co.uk/past-paper-questions/edexcel/3-4-5-monopoly/,Monopoly Past Paper Questions — Edexcel A-Level Economics | Economics Academy,1,Monopoly — Edexcel Past Paper Questions,520,42,27,2,True,
https://economicsacademy.co.uk/past-paper-questions/edexcel/3-4-7-contestability/,200,,https://economicsacademy.co.uk/past-paper-questions/edexcel/3-4-7-contestability/,https://economicsacademy.co.uk/past-paper-questions/edexcel/3-4-7-contestability/,True,,Contestability Past Paper Questions — Edexcel A-Level Economics | Economics Academy,83,"4 Edexcel A-Level Economics past paper questions on Contestability (spec 3.4.7), 2018 to 2024. Each links straight to the right page of the official mark scheme.",161,https://economicsacademy.co.uk/past-paper-questions/edexcel/3-4-7-contestability/,Contestability Past Paper Questions — Edexcel A-Level Economics | Economics Academy,1,Contestability — Edexcel Past Paper Questions,455,37,22,2,True,
https://economicsacademy.co.uk/past-paper-questions/edexcel/3-5-2-supply-of-labour/,200,,https://economicsacademy.co.uk/past-paper-questions/edexcel/3-5-2-supply-of-labour/,https://economicsacademy.co.uk/past-paper-questions/edexcel/3-5-2-supply-of-labour/,True,,Supply of Labour Past Paper Questions — Edexcel A-Level Economics | Economics Academy,85,"5 Edexcel A-Level Economics past paper questions on Supply of Labour (spec 3.5.2), 2018 to 2024. Each links straight to the right page of the official mark scheme.",163,https://economicsacademy.co.uk/past-paper-questions/edexcel/3-5-2-supply-of-labour/,Supply of Labour Past Paper Questions — Edexcel A-Level Economics | Economics Academy,1,Supply of Labour — Edexcel Past Paper Questions,527,42,21,2,True,
https://economicsacademy.co.uk/past-paper-questions/edexcel/3-5-3-wage-determination/,200,,https://economicsacademy.co.uk/past-paper-questions/edexcel/3-5-3-wage-determination/,https://economicsacademy.co.uk/past-paper-questions/edexcel/3-5-3-wage-determination/,True,,Wage Determination Past Paper Questions — Edexcel A-Level Economics | Economics Academy,87,"5 Edexcel A-Level Economics past paper questions on Wage Determination (spec 3.5.3), 2017 to 2024. Each links straight to the right page of the official mark scheme.",165,https://economicsacademy.co.uk/past-paper-questions/edexcel/3-5-3-wage-determination/,Wage Determination Past Paper Questions — Edexcel A-Level Economics | Economics Academy,1,Wage Determination — Edexcel Past Paper Questions,665,43,22,2,True,
https://economicsacademy.co.uk/past-paper-questions/edexcel/3-6-1-government-intervention/,200,,https://economicsacademy.co.uk/past-paper-questions/edexcel/3-6-1-government-intervention/,https://economicsacademy.co.uk/past-paper-questions/edexcel/3-6-1-government-intervention/,True,,Government Intervention Past Paper Questions — Edexcel A-Level Economics | Economics Academy,92,"10 Edexcel A-Level Economics past paper questions on Government Intervention (spec 3.6.1), 2017 to 2024. Each links straight to the right page of the official mark scheme.",171,https://economicsacademy.co.uk/past-paper-questions/edexcel/3-6-1-government-intervention/,Government Intervention Past Paper Questions — Edexcel A-Level Economics | Economics Academy,1,Government Intervention — Edexcel Past Paper Questions,886,70,39,2,True,
https://economicsacademy.co.uk/past-paper-questions/edexcel/4-1-1-globalisation/,200,,https://economicsacademy.co.uk/past-paper-questions/edexcel/4-1-1-globalisation/,https://economicsacademy.co.uk/past-paper-questions/edexcel/4-1-1-globalisation/,True,,Globalisation Past Paper Questions — Edexcel A-Level Economics | Economics Academy,82,"4 Edexcel A-Level Economics past paper questions on Globalisation (spec 4.1.1), 2018 to 2024. Each links straight to the right page of the official mark scheme.",160,https://economicsacademy.co.uk/past-paper-questions/edexcel/4-1-1-globalisation/,Globalisation Past Paper Questions — Edexcel A-Level Economics | Economics Academy,1,Globalisation — Edexcel Past Paper Questions,502,36,28,2,True,
https://economicsacademy.co.uk/past-paper-questions/edexcel/4-1-3-pattern-of-trade/,200,,https://economicsacademy.co.uk/past-paper-questions/edexcel/4-1-3-pattern-of-trade/,https://economicsacademy.co.uk/past-paper-questions/edexcel/4-1-3-pattern-of-trade/,True,,Pattern of Trade Past Paper Questions — Edexcel A-Level Economics | Economics Academy,85,"4 Edexcel A-Level Economics past paper questions on Pattern of Trade (spec 4.1.3), 2017 to 2020. Each links straight to the right page of the official mark scheme.",163,https://economicsacademy.co.uk/past-paper-questions/edexcel/4-1-3-pattern-of-trade/,Pattern of Trade Past Paper Questions — Edexcel A-Level Economics | Economics Academy,1,Pattern of Trade — Edexcel Past Paper Questions,516,40,31,2,True,
https://economicsacademy.co.uk/past-paper-questions/edexcel/4-1-5-trading-blocs-and-the-world-trade-organisation/,200,,https://economicsacademy.co.uk/past-paper-questions/edexcel/4-1-5-trading-blocs-and-the-world-trade-organisation/,https://economicsacademy.co.uk/past-paper-questions/edexcel/4-1-5-trading-blocs-and-the-world-trade-organisation/,True,,Trading Blocs and the World Trade Organisation Past Paper Questions — Edexcel A-Level Economics | Economics Academy,115,"5 Edexcel A-Level Economics past paper questions on Trading Blocs and the World Trade Organisation (spec 4.1.5), 2019 to 2024. Each links straight to the right page of the official mark scheme.",193,https://economicsacademy.co.uk/past-paper-questions/edexcel/4-1-5-trading-blocs-and-the-world-trade-organisation/,Trading Blocs and the World Trade Organisation Past Paper Questions — Edexcel A-Level Economics | Economics Academy,1,Trading Blocs and the World Trade Organisation — Edexcel Past Paper Questions,563,43,31,2,True,
https://economicsacademy.co.uk/past-paper-questions/edexcel/4-1-8-exchange-rates/,200,,https://economicsacademy.co.uk/past-paper-questions/edexcel/4-1-8-exchange-rates/,https://economicsacademy.co.uk/past-paper-questions/edexcel/4-1-8-exchange-rates/,True,,Exchange Rates Past Paper Questions — Edexcel A-Level Economics | Economics Academy,83,"10 Edexcel A-Level Economics past paper questions on Exchange Rates (spec 4.1.8), 2017 to 2024. Each links straight to the right page of the official mark scheme.",162,https://economicsacademy.co.uk/past-paper-questions/edexcel/4-1-8-exchange-rates/,Exchange Rates Past Paper Questions — Edexcel A-Level Economics | Economics Academy,1,Exchange Rates — Edexcel Past Paper Questions,804,69,48,2,True,
https://economicsacademy.co.uk/past-paper-questions/edexcel/4-1-9-international-competitiveness/,200,,https://economicsacademy.co.uk/past-paper-questions/edexcel/4-1-9-international-competitiveness/,https://economicsacademy.co.uk/past-paper-questions/edexcel/4-1-9-international-competitiveness/,True,,International Competitiveness Past Paper Questions — Edexcel A-Level Economics | Economics Academy,98,"4 Edexcel A-Level Economics past paper questions on International Competitiveness (spec 4.1.9), 2017 to 2023. Each links straight to the right page of the official mark scheme.",176,https://economicsacademy.co.uk/past-paper-questions/edexcel/4-1-9-international-competitiveness/,International Competitiveness Past Paper Questions — Edexcel A-Level Economics | Economics Academy,1,International Competitiveness — Edexcel Past Paper Questions,507,37,28,2,True,
https://economicsacademy.co.uk/past-paper-questions/edexcel/4-2-2-inequality/,200,,https://economicsacademy.co.uk/past-paper-questions/edexcel/4-2-2-inequality/,https://economicsacademy.co.uk/past-paper-questions/edexcel/4-2-2-inequality/,True,,Inequality Past Paper Questions — Edexcel A-Level Economics | Economics Academy,79,"6 Edexcel A-Level Economics past paper questions on Inequality (spec 4.2.2), 2018 to 2023. Each links straight to the right page of the official mark scheme.",157,https://economicsacademy.co.uk/past-paper-questions/edexcel/4-2-2-inequality/,Inequality Past Paper Questions — Edexcel A-Level Economics | Economics Academy,1,Inequality — Edexcel Past Paper Questions,566,46,26,2,True,
https://economicsacademy.co.uk/past-paper-questions/edexcel/4-3-2-factors-influencing-growth-development/,200,,https://economicsacademy.co.uk/past-paper-questions/edexcel/4-3-2-factors-influencing-growth-development/,https://economicsacademy.co.uk/past-paper-questions/edexcel/4-3-2-factors-influencing-growth-development/,True,,Factors Influencing Growth and Development Past Paper Questions — Edexcel A-Level Economics | Economics Academy,111,"12 Edexcel A-Level Economics past paper questions on Factors Influencing Growth and Development (spec 4.3.2), 2017 to 2024. Each links straight to the right page of the official mark scheme.",190,https://economicsacademy.co.uk/past-paper-questions/edexcel/4-3-2-factors-influencing-growth-development/,Factors Influencing Growth and Development Past Paper Questions — Edexcel A-Level Economics | Economics Academy,1,Factors Influencing Growth and Development — Edexcel Past Paper Questions,899,81,53,2,True,
https://economicsacademy.co.uk/past-paper-questions/edexcel/4-3-3-strategies-influencing-growth-development/,200,,https://economicsacademy.co.uk/past-paper-questions/edexcel/4-3-3-strategies-influencing-growth-development/,https://economicsacademy.co.uk/past-paper-questions/edexcel/4-3-3-strategies-influencing-growth-development/,True,,Strategies Influencing Growth and Development Past Paper Questions — Edexcel A-Level Economics | Economics Academy,114,"16 Edexcel A-Level Economics past paper questions on Strategies Influencing Growth and Development (spec 4.3.3), 2017 to 2023. Each links straight to the right page of the official mark scheme.",193,https://economicsacademy.co.uk/past-paper-questions/edexcel/4-3-3-strategies-influencing-growth-development/,Strategies Influencing Growth and Development Past Paper Questions — Edexcel A-Level Economics | Economics Academy,1,Strategies Influencing Growth and Development — Edexcel Past Paper Questions,1094,105,65,2,True,
https://economicsacademy.co.uk/past-paper-questions/edexcel/4-4-1-role-of-financial-markets/,200,,https://economicsacademy.co.uk/past-paper-questions/edexcel/4-4-1-role-of-financial-markets/,https://economicsacademy.co.uk/past-paper-questions/edexcel/4-4-1-role-of-financial-markets/,True,,Role of Financial Markets Past Paper Questions — Edexcel A-Level Economics | Economics Academy,94,"5 Edexcel A-Level Economics past paper questions on Role of Financial Markets (spec 4.4.1), 2018 to 2023. Each links straight to the right page of the official mark scheme.",172,https://economicsacademy.co.uk/past-paper-questions/edexcel/4-4-1-role-of-financial-markets/,Role of Financial Markets Past Paper Questions — Edexcel A-Level Economics | Economics Academy,1,Role of Financial Markets — Edexcel Past Paper Questions,479,46,24,2,True,
https://economicsacademy.co.uk/past-paper-questions/edexcel/4-4-3-role-of-central-banks/,200,,https://economicsacademy.co.uk/past-paper-questions/edexcel/4-4-3-role-of-central-banks/,https://economicsacademy.co.uk/past-paper-questions/edexcel/4-4-3-role-of-central-banks/,True,,Role of Central Banks Past Paper Questions — Edexcel A-Level Economics | Economics Academy,90,"7 Edexcel A-Level Economics past paper questions on Role of Central Banks (spec 4.4.3), 2017 to 2024. Each links straight to the right page of the official mark scheme.",168,https://economicsacademy.co.uk/past-paper-questions/edexcel/4-4-3-role-of-central-banks/,Role of Central Banks Past Paper Questions — Edexcel A-Level Economics | Economics Academy,1,Role of Central Banks — Edexcel Past Paper Questions,714,57,36,2,True,
https://economicsacademy.co.uk/past-paper-questions/edexcel/4-5-2-taxation/,200,,https://economicsacademy.co.uk/past-paper-questions/edexcel/4-5-2-taxation/,https://economicsacademy.co.uk/past-paper-questions/edexcel/4-5-2-taxation/,True,,Taxation Past Paper Questions — Edexcel A-Level Economics | Economics Academy,77,"5 Edexcel A-Level Economics past paper questions on Taxation (spec 4.5.2), 2020 to 2024. Each links straight to the right page of the official mark scheme.",155,https://economicsacademy.co.uk/past-paper-questions/edexcel/4-5-2-taxation/,Taxation Past Paper Questions — Edexcel A-Level Economics | Economics Academy,1,Taxation — Edexcel Past Paper Questions,535,44,25,2,True,
https://economicsacademy.co.uk/past-paper-questions/edexcel/4-5-3-public-sector-finances/,200,,https://economicsacademy.co.uk/past-paper-questions/edexcel/4-5-3-public-sector-finances/,https://economicsacademy.co.uk/past-paper-questions/edexcel/4-5-3-public-sector-finances/,True,,Public Sector Finances Past Paper Questions — Edexcel A-Level Economics | Economics Academy,91,"4 Edexcel A-Level Economics past paper questions on Public Sector Finances (spec 4.5.3), 2017 to 2024. Each links straight to the right page of the official mark scheme.",169,https://economicsacademy.co.uk/past-paper-questions/edexcel/4-5-3-public-sector-finances/,Public Sector Finances Past Paper Questions — Edexcel A-Level Economics | Economics Academy,1,Public Sector Finances — Edexcel Past Paper Questions,460,36,16,2,True,
https://economicsacademy.co.uk/past-paper-questions/edexcel/theme-1/,200,,https://economicsacademy.co.uk/past-paper-questions/edexcel/theme-1/,https://economicsacademy.co.uk/past-paper-questions/edexcel/theme-1/,True,,Edexcel Theme 1 Past Paper Questions — A-Level Economics | Economics Academy,76,"93 Edexcel A-Level Economics past paper questions on Theme 1: Introduction to Markets and Market Failure, 2016 to 2024. Each links straight to the right page of the official mark scheme.",186,https://economicsacademy.co.uk/past-paper-questions/edexcel/theme-1/,Edexcel Theme 1 Past Paper Questions — A-Level Economics | Economics Academy,1,Edexcel Theme 1: Introduction to Markets and Market Failure — Past Paper Questions,5775,511,101,2,True,
https://economicsacademy.co.uk/past-paper-questions/edexcel/theme-2/,200,,https://economicsacademy.co.uk/past-paper-questions/edexcel/theme-2/,https://economicsacademy.co.uk/past-paper-questions/edexcel/theme-2/,True,,Edexcel Theme 2 Past Paper Questions — A-Level Economics | Economics Academy,76,"98 Edexcel A-Level Economics past paper questions on Theme 2: The UK Economy — Performance and Policies, 2016 to 2024. Each links straight to the right page of the official mark scheme.",185,https://economicsacademy.co.uk/past-paper-questions/edexcel/theme-2/,Edexcel Theme 2 Past Paper Questions — A-Level Economics | Economics Academy,1,Edexcel Theme 2: The UK Economy — Performance and Policies — Past Paper Questions,6137,533,99,2,True,
https://economicsacademy.co.uk/past-paper-questions/edexcel/theme-3/,200,,https://economicsacademy.co.uk/past-paper-questions/edexcel/theme-3/,https://economicsacademy.co.uk/past-paper-questions/edexcel/theme-3/,True,,Edexcel Theme 3 Past Paper Questions — A-Level Economics | Economics Academy,76,"61 Edexcel A-Level Economics past paper questions on Theme 3: Business Behaviour and the Labour Market, 2017 to 2024. Each links straight to the right page of the official mark scheme.",184,https://economicsacademy.co.uk/past-paper-questions/edexcel/theme-3/,Edexcel Theme 3 Past Paper Questions — A-Level Economics | Economics Academy,1,Edexcel Theme 3: Business Behaviour and the Labour Market — Past Paper Questions,4143,324,95,2,True,
https://economicsacademy.co.uk/past-paper-questions/edexcel/theme-4/,200,,https://economicsacademy.co.uk/past-paper-questions/edexcel/theme-4/,https://economicsacademy.co.uk/past-paper-questions/edexcel/theme-4/,True,,Edexcel Theme 4 Past Paper Questions — A-Level Economics | Economics Academy,76,"83 Edexcel A-Level Economics past paper questions on Theme 4: A Global Perspective, 2017 to 2024. Each links straight to the right page of the official mark scheme.",164,https://economicsacademy.co.uk/past-paper-questions/edexcel/theme-4/,Edexcel Theme 4 Past Paper Questions — A-Level Economics | Economics Academy,1,Edexcel Theme 4: A Global Perspective — Past Paper Questions,5498,444,99,2,True,
https://economicsacademy.co.uk/past-papers/,200,,https://economicsacademy.co.uk/past-papers/,https://economicsacademy.co.uk/past-papers/,True,,"A-Level Economics Past Papers | Edexcel, AQA & OCR | Economics Academy",70,"Free A-Level Economics past papers for Edexcel (A and B), AQA, and OCR — question papers and mark schemes from 2017 to 2024. Use our expert marking service for targeted examiner-style feedback.",193,https://economicsacademy.co.uk/past-papers/,"A-Level Economics Past Papers | Edexcel, AQA & OCR | Economics Academy",1,A-Level Economics Past Papers,132,8,0,1,False,
https://economicsacademy.co.uk/past-papers/aqa/,200,,https://economicsacademy.co.uk/past-papers/aqa/,https://economicsacademy.co.uk/past-papers/aqa/,True,,AQA A-Level Economics Past Papers | Free Papers & Mark Schemes | Economics Academy,82,"Free AQA A-Level and AS-Level Economics past papers and mark schemes — Papers 1, 2, and 3 from 2017 to June 2024, including specimen papers. Download question papers and mark schemes instantly.",193,https://economicsacademy.co.uk/past-papers/aqa/,AQA A-Level Economics Past Papers | Free Papers & Mark Schemes | Economics Academy,1,AQA A-Level Economics Past Papers,698,93,0,1,False,
https://economicsacademy.co.uk/past-papers/aqa/index.html,200,,https://economicsacademy.co.uk/past-papers/aqa/index.html,https://economicsacademy.co.uk/past-papers/aqa/,False,,AQA A-Level Economics Past Papers | Free Papers & Mark Schemes | Economics Academy,82,"Free AQA A-Level and AS-Level Economics past papers and mark schemes — Papers 1, 2, and 3 from 2017 to June 2024, including specimen papers. Download question papers and mark schemes instantly.",193,https://economicsacademy.co.uk/past-papers/aqa/,AQA A-Level Economics Past Papers | Free Papers & Mark Schemes | Economics Academy,1,AQA A-Level Economics Past Papers,698,93,164,1,True,
https://economicsacademy.co.uk/past-papers/edexcel-b/,200,,https://economicsacademy.co.uk/past-papers/edexcel-b/,https://economicsacademy.co.uk/past-papers/edexcel-b/,True,,Edexcel B A-Level Economics Past Papers | Free Papers & Mark Schemes | Economics Academy,88,"Free Edexcel B A-Level and AS-Level Economics past papers and mark schemes — Papers 1, 2, and 3 from 2016 to June 2024. Download question papers and mark schemes instantly.",172,https://economicsacademy.co.uk/past-papers/edexcel-b/,Edexcel B A-Level Economics Past Papers | Free Papers & Mark Schemes | Economics Academy,1,Edexcel B A-Level Economics Past Papers,535,71,0,1,False,
https://economicsacademy.co.uk/past-papers/edexcel-b/index.html,200,,https://economicsacademy.co.uk/past-papers/edexcel-b/index.html,https://economicsacademy.co.uk/past-papers/edexcel-b/,False,,Edexcel B A-Level Economics Past Papers | Free Papers & Mark Schemes | Economics Academy,88,"Free Edexcel B A-Level and AS-Level Economics past papers and mark schemes — Papers 1, 2, and 3 from 2016 to June 2024. Download question papers and mark schemes instantly.",172,https://economicsacademy.co.uk/past-papers/edexcel-b/,Edexcel B A-Level Economics Past Papers | Free Papers & Mark Schemes | Economics Academy,1,Edexcel B A-Level Economics Past Papers,535,71,1,1,True,
https://economicsacademy.co.uk/past-papers/edexcel/,200,,https://economicsacademy.co.uk/past-papers/edexcel/,https://economicsacademy.co.uk/past-papers/edexcel/,True,,Edexcel A-Level Economics Past Papers | Free Papers & Mark Schemes | Economics Academy,86,"Free Edexcel A-Level and AS-Level Economics past papers and mark schemes — Papers 1, 2, and 3 from 2017 to June 2024. Download question papers and mark schemes instantly.",170,https://economicsacademy.co.uk/past-papers/edexcel/,Edexcel A-Level Economics Past Papers | Free Papers & Mark Schemes | Economics Academy,1,Edexcel A-Level Economics Past Papers,577,83,0,1,False,
https://economicsacademy.co.uk/past-papers/edexcel/index.html,200,,https://economicsacademy.co.uk/past-papers/edexcel/index.html,https://economicsacademy.co.uk/past-papers/edexcel/,False,,Edexcel A-Level Economics Past Papers | Free Papers & Mark Schemes | Economics Academy,86,"Free Edexcel A-Level and AS-Level Economics past papers and mark schemes — Papers 1, 2, and 3 from 2017 to June 2024. Download question papers and mark schemes instantly.",170,https://economicsacademy.co.uk/past-papers/edexcel/,Edexcel A-Level Economics Past Papers | Free Papers & Mark Schemes | Economics Academy,1,Edexcel A-Level Economics Past Papers,577,83,184,1,True,
https://economicsacademy.co.uk/past-papers/index.html,200,,https://economicsacademy.co.uk/past-papers/index.html,https://economicsacademy.co.uk/past-papers/,False,,"A-Level Economics Past Papers | Edexcel, AQA & OCR | Economics Academy",70,"Free A-Level Economics past papers for Edexcel (A and B), AQA, and OCR — question papers and mark schemes from 2017 to 2024. Use our expert marking service for targeted examiner-style feedback.",193,https://economicsacademy.co.uk/past-papers/,"A-Level Economics Past Papers | Edexcel, AQA & OCR | Economics Academy",1,A-Level Economics Past Papers,132,8,79,1,True,
https://economicsacademy.co.uk/past-papers/ocr/,200,,https://economicsacademy.co.uk/past-papers/ocr/,https://economicsacademy.co.uk/past-papers/ocr/,True,,OCR A-Level Economics Past Papers | Free Papers & Mark Schemes | Economics Academy,82,"Free OCR A-Level and AS-Level Economics past papers and mark schemes — Papers 1 (Microeconomics), 2 (Macroeconomics), and 3 (Themes in Economics) from 2020 to June 2024.",169,https://economicsacademy.co.uk/past-papers/ocr/,OCR A-Level Economics Past Papers | Free Papers & Mark Schemes | Economics Academy,1,OCR A-Level Economics Past Papers,307,49,0,1,False,
https://economicsacademy.co.uk/past-papers/ocr/index.html,200,,https://economicsacademy.co.uk/past-papers/ocr/index.html,https://economicsacademy.co.uk/past-papers/ocr/,False,,OCR A-Level Economics Past Papers | Free Papers & Mark Schemes | Economics Academy,82,"Free OCR A-Level and AS-Level Economics past papers and mark schemes — Papers 1 (Microeconomics), 2 (Macroeconomics), and 3 (Themes in Economics) from 2020 to June 2024.",169,https://economicsacademy.co.uk/past-papers/ocr/,OCR A-Level Economics Past Papers | Free Papers & Mark Schemes | Economics Academy,1,OCR A-Level Economics Past Papers,307,49,1,1,True,
https://economicsacademy.co.uk/practice-questions/,200,,https://economicsacademy.co.uk/practice-questions/,https://economicsacademy.co.uk/practice-questions/index.html,False,,A-Level Economics Practice Questions — AQA and Edexcel | Economics Academy,74,"Free A-Level Economics multiple-choice practice questions for AQA and Edexcel. 1267 questions across 166 topics, each with a full worked answer.",144,https://economicsacademy.co.uk/practice-questions/index.html,A-Level Economics Practice Questions — AQA and Edexcel | Economics Academy,1,Free A-Level Economics Practice Questions,180,9,0,2,False,
https://economicsacademy.co.uk/practice-questions/aqa-a2-macro/,200,,https://economicsacademy.co.uk/practice-questions/aqa-a2-macro/,https://economicsacademy.co.uk/practice-questions/aqa-a2-macro/index.html,False,,AQA Macroeconomics Practice Questions — AQA A-Level Economics | Economics Academy,81,"Free AQA A-Level Economics multiple-choice questions on the national and international economy. 209 questions across 25 topics, each with a worked answer.",154,https://economicsacademy.co.uk/practice-questions/aqa-a2-macro/index.html,AQA Macroeconomics Practice Questions — AQA A-Level Economics | Economics Academy,1,AQA Macroeconomics Practice Questions,332,30,0,2,False,
https://economicsacademy.co.uk/practice-questions/aqa-a2-macro/2-1-1-the-objectives-of-government-economic-policy.html,200,,https://economicsacademy.co.uk/practice-questions/aqa-a2-macro/2-1-1-the-objectives-of-government-economic-policy.html,https://economicsacademy.co.uk/practice-questions/aqa-a2-macro/2-1-1-the-objectives-of-government-economic-policy.html,True,,Government Policy Objectives Questions — AQA A-Level Economics | Economics Academy,82,"Seven free multiple-choice questions on government policy objectives for AQA A-Level Economics: growth, inflation, unemployment, the budget and policy conflicts.",161,https://economicsacademy.co.uk/practice-questions/aqa-a2-macro/2-1-1-the-objectives-of-government-economic-policy.html,Government Policy Objectives Questions — AQA A-Level Economics | Economics Academy,1,2.1.1 Objectives of Government Policy — Practice Questions,1522,8,2,2,True,
https://economicsacademy.co.uk/practice-questions/aqa-a2-macro/2-1-2-macroeconomic-indicators.html,200,,https://economicsacademy.co.uk/practice-questions/aqa-a2-macro/2-1-2-macroeconomic-indicators.html,https://economicsacademy.co.uk/practice-questions/aqa-a2-macro/2-1-2-macroeconomic-indicators.html,True,,Macroeconomic Indicators Questions — AQA A-Level Economics | Economics Academy,78,"Eight free multiple-choice questions on macroeconomic indicators for AQA A-Level Economics: real GDP, CPI and RPI, unemployment measures and the current account.",161,https://economicsacademy.co.uk/practice-questions/aqa-a2-macro/2-1-2-macroeconomic-indicators.html,Macroeconomic Indicators Questions — AQA A-Level Economics | Economics Academy,1,2.1.2 Macroeconomic Indicators — Practice Questions,1776,8,3,2,True,
https://economicsacademy.co.uk/practice-questions/aqa-a2-macro/2-1-3-uses-of-index-numbers.html,200,,https://economicsacademy.co.uk/practice-questions/aqa-a2-macro/2-1-3-uses-of-index-numbers.html,https://economicsacademy.co.uk/practice-questions/aqa-a2-macro/2-1-3-uses-of-index-numbers.html,True,,Index Numbers Questions — AQA A-Level Economics | Economics Academy,67,"Ten free multiple-choice questions on index numbers for AQA A-Level Economics: base years, weighted price indices, the CPI and calculating the rate of inflation.",161,https://economicsacademy.co.uk/practice-questions/aqa-a2-macro/2-1-3-uses-of-index-numbers.html,Index Numbers Questions — AQA A-Level Economics | Economics Academy,1,2.1.3 Uses of Index Numbers — Practice Questions,2255,8,2,2,True,
https://economicsacademy.co.uk/practice-questions/aqa-a2-macro/2-1-4-uses-of-national-income-data.html,200,,https://economicsacademy.co.uk/practice-questions/aqa-a2-macro/2-1-4-uses-of-national-income-data.html,https://economicsacademy.co.uk/practice-questions/aqa-a2-macro/2-1-4-uses-of-national-income-data.html,True,,National Income Data Questions — AQA A-Level Economics | Economics Academy,74,"Eight free multiple-choice questions on national income data for AQA A-Level Economics: GDP and GNI, real GDP per capita, PPP and the limits of the data.",153,https://economicsacademy.co.uk/practice-questions/aqa-a2-macro/2-1-4-uses-of-national-income-data.html,National Income Data Questions — AQA A-Level Economics | Economics Academy,1,2.1.4 Uses of National Income Data — Practice Questions,1821,8,3,2,True,
https://economicsacademy.co.uk/practice-questions/aqa-a2-macro/2-2-1-the-circular-flow-of-income.html,200,,https://economicsacademy.co.uk/practice-questions/aqa-a2-macro/2-2-1-the-circular-flow-of-income.html,https://economicsacademy.co.uk/practice-questions/aqa-a2-macro/2-2-1-the-circular-flow-of-income.html,True,,Circular Flow of Income Questions — AQA A-Level Economics | Economics Academy,77,"Eight free multiple-choice questions on the circular flow of income for AQA A-Level Economics: injections, withdrawals, equilibrium and real versus money income.",161,https://economicsacademy.co.uk/practice-questions/aqa-a2-macro/2-2-1-the-circular-flow-of-income.html,Circular Flow of Income Questions — AQA A-Level Economics | Economics Academy,1,2.2.1 The Circular Flow of Income — Practice Questions,1689,8,2,2,True,
https://economicsacademy.co.uk/practice-questions/aqa-a2-macro/2-2-2-aggregate-demand-and-aggregate-supply-analysis.html,200,,https://economicsacademy.co.uk/practice-questions/aqa-a2-macro/2-2-2-aggregate-demand-and-aggregate-supply-analysis.html,https://economicsacademy.co.uk/practice-questions/aqa-a2-macro/2-2-2-aggregate-demand-and-aggregate-supply-analysis.html,True,,Aggregate Demand and Supply Questions — AQA A-Level Economics | Economics Academy,81,"Nine free multiple-choice questions on AD/AS analysis for AQA A-Level Economics: the AD curve, movements and shifts, SRAS, and Classical versus Keynesian LRAS.",159,https://economicsacademy.co.uk/practice-questions/aqa-a2-macro/2-2-2-aggregate-demand-and-aggregate-supply-analysis.html,Aggregate Demand and Supply Questions — AQA A-Level Economics | Economics Academy,1,2.2.2 AD and AS Analysis — Practice Questions,1996,8,2,2,True,
https://economicsacademy.co.uk/practice-questions/aqa-a2-macro/2-2-3-the-determinants-of-aggregate-demand.html,200,,https://economicsacademy.co.uk/practice-questions/aqa-a2-macro/2-2-3-the-determinants-of-aggregate-demand.html,https://economicsacademy.co.uk/practice-questions/aqa-a2-macro/2-2-3-the-determinants-of-aggregate-demand.html,True,,Determinants of Aggregate Demand Questions — AQA A-Level Economics | Economics Academy,86,"Nine free multiple-choice questions on the determinants of aggregate demand for AQA A-Level Economics: consumption, investment, net trade and the accelerator.",158,https://economicsacademy.co.uk/practice-questions/aqa-a2-macro/2-2-3-the-determinants-of-aggregate-demand.html,Determinants of Aggregate Demand Questions — AQA A-Level Economics | Economics Academy,1,2.2.3 Determinants of AD — Practice Questions,1910,8,3,2,True,
https://economicsacademy.co.uk/practice-questions/aqa-a2-macro/2-2-4-aggregate-demand-and-the-level-of-economic-activity.html,200,,https://economicsacademy.co.uk/practice-questions/aqa-a2-macro/2-2-4-aggregate-demand-and-the-level-of-economic-activity.html,https://economicsacademy.co.uk/practice-questions/aqa-a2-macro/2-2-4-aggregate-demand-and-the-level-of-economic-activity.html,True,,Multiplier Questions — AQA A-Level Economics | Economics Academy,64,"Ten free multiple-choice questions on the multiplier for AQA A-Level Economics: marginal propensities, calculating the multiplier and what determines its size.",159,https://economicsacademy.co.uk/practice-questions/aqa-a2-macro/2-2-4-aggregate-demand-and-the-level-of-economic-activity.html,Multiplier Questions — AQA A-Level Economics | Economics Academy,1,2.2.4 The Multiplier — Practice Questions,2072,8,2,2,True,
https://economicsacademy.co.uk/practice-questions/aqa-a2-macro/2-2-5-determinants-of-short-run-aggregate-supply.html,200,,https://economicsacademy.co.uk/practice-questions/aqa-a2-macro/2-2-5-determinants-of-short-run-aggregate-supply.html,https://economicsacademy.co.uk/practice-questions/aqa-a2-macro/2-2-5-determinants-of-short-run-aggregate-supply.html,True,,SRAS Questions — AQA A-Level Economics | Economics Academy,58,"Seven free multiple-choice questions on short-run aggregate supply for AQA A-Level Economics: costs, exchange rates, indirect taxes and supply shocks.",150,https://economicsacademy.co.uk/practice-questions/aqa-a2-macro/2-2-5-determinants-of-short-run-aggregate-supply.html,SRAS Questions — AQA A-Level Economics | Economics Academy,1,2.2.5 Determinants of SRAS — Practice Questions,1620,8,2,2,True,
https://economicsacademy.co.uk/practice-questions/aqa-a2-macro/2-2-6-determinants-of-long-run-aggregate-supply.html,200,,https://economicsacademy.co.uk/practice-questions/aqa-a2-macro/2-2-6-determinants-of-long-run-aggregate-supply.html,https://economicsacademy.co.uk/practice-questions/aqa-a2-macro/2-2-6-determinants-of-long-run-aggregate-supply.html,True,,LRAS Questions — AQA A-Level Economics | Economics Academy,58,"Seven free multiple-choice questions on long-run aggregate supply for AQA A-Level Economics: Classical and Keynesian views, and what shifts productive capacity.",160,https://economicsacademy.co.uk/practice-questions/aqa-a2-macro/2-2-6-determinants-of-long-run-aggregate-supply.html,LRAS Questions — AQA A-Level Economics | Economics Academy,1,2.2.6 Determinants of LRAS — Practice Questions,1456,8,3,2,True,
https://economicsacademy.co.uk/practice-questions/aqa-a2-macro/2-3-1-economic-growth-and-the-economic-cycle.html,200,,https://economicsacademy.co.uk/practice-questions/aqa-a2-macro/2-3-1-economic-growth-and-the-economic-cycle.html,https://economicsacademy.co.uk/practice-questions/aqa-a2-macro/2-3-1-economic-growth-and-the-economic-cycle.html,True,,Economic Growth and the Cycle Questions — AQA A-Level Economics | Economics Academy,83,"Nine free multiple-choice questions on economic growth and the economic cycle for AQA A-Level Economics: actual and potential growth, output gaps and shocks.",157,https://economicsacademy.co.uk/practice-questions/aqa-a2-macro/2-3-1-economic-growth-and-the-economic-cycle.html,Economic Growth and the Cycle Questions — AQA A-Level Economics | Economics Academy,1,2.3.1 Growth and the Economic Cycle — Practice Questions,1756,8,3,2,True,
https://economicsacademy.co.uk/practice-questions/aqa-a2-macro/2-3-2-employment-and-unemployment.html,200,,https://economicsacademy.co.uk/practice-questions/aqa-a2-macro/2-3-2-employment-and-unemployment.html,https://economicsacademy.co.uk/practice-questions/aqa-a2-macro/2-3-2-employment-and-unemployment.html,True,,Unemployment Questions — AQA A-Level Economics | Economics Academy,66,"Nine free multiple-choice questions on employment and unemployment for AQA A-Level Economics: types of unemployment, the natural rate and underemployment.",154,https://economicsacademy.co.uk/practice-questions/aqa-a2-macro/2-3-2-employment-and-unemployment.html,Unemployment Questions — AQA A-Level Economics | Economics Academy,1,2.3.2 Employment and Unemployment — Practice Questions,1803,8,3,2,True,
https://economicsacademy.co.uk/practice-questions/aqa-a2-macro/2-3-3-inflation-and-deflation.html,200,,https://economicsacademy.co.uk/practice-questions/aqa-a2-macro/2-3-3-inflation-and-deflation.html,https://economicsacademy.co.uk/practice-questions/aqa-a2-macro/2-3-3-inflation-and-deflation.html,True,,Inflation and Deflation Questions — AQA A-Level Economics | Economics Academy,77,"Ten free multiple-choice questions on inflation and deflation for AQA A-Level Economics: demand-pull and cost-push causes, CPI limits and the quantity theory.",158,https://economicsacademy.co.uk/practice-questions/aqa-a2-macro/2-3-3-inflation-and-deflation.html,Inflation and Deflation Questions — AQA A-Level Economics | Economics Academy,1,2.3.3 Inflation and Deflation — Practice Questions,2238,8,3,2,True,
https://economicsacademy.co.uk/practice-questions/aqa-a2-macro/2-3-4-possible-conflicts-between-macroeconomic-policy-objectives.html,200,,https://economicsacademy.co.uk/practice-questions/aqa-a2-macro/2-3-4-possible-conflicts-between-macroeconomic-policy-objectives.html,https://economicsacademy.co.uk/practice-questions/aqa-a2-macro/2-3-4-possible-conflicts-between-macroeconomic-policy-objectives.html,True,,Macroeconomic Policy Conflicts Questions — AQA A-Level Economics | Economics Academy,84,"Eight free multiple-choice questions on macroeconomic policy conflicts for AQA A-Level Economics: the Phillips curve, trade-offs and supply-side solutions.",155,https://economicsacademy.co.uk/practice-questions/aqa-a2-macro/2-3-4-possible-conflicts-between-macroeconomic-policy-objectives.html,Macroeconomic Policy Conflicts Questions — AQA A-Level Economics | Economics Academy,1,2.3.4 Policy Conflicts — Practice Questions,1741,8,3,2,True,
https://economicsacademy.co.uk/practice-questions/aqa-a2-macro/2-4-1-the-structure-of-financial-markets-and-financial-assets.html,200,,https://economicsacademy.co.uk/practice-questions/aqa-a2-macro/2-4-1-the-structure-of-financial-markets-and-financial-assets.html,https://economicsacademy.co.uk/practice-questions/aqa-a2-macro/2-4-1-the-structure-of-financial-markets-and-financial-assets.html,True,,Financial Markets and Bonds Questions — AQA A-Level Economics | Economics Academy,81,"Eight free multiple-choice questions on financial markets for AQA A-Level Economics: money, narrow and broad money, debt and equity, and bond prices and yields.",160,https://economicsacademy.co.uk/practice-questions/aqa-a2-macro/2-4-1-the-structure-of-financial-markets-and-financial-assets.html,Financial Markets and Bonds Questions — AQA A-Level Economics | Economics Academy,1,2.4.1 Financial Markets and Assets — Practice Questions,1693,8,2,2,True,
https://economicsacademy.co.uk/practice-questions/aqa-a2-macro/2-4-2-commercial-banks-and-investment-banks.html,200,,https://economicsacademy.co.uk/practice-questions/aqa-a2-macro/2-4-2-commercial-banks-and-investment-banks.html,https://economicsacademy.co.uk/practice-questions/aqa-a2-macro/2-4-2-commercial-banks-and-investment-banks.html,True,,Commercial Banks Questions — AQA A-Level Economics | Economics Academy,70,"Seven free multiple-choice questions on banking for AQA A-Level Economics: commercial and investment banks, the balance sheet, bank objectives and credit creation.",163,https://economicsacademy.co.uk/practice-questions/aqa-a2-macro/2-4-2-commercial-banks-and-investment-banks.html,Commercial Banks Questions — AQA A-Level Economics | Economics Academy,1,2.4.2 Commercial and Investment Banks — Practice Questions,1537,8,2,2,True,
https://economicsacademy.co.uk/practice-questions/aqa-a2-macro/2-4-3-central-banks-and-monetary-policy.html,200,,https://economicsacademy.co.uk/practice-questions/aqa-a2-macro/2-4-3-central-banks-and-monetary-policy.html,https://economicsacademy.co.uk/practice-questions/aqa-a2-macro/2-4-3-central-banks-and-monetary-policy.html,True,,Monetary Policy Questions — AQA A-Level Economics | Economics Academy,69,"Nine free multiple-choice questions on monetary policy for AQA A-Level Economics: Bank Rate, quantitative easing, the transmission mechanism and its limits.",156,https://economicsacademy.co.uk/practice-questions/aqa-a2-macro/2-4-3-central-banks-and-monetary-policy.html,Monetary Policy Questions — AQA A-Level Economics | Economics Academy,1,2.4.3 Central Banks and Monetary Policy — Practice Questions,1782,8,3,2,True,
https://economicsacademy.co.uk/practice-questions/aqa-a2-macro/2-4-4-the-regulation-of-the-financial-system.html,200,,https://economicsacademy.co.uk/practice-questions/aqa-a2-macro/2-4-4-the-regulation-of-the-financial-system.html,https://economicsacademy.co.uk/practice-questions/aqa-a2-macro/2-4-4-the-regulation-of-the-financial-system.html,True,,Financial Regulation Questions — AQA A-Level Economics | Economics Academy,74,"Six free multiple-choice questions on financial regulation for AQA A-Level Economics: capital and liquidity ratios, moral hazard, systemic risk and the trade-offs.",163,https://economicsacademy.co.uk/practice-questions/aqa-a2-macro/2-4-4-the-regulation-of-the-financial-system.html,Financial Regulation Questions — AQA A-Level Economics | Economics Academy,1,2.4.4 Regulation of the Financial System — Practice Questions,1314,8,2,2,True,
https://economicsacademy.co.uk/practice-questions/aqa-a2-macro/2-5-1-fiscal-policy.html,200,,https://economicsacademy.co.uk/practice-questions/aqa-a2-macro/2-5-1-fiscal-policy.html,https://economicsacademy.co.uk/practice-questions/aqa-a2-macro/2-5-1-fiscal-policy.html,True,,Fiscal Policy Questions — AQA A-Level Economics | Economics Academy,67,"Nine free multiple-choice questions on fiscal policy for AQA A-Level Economics: budget deficits and national debt, types of tax, the Laffer curve and crowding out.",163,https://economicsacademy.co.uk/practice-questions/aqa-a2-macro/2-5-1-fiscal-policy.html,Fiscal Policy Questions — AQA A-Level Economics | Economics Academy,1,2.5.1 Fiscal Policy — Practice Questions,1976,8,3,2,True,
https://economicsacademy.co.uk/practice-questions/aqa-a2-macro/2-5-2-supply-side-policies.html,200,,https://economicsacademy.co.uk/practice-questions/aqa-a2-macro/2-5-2-supply-side-policies.html,https://economicsacademy.co.uk/practice-questions/aqa-a2-macro/2-5-2-supply-side-policies.html,True,,Supply-Side Policies Questions — AQA A-Level Economics | Economics Academy,74,"Eight free multiple-choice questions on supply-side policies for AQA A-Level Economics: market-based and interventionist measures, and how to evaluate them.",156,https://economicsacademy.co.uk/practice-questions/aqa-a2-macro/2-5-2-supply-side-policies.html,Supply-Side Policies Questions — AQA A-Level Economics | Economics Academy,1,2.5.2 Supply-Side Policies — Practice Questions,1786,8,3,2,True,
https://economicsacademy.co.uk/practice-questions/aqa-a2-macro/2-6-1-globalisation.html,200,,https://economicsacademy.co.uk/practice-questions/aqa-a2-macro/2-6-1-globalisation.html,https://economicsacademy.co.uk/practice-questions/aqa-a2-macro/2-6-1-globalisation.html,True,,Globalisation Questions — AQA A-Level Economics | Economics Academy,67,"Seven free multiple-choice questions on globalisation for AQA A-Level Economics: its causes, and its effects on consumers, workers, firms and the environment.",158,https://economicsacademy.co.uk/practice-questions/aqa-a2-macro/2-6-1-globalisation.html,Globalisation Questions — AQA A-Level Economics | Economics Academy,1,2.6.1 Globalisation — Practice Questions,1376,8,3,2,True,
https://economicsacademy.co.uk/practice-questions/aqa-a2-macro/2-6-2-trade.html,200,,https://economicsacademy.co.uk/practice-questions/aqa-a2-macro/2-6-2-trade.html,https://economicsacademy.co.uk/practice-questions/aqa-a2-macro/2-6-2-trade.html,True,,International Trade Questions — AQA A-Level Economics | Economics Academy,73,"Nine free multiple-choice questions on international trade for AQA A-Level Economics: comparative advantage, tariffs and quotas, and types of trading bloc.",155,https://economicsacademy.co.uk/practice-questions/aqa-a2-macro/2-6-2-trade.html,International Trade Questions — AQA A-Level Economics | Economics Academy,1,2.6.2 Trade — Practice Questions,1944,8,3,2,True,
https://economicsacademy.co.uk/practice-questions/aqa-a2-macro/2-6-3-the-balance-of-payments.html,200,,https://economicsacademy.co.uk/practice-questions/aqa-a2-macro/2-6-3-the-balance-of-payments.html,https://economicsacademy.co.uk/practice-questions/aqa-a2-macro/2-6-3-the-balance-of-payments.html,True,,Balance of Payments Questions — AQA A-Level Economics | Economics Academy,73,"Nine free multiple-choice questions on the balance of payments for AQA A-Level Economics: the current account, causes of deficits and the policies to correct them.",163,https://economicsacademy.co.uk/practice-questions/aqa-a2-macro/2-6-3-the-balance-of-payments.html,Balance of Payments Questions — AQA A-Level Economics | Economics Academy,1,2.6.3 The Balance of Payments — Practice Questions,1848,8,3,2,True,
https://economicsacademy.co.uk/practice-questions/aqa-a2-macro/2-6-4-exchange-rate-systems.html,200,,https://economicsacademy.co.uk/practice-questions/aqa-a2-macro/2-6-4-exchange-rate-systems.html,https://economicsacademy.co.uk/practice-questions/aqa-a2-macro/2-6-4-exchange-rate-systems.html,True,,Exchange Rate Questions — AQA A-Level Economics | Economics Academy,67,"Ten free multiple-choice questions on exchange rates for AQA A-Level Economics: floating and fixed systems, the J-curve, Marshall-Lerner and currency unions.",157,https://economicsacademy.co.uk/practice-questions/aqa-a2-macro/2-6-4-exchange-rate-systems.html,Exchange Rate Questions — AQA A-Level Economics | Economics Academy,1,2.6.4 Exchange Rate Systems — Practice Questions,2136,8,3,2,True,
https://economicsacademy.co.uk/practice-questions/aqa-a2-macro/2-6-5-economic-growth-and-development.html,200,,https://economicsacademy.co.uk/practice-questions/aqa-a2-macro/2-6-5-economic-growth-and-development.html,https://economicsacademy.co.uk/practice-questions/aqa-a2-macro/2-6-5-economic-growth-and-development.html,True,,Economic Development Questions — AQA A-Level Economics | Economics Academy,74,"Eight free multiple-choice questions on economic development for AQA A-Level Economics: growth versus development, the HDI, and the barriers to development.",156,https://economicsacademy.co.uk/practice-questions/aqa-a2-macro/2-6-5-economic-growth-and-development.html,Economic Development Questions — AQA A-Level Economics | Economics Academy,1,2.6.5 Growth and Development — Practice Questions,1674,8,3,2,True,
https://economicsacademy.co.uk/practice-questions/aqa-a2-macro/index.html,200,,https://economicsacademy.co.uk/practice-questions/aqa-a2-macro/index.html,https://economicsacademy.co.uk/practice-questions/aqa-a2-macro/index.html,True,,AQA Macroeconomics Practice Questions — AQA A-Level Economics | Economics Academy,81,"Free AQA A-Level Economics multiple-choice questions on the national and international economy. 209 questions across 25 topics, each with a worked answer.",154,https://economicsacademy.co.uk/practice-questions/aqa-a2-macro/index.html,AQA Macroeconomics Practice Questions — AQA A-Level Economics | Economics Academy,1,AQA Macroeconomics Practice Questions,332,30,52,2,True,
https://economicsacademy.co.uk/practice-questions/aqa-a2-micro/,200,,https://economicsacademy.co.uk/practice-questions/aqa-a2-micro/,https://economicsacademy.co.uk/practice-questions/aqa-a2-micro/index.html,False,,AQA Microeconomics Practice Questions — AQA A-Level Economics | Economics Academy,81,"Free AQA A-Level Economics multiple-choice questions on individuals, firms, markets and market failure. 401 questions across 54 topics, each with a worked answer.",162,https://economicsacademy.co.uk/practice-questions/aqa-a2-micro/index.html,AQA Microeconomics Practice Questions — AQA A-Level Economics | Economics Academy,1,AQA Microeconomics Practice Questions,562,59,0,2,False,
https://economicsacademy.co.uk/practice-questions/aqa-a2-micro/1-1-1-economic-methodology.html,200,,https://economicsacademy.co.uk/practice-questions/aqa-a2-micro/1-1-1-economic-methodology.html,https://economicsacademy.co.uk/practice-questions/aqa-a2-micro/1-1-1-economic-methodology.html,True,,Positive and Normative Statements Questions — AQA A-Level Economics | Economics Academy,87,"Six free multiple-choice questions on economic methodology for AQA A-Level Economics: positive vs normative statements, models, ceteris paribus and value judgements.",165,https://economicsacademy.co.uk/practice-questions/aqa-a2-micro/1-1-1-economic-methodology.html,Positive and Normative Statements Questions — AQA A-Level Economics | Economics Academy,1,1.1.1 Economic Methodology — Practice Questions,1753,8,2,2,True,
https://economicsacademy.co.uk/practice-questions/aqa-a2-micro/1-1-2-the-nature-and-purpose-of-economic-activity.html,200,,https://economicsacademy.co.uk/practice-questions/aqa-a2-micro/1-1-2-the-nature-and-purpose-of-economic-activity.html,https://economicsacademy.co.uk/practice-questions/aqa-a2-micro/1-1-2-the-nature-and-purpose-of-economic-activity.html,True,,Purpose of Economic Activity Questions — AQA A-Level Economics | Economics Academy,82,"Five free multiple-choice questions on the nature and purpose of economic activity for AQA A-Level Economics, covering what, how and for whom to produce.",153,https://economicsacademy.co.uk/practice-questions/aqa-a2-micro/1-1-2-the-nature-and-purpose-of-economic-activity.html,Purpose of Economic Activity Questions — AQA A-Level Economics | Economics Academy,1,1.1.2 The Purpose of Economic Activity — Practice Questions,1339,8,2,2,True,
https://economicsacademy.co.uk/practice-questions/aqa-a2-micro/1-1-3-economic-resources.html,200,,https://economicsacademy.co.uk/practice-questions/aqa-a2-micro/1-1-3-economic-resources.html,https://economicsacademy.co.uk/practice-questions/aqa-a2-micro/1-1-3-economic-resources.html,True,,Factors of Production Questions — AQA A-Level Economics | Economics Academy,75,"Five free multiple-choice questions on economic resources for AQA A-Level Economics: the four factors of production, their rewards and the environment.",151,https://economicsacademy.co.uk/practice-questions/aqa-a2-micro/1-1-3-economic-resources.html,Factors of Production Questions — AQA A-Level Economics | Economics Academy,1,1.1.3 Economic Resources — Practice Questions,1393,8,2,2,True,
https://economicsacademy.co.uk/practice-questions/aqa-a2-micro/1-1-4-scarcity-choice-and-the-allocation-of-resources.html,200,,https://economicsacademy.co.uk/practice-questions/aqa-a2-micro/1-1-4-scarcity-choice-and-the-allocation-of-resources.html,https://economicsacademy.co.uk/practice-questions/aqa-a2-micro/1-1-4-scarcity-choice-and-the-allocation-of-resources.html,True,,Scarcity and Opportunity Cost Questions — AQA A-Level Economics | Economics Academy,83,"Six free multiple-choice questions on scarcity, choice and opportunity cost for AQA A-Level Economics, including a calculation and full worked answers.",151,https://economicsacademy.co.uk/practice-questions/aqa-a2-micro/1-1-4-scarcity-choice-and-the-allocation-of-resources.html,Scarcity and Opportunity Cost Questions — AQA A-Level Economics | Economics Academy,1,"1.1.4 Scarcity, Choice and Opportunity Cost — Practice Questions",1632,8,2,2,True,
https://economicsacademy.co.uk/practice-questions/aqa-a2-micro/1-1-5-production-possibility-diagrams.html,200,,https://economicsacademy.co.uk/practice-questions/aqa-a2-micro/1-1-5-production-possibility-diagrams.html,https://economicsacademy.co.uk/practice-questions/aqa-a2-micro/1-1-5-production-possibility-diagrams.html,True,,Production Possibility Frontier Questions — AQA A-Level Economics | Economics Academy,85,"Eight free multiple-choice questions on production possibility diagrams for AQA A-Level Economics: opportunity cost, efficiency and shifts, with worked answers.",160,https://economicsacademy.co.uk/practice-questions/aqa-a2-micro/1-1-5-production-possibility-diagrams.html,Production Possibility Frontier Questions — AQA A-Level Economics | Economics Academy,1,1.1.5 Production Possibility Diagrams — Practice Questions,2233,8,2,2,True,
https://economicsacademy.co.uk/practice-questions/aqa-a2-micro/1-2-1-consumer-behaviour.html,200,,https://economicsacademy.co.uk/practice-questions/aqa-a2-micro/1-2-1-consumer-behaviour.html,https://economicsacademy.co.uk/practice-questions/aqa-a2-micro/1-2-1-consumer-behaviour.html,True,,Diminishing Marginal Utility Questions — AQA A-Level Economics | Economics Academy,82,"Seven free multiple-choice questions on consumer behaviour for AQA A-Level Economics: rational choice, utility and diminishing marginal utility, with worked answers.",165,https://economicsacademy.co.uk/practice-questions/aqa-a2-micro/1-2-1-consumer-behaviour.html,Diminishing Marginal Utility Questions — AQA A-Level Economics | Economics Academy,1,1.2.1 Consumer Behaviour — Practice Questions,1893,8,2,2,True,
https://economicsacademy.co.uk/practice-questions/aqa-a2-micro/1-2-2-imperfect-information.html,200,,https://economicsacademy.co.uk/practice-questions/aqa-a2-micro/1-2-2-imperfect-information.html,https://economicsacademy.co.uk/practice-questions/aqa-a2-micro/1-2-2-imperfect-information.html,True,,Asymmetric Information Questions — AQA A-Level Economics | Economics Academy,76,"Six free multiple-choice questions on imperfect information for AQA A-Level Economics: information gaps, asymmetric information and their consequences.",151,https://economicsacademy.co.uk/practice-questions/aqa-a2-micro/1-2-2-imperfect-information.html,Asymmetric Information Questions — AQA A-Level Economics | Economics Academy,1,1.2.2 Imperfect Information — Practice Questions,1633,8,2,2,True,
https://economicsacademy.co.uk/practice-questions/aqa-a2-micro/1-2-3-aspects-of-behavioural-economic-theory.html,200,,https://economicsacademy.co.uk/practice-questions/aqa-a2-micro/1-2-3-aspects-of-behavioural-economic-theory.html,https://economicsacademy.co.uk/practice-questions/aqa-a2-micro/1-2-3-aspects-of-behavioural-economic-theory.html,True,,Behavioural Economics Questions — AQA A-Level Economics | Economics Academy,75,"Eight free multiple-choice questions on behavioural economics for AQA A-Level Economics: bounded rationality, bounded self control, biases and altruism.",152,https://economicsacademy.co.uk/practice-questions/aqa-a2-micro/1-2-3-aspects-of-behavioural-economic-theory.html,Behavioural Economics Questions — AQA A-Level Economics | Economics Academy,1,1.2.3 Behavioural Economic Theory — Practice Questions,1991,8,2,2,True,
https://economicsacademy.co.uk/practice-questions/aqa-a2-micro/1-2-4-behavioural-economics-and-economic-policy.html,200,,https://economicsacademy.co.uk/practice-questions/aqa-a2-micro/1-2-4-behavioural-economics-and-economic-policy.html,https://economicsacademy.co.uk/practice-questions/aqa-a2-micro/1-2-4-behavioural-economics-and-economic-policy.html,True,,Nudges and Choice Architecture Questions — AQA A-Level Economics | Economics Academy,84,"Six free multiple-choice questions on behavioural economics and policy for AQA A-Level Economics: nudges, choice architecture, default and mandated choice.",155,https://economicsacademy.co.uk/practice-questions/aqa-a2-micro/1-2-4-behavioural-economics-and-economic-policy.html,Nudges and Choice Architecture Questions — AQA A-Level Economics | Economics Academy,1,1.2.4 Behavioural Economics and Policy — Practice Questions,1548,8,2,2,True,
https://economicsacademy.co.uk/practice-questions/aqa-a2-micro/1-3-1-the-determinants-of-the-demand-for-goods-and-services.html,200,,https://economicsacademy.co.uk/practice-questions/aqa-a2-micro/1-3-1-the-determinants-of-the-demand-for-goods-and-services.html,https://economicsacademy.co.uk/practice-questions/aqa-a2-micro/1-3-1-the-determinants-of-the-demand-for-goods-and-services.html,True,,Determinants of Demand Questions — AQA A-Level Economics | Economics Academy,76,"Seven free multiple-choice questions on the determinants of demand for AQA A-Level Economics: movements, shifts and the conditions of demand, with worked answers.",162,https://economicsacademy.co.uk/practice-questions/aqa-a2-micro/1-3-1-the-determinants-of-the-demand-for-goods-and-services.html,Determinants of Demand Questions — AQA A-Level Economics | Economics Academy,1,1.3.1 Determinants of Demand — Practice Questions,1963,8,3,2,True,
https://economicsacademy.co.uk/practice-questions/aqa-a2-micro/1-3-2-price-income-and-cross-elasticities-of-demand.html,200,,https://economicsacademy.co.uk/practice-questions/aqa-a2-micro/1-3-2-price-income-and-cross-elasticities-of-demand.html,https://economicsacademy.co.uk/practice-questions/aqa-a2-micro/1-3-2-price-income-and-cross-elasticities-of-demand.html,True,,Elasticity of Demand Questions — AQA A-Level Economics | Economics Academy,74,"Ten free multiple-choice questions on PED, YED and XED for AQA A-Level Economics, with full worked answers and instant feedback. Test yourself now.",147,https://economicsacademy.co.uk/practice-questions/aqa-a2-micro/1-3-2-price-income-and-cross-elasticities-of-demand.html,Elasticity of Demand Questions — AQA A-Level Economics | Economics Academy,1,1.3.2 Elasticities of Demand — Practice Questions,3343,8,2,2,True,
https://economicsacademy.co.uk/practice-questions/aqa-a2-micro/1-3-3-the-determinants-of-the-supply-of-goods-and-services.html,200,,https://economicsacademy.co.uk/practice-questions/aqa-a2-micro/1-3-3-the-determinants-of-the-supply-of-goods-and-services.html,https://economicsacademy.co.uk/practice-questions/aqa-a2-micro/1-3-3-the-determinants-of-the-supply-of-goods-and-services.html,True,,Determinants of Supply Questions — AQA A-Level Economics | Economics Academy,76,"Six free multiple-choice questions on the determinants of supply for AQA A-Level Economics: movements, shifts, costs, subsidies and taxes, with worked answers.",159,https://economicsacademy.co.uk/practice-questions/aqa-a2-micro/1-3-3-the-determinants-of-the-supply-of-goods-and-services.html,Determinants of Supply Questions — AQA A-Level Economics | Economics Academy,1,1.3.3 Determinants of Supply — Practice Questions,1629,8,2,2,True,
https://economicsacademy.co.uk/practice-questions/aqa-a2-micro/1-3-4-price-elasticity-of-supply.html,200,,https://economicsacademy.co.uk/practice-questions/aqa-a2-micro/1-3-4-price-elasticity-of-supply.html,https://economicsacademy.co.uk/practice-questions/aqa-a2-micro/1-3-4-price-elasticity-of-supply.html,True,,Price Elasticity of Supply Questions — AQA A-Level Economics | Economics Academy,80,"Eight free multiple-choice questions on price elasticity of supply for AQA A-Level Economics: PES calculations, determinants and time, with worked answers.",155,https://economicsacademy.co.uk/practice-questions/aqa-a2-micro/1-3-4-price-elasticity-of-supply.html,Price Elasticity of Supply Questions — AQA A-Level Economics | Economics Academy,1,1.3.4 Price Elasticity of Supply — Practice Questions,2313,8,2,2,True,
https://economicsacademy.co.uk/practice-questions/aqa-a2-micro/1-3-5-the-determination-of-equilibrium-market-prices.html,200,,https://economicsacademy.co.uk/practice-questions/aqa-a2-micro/1-3-5-the-determination-of-equilibrium-market-prices.html,https://economicsacademy.co.uk/practice-questions/aqa-a2-micro/1-3-5-the-determination-of-equilibrium-market-prices.html,True,,Market Equilibrium Questions — AQA A-Level Economics | Economics Academy,72,"Nine free multiple-choice questions on equilibrium market prices for AQA A-Level Economics: equilibrium, shortages, surpluses and shifts, with worked answers.",158,https://economicsacademy.co.uk/practice-questions/aqa-a2-micro/1-3-5-the-determination-of-equilibrium-market-prices.html,Market Equilibrium Questions — AQA A-Level Economics | Economics Academy,1,1.3.5 Equilibrium Market Prices — Practice Questions,2306,8,3,2,True,
https://economicsacademy.co.uk/practice-questions/aqa-a2-micro/1-3-6-the-interrelationship-between-markets.html,200,,https://economicsacademy.co.uk/practice-questions/aqa-a2-micro/1-3-6-the-interrelationship-between-markets.html,https://economicsacademy.co.uk/practice-questions/aqa-a2-micro/1-3-6-the-interrelationship-between-markets.html,True,,Joint and Derived Demand Questions — AQA A-Level Economics | Economics Academy,78,"Seven free multiple-choice questions on the interrelationship between markets for AQA A-Level Economics: joint, competitive, composite and derived demand.",154,https://economicsacademy.co.uk/practice-questions/aqa-a2-micro/1-3-6-the-interrelationship-between-markets.html,Joint and Derived Demand Questions — AQA A-Level Economics | Economics Academy,1,1.3.6 Interrelationship between Markets — Practice Questions,1795,8,2,2,True,
https://economicsacademy.co.uk/practice-questions/aqa-a2-micro/1-4-1-production-and-productivity.html,200,,https://economicsacademy.co.uk/practice-questions/aqa-a2-micro/1-4-1-production-and-productivity.html,https://economicsacademy.co.uk/practice-questions/aqa-a2-micro/1-4-1-production-and-productivity.html,True,,Labour Productivity Questions — AQA A-Level Economics | Economics Academy,73,"Seven free multiple-choice questions on production and productivity for AQA A-Level Economics, including labour productivity calculations and worked answers.",157,https://economicsacademy.co.uk/practice-questions/aqa-a2-micro/1-4-1-production-and-productivity.html,Labour Productivity Questions — AQA A-Level Economics | Economics Academy,1,1.4.1 Production and Productivity — Practice Questions,1664,8,2,2,True,
https://economicsacademy.co.uk/practice-questions/aqa-a2-micro/1-4-2-specialisation-division-of-labour-and-exchange.html,200,,https://economicsacademy.co.uk/practice-questions/aqa-a2-micro/1-4-2-specialisation-division-of-labour-and-exchange.html,https://economicsacademy.co.uk/practice-questions/aqa-a2-micro/1-4-2-specialisation-division-of-labour-and-exchange.html,True,,Division of Labour and Money Questions — AQA A-Level Economics | Economics Academy,82,"Six free multiple-choice questions on specialisation, the division of labour and the functions of money for AQA A-Level Economics, with worked answers.",151,https://economicsacademy.co.uk/practice-questions/aqa-a2-micro/1-4-2-specialisation-division-of-labour-and-exchange.html,Division of Labour and Money Questions — AQA A-Level Economics | Economics Academy,1,1.4.2 Specialisation and Division of Labour — Practice Questions,1558,8,2,2,True,
https://economicsacademy.co.uk/practice-questions/aqa-a2-micro/1-4-3-the-law-of-diminishing-returns-and-returns-to-scale.html,200,,https://economicsacademy.co.uk/practice-questions/aqa-a2-micro/1-4-3-the-law-of-diminishing-returns-and-returns-to-scale.html,https://economicsacademy.co.uk/practice-questions/aqa-a2-micro/1-4-3-the-law-of-diminishing-returns-and-returns-to-scale.html,True,,Diminishing Returns Questions — AQA A-Level Economics | Economics Academy,73,"Nine free multiple-choice questions on diminishing returns and returns to scale for AQA A-Level Economics, with calculations and full worked answers.",149,https://economicsacademy.co.uk/practice-questions/aqa-a2-micro/1-4-3-the-law-of-diminishing-returns-and-returns-to-scale.html,Diminishing Returns Questions — AQA A-Level Economics | Economics Academy,1,1.4.3 Diminishing Returns and Returns to Scale — Practice Questions,2260,8,2,2,True,
https://economicsacademy.co.uk/practice-questions/aqa-a2-micro/1-4-4-costs-of-production.html,200,,https://economicsacademy.co.uk/practice-questions/aqa-a2-micro/1-4-4-costs-of-production.html,https://economicsacademy.co.uk/practice-questions/aqa-a2-micro/1-4-4-costs-of-production.html,True,,Costs of Production Questions — AQA A-Level Economics | Economics Academy,73,"Ten free multiple-choice questions on costs of production for AQA A-Level Economics: fixed, variable, average and marginal costs, with worked calculations.",155,https://economicsacademy.co.uk/practice-questions/aqa-a2-micro/1-4-4-costs-of-production.html,Costs of Production Questions — AQA A-Level Economics | Economics Academy,1,1.4.4 Costs of Production — Practice Questions,2262,8,2,2,True,
https://economicsacademy.co.uk/practice-questions/aqa-a2-micro/1-4-5-economies-and-diseconomies-of-scale.html,200,,https://economicsacademy.co.uk/practice-questions/aqa-a2-micro/1-4-5-economies-and-diseconomies-of-scale.html,https://economicsacademy.co.uk/practice-questions/aqa-a2-micro/1-4-5-economies-and-diseconomies-of-scale.html,True,,Economies of Scale Questions — AQA A-Level Economics | Economics Academy,72,"Eight free multiple-choice questions on economies and diseconomies of scale for AQA A-Level Economics: internal, external, MES and the LRAC curve.",146,https://economicsacademy.co.uk/practice-questions/aqa-a2-micro/1-4-5-economies-and-diseconomies-of-scale.html,Economies of Scale Questions — AQA A-Level Economics | Economics Academy,1,1.4.5 Economies and Diseconomies of Scale — Practice Questions,1982,8,2,2,True,
https://economicsacademy.co.uk/practice-questions/aqa-a2-micro/1-4-6-marginal-average-and-total-revenue.html,200,,https://economicsacademy.co.uk/practice-questions/aqa-a2-micro/1-4-6-marginal-average-and-total-revenue.html,https://economicsacademy.co.uk/practice-questions/aqa-a2-micro/1-4-6-marginal-average-and-total-revenue.html,True,,Total and Marginal Revenue Questions — AQA A-Level Economics | Economics Academy,80,"Nine free multiple-choice questions on total, average and marginal revenue for AQA A-Level Economics, with calculations and full worked answers.",144,https://economicsacademy.co.uk/practice-questions/aqa-a2-micro/1-4-6-marginal-average-and-total-revenue.html,Total and Marginal Revenue Questions — AQA A-Level Economics | Economics Academy,1,"1.4.6 Marginal, Average and Total Revenue — Practice Questions",2226,8,2,2,True,
https://economicsacademy.co.uk/practice-questions/aqa-a2-micro/1-4-7-profit.html,200,,https://economicsacademy.co.uk/practice-questions/aqa-a2-micro/1-4-7-profit.html,https://economicsacademy.co.uk/practice-questions/aqa-a2-micro/1-4-7-profit.html,True,,Normal and Supernormal Profit Questions — AQA A-Level Economics | Economics Academy,83,"Eight free multiple-choice questions on profit for AQA A-Level Economics: normal and supernormal profit, losses, profit maximisation and worked answers.",152,https://economicsacademy.co.uk/practice-questions/aqa-a2-micro/1-4-7-profit.html,Normal and Supernormal Profit Questions — AQA A-Level Economics | Economics Academy,1,1.4.7 Profit — Practice Questions,1931,8,3,2,True,
https://economicsacademy.co.uk/practice-questions/aqa-a2-micro/1-4-8-technological-change.html,200,,https://economicsacademy.co.uk/practice-questions/aqa-a2-micro/1-4-8-technological-change.html,https://economicsacademy.co.uk/practice-questions/aqa-a2-micro/1-4-8-technological-change.html,True,,Invention and Innovation Questions — AQA A-Level Economics | Economics Academy,78,"Five free multiple-choice questions on technological change for AQA A-Level Economics: invention, innovation, productivity and costs, with worked answers.",154,https://economicsacademy.co.uk/practice-questions/aqa-a2-micro/1-4-8-technological-change.html,Invention and Innovation Questions — AQA A-Level Economics | Economics Academy,1,1.4.8 Technological Change — Practice Questions,1159,8,3,2,True,
https://economicsacademy.co.uk/practice-questions/aqa-a2-micro/1-5-1-market-structures.html,200,,https://economicsacademy.co.uk/practice-questions/aqa-a2-micro/1-5-1-market-structures.html,https://economicsacademy.co.uk/practice-questions/aqa-a2-micro/1-5-1-market-structures.html,True,,Market Structures Questions — AQA A-Level Economics | Economics Academy,71,Seven free multiple-choice questions on market structures for AQA A-Level Economics: the spectrum of competition and the characteristics that define it.,152,https://economicsacademy.co.uk/practice-questions/aqa-a2-micro/1-5-1-market-structures.html,Market Structures Questions — AQA A-Level Economics | Economics Academy,1,1.5.1 Market Structures — Practice Questions,1562,8,2,2,True,
https://economicsacademy.co.uk/practice-questions/aqa-a2-micro/1-5-10-market-structure-efficiency-resource-allocation.html,200,,https://economicsacademy.co.uk/practice-questions/aqa-a2-micro/1-5-10-market-structure-efficiency-resource-allocation.html,https://economicsacademy.co.uk/practice-questions/aqa-a2-micro/1-5-10-market-structure-efficiency-resource-allocation.html,True,,Types of Efficiency Questions — AQA A-Level Economics | Economics Academy,73,"Eight free multiple-choice questions on efficiency for AQA A-Level Economics: allocative, productive, dynamic and X-inefficiency across market structures.",154,https://economicsacademy.co.uk/practice-questions/aqa-a2-micro/1-5-10-market-structure-efficiency-resource-allocation.html,Types of Efficiency Questions — AQA A-Level Economics | Economics Academy,1,1.5.10 Market Structure and Efficiency — Practice Questions,1868,8,3,2,True,
https://economicsacademy.co.uk/practice-questions/aqa-a2-micro/1-5-11-consumer-and-producer-surplus.html,200,,https://economicsacademy.co.uk/practice-questions/aqa-a2-micro/1-5-11-consumer-and-producer-surplus.html,https://economicsacademy.co.uk/practice-questions/aqa-a2-micro/1-5-11-consumer-and-producer-surplus.html,True,,Consumer and Producer Surplus Questions — AQA A-Level Economics | Economics Academy,83,"Eight free multiple-choice questions on consumer and producer surplus for AQA A-Level Economics, with calculations, diagrams to sketch and worked answers.",154,https://economicsacademy.co.uk/practice-questions/aqa-a2-micro/1-5-11-consumer-and-producer-surplus.html,Consumer and Producer Surplus Questions — AQA A-Level Economics | Economics Academy,1,1.5.11 Consumer and Producer Surplus — Practice Questions,2063,8,2,2,True,
https://economicsacademy.co.uk/practice-questions/aqa-a2-micro/1-5-2-the-objectives-of-firms.html,200,,https://economicsacademy.co.uk/practice-questions/aqa-a2-micro/1-5-2-the-objectives-of-firms.html,https://economicsacademy.co.uk/practice-questions/aqa-a2-micro/1-5-2-the-objectives-of-firms.html,True,,Objectives of Firms Questions — AQA A-Level Economics | Economics Academy,73,"Seven free multiple-choice questions on the objectives of firms for AQA A-Level Economics: profit and revenue maximisation, satisficing and principal-agent.",156,https://economicsacademy.co.uk/practice-questions/aqa-a2-micro/1-5-2-the-objectives-of-firms.html,Objectives of Firms Questions — AQA A-Level Economics | Economics Academy,1,1.5.2 The Objectives of Firms — Practice Questions,1537,8,2,2,True,
https://economicsacademy.co.uk/practice-questions/aqa-a2-micro/1-5-3-perfect-competition.html,200,,https://economicsacademy.co.uk/practice-questions/aqa-a2-micro/1-5-3-perfect-competition.html,https://economicsacademy.co.uk/practice-questions/aqa-a2-micro/1-5-3-perfect-competition.html,True,,Perfect Competition Questions — AQA A-Level Economics | Economics Academy,73,"Nine free multiple-choice questions on perfect competition for AQA A-Level Economics: characteristics, short-run and long-run equilibrium and efficiency.",153,https://economicsacademy.co.uk/practice-questions/aqa-a2-micro/1-5-3-perfect-competition.html,Perfect Competition Questions — AQA A-Level Economics | Economics Academy,1,1.5.3 Perfect Competition — Practice Questions,2078,8,2,2,True,
https://economicsacademy.co.uk/practice-questions/aqa-a2-micro/1-5-4-monopolistic-competition.html,200,,https://economicsacademy.co.uk/practice-questions/aqa-a2-micro/1-5-4-monopolistic-competition.html,https://economicsacademy.co.uk/practice-questions/aqa-a2-micro/1-5-4-monopolistic-competition.html,True,,Monopolistic Competition Questions — AQA A-Level Economics | Economics Academy,78,"Seven free multiple-choice questions on monopolistic competition for AQA A-Level Economics: characteristics, long-run equilibrium and efficiency.",145,https://economicsacademy.co.uk/practice-questions/aqa-a2-micro/1-5-4-monopolistic-competition.html,Monopolistic Competition Questions — AQA A-Level Economics | Economics Academy,1,1.5.4 Monopolistic Competition — Practice Questions,1621,8,2,2,True,
https://economicsacademy.co.uk/practice-questions/aqa-a2-micro/1-5-5-oligopoly.html,200,,https://economicsacademy.co.uk/practice-questions/aqa-a2-micro/1-5-5-oligopoly.html,https://economicsacademy.co.uk/practice-questions/aqa-a2-micro/1-5-5-oligopoly.html,True,,Oligopoly and Concentration Ratio Questions — AQA A-Level Economics | Economics Academy,87,"Nine free multiple-choice questions on oligopoly for AQA A-Level Economics: interdependence, concentration ratios, collusion and game theory.",141,https://economicsacademy.co.uk/practice-questions/aqa-a2-micro/1-5-5-oligopoly.html,Oligopoly and Concentration Ratio Questions — AQA A-Level Economics | Economics Academy,1,1.5.5 Oligopoly — Practice Questions,2009,8,3,2,True,
https://economicsacademy.co.uk/practice-questions/aqa-a2-micro/1-5-6-monopoly-and-monopoly-power.html,200,,https://economicsacademy.co.uk/practice-questions/aqa-a2-micro/1-5-6-monopoly-and-monopoly-power.html,https://economicsacademy.co.uk/practice-questions/aqa-a2-micro/1-5-6-monopoly-and-monopoly-power.html,True,,Monopoly Questions — AQA A-Level Economics | Economics Academy,62,"Nine free multiple-choice questions on monopoly for AQA A-Level Economics: barriers to entry, natural monopoly and the costs and benefits of monopoly power.",156,https://economicsacademy.co.uk/practice-questions/aqa-a2-micro/1-5-6-monopoly-and-monopoly-power.html,Monopoly Questions — AQA A-Level Economics | Economics Academy,1,1.5.6 Monopoly and Monopoly Power — Practice Questions,2219,8,3,2,True,
https://economicsacademy.co.uk/practice-questions/aqa-a2-micro/1-5-7-price-discrimination.html,200,,https://economicsacademy.co.uk/practice-questions/aqa-a2-micro/1-5-7-price-discrimination.html,https://economicsacademy.co.uk/practice-questions/aqa-a2-micro/1-5-7-price-discrimination.html,True,,Price Discrimination Questions — AQA A-Level Economics | Economics Academy,74,"Eight free multiple-choice questions on price discrimination for AQA A-Level Economics: the three degrees, the conditions required and who gains and loses.",155,https://economicsacademy.co.uk/practice-questions/aqa-a2-micro/1-5-7-price-discrimination.html,Price Discrimination Questions — AQA A-Level Economics | Economics Academy,1,1.5.7 Price Discrimination — Practice Questions,1969,8,2,2,True,
https://economicsacademy.co.uk/practice-questions/aqa-a2-micro/1-5-8-the-dynamics-of-competition-and-competitive-market-processes.html,200,,https://economicsacademy.co.uk/practice-questions/aqa-a2-micro/1-5-8-the-dynamics-of-competition-and-competitive-market-processes.html,https://economicsacademy.co.uk/practice-questions/aqa-a2-micro/1-5-8-the-dynamics-of-competition-and-competitive-market-processes.html,True,,Creative Destruction Questions — AQA A-Level Economics | Economics Academy,74,Six free multiple-choice questions on the dynamics of competition for AQA A-Level Economics: the benefits of competition and creative destruction.,146,https://economicsacademy.co.uk/practice-questions/aqa-a2-micro/1-5-8-the-dynamics-of-competition-and-competitive-market-processes.html,Creative Destruction Questions — AQA A-Level Economics | Economics Academy,1,1.5.8 The Dynamics of Competition — Practice Questions,1338,8,3,2,True,
https://economicsacademy.co.uk/practice-questions/aqa-a2-micro/1-5-9-contestable-and-non-contestable-markets.html,200,,https://economicsacademy.co.uk/practice-questions/aqa-a2-micro/1-5-9-contestable-and-non-contestable-markets.html,https://economicsacademy.co.uk/practice-questions/aqa-a2-micro/1-5-9-contestable-and-non-contestable-markets.html,True,,Contestable Markets Questions — AQA A-Level Economics | Economics Academy,73,"Eight free multiple-choice questions on contestable markets for AQA A-Level Economics: sunk costs, hit-and-run entry and how contestability differs from competition.",165,https://economicsacademy.co.uk/practice-questions/aqa-a2-micro/1-5-9-contestable-and-non-contestable-markets.html,Contestable Markets Questions — AQA A-Level Economics | Economics Academy,1,1.5.9 Contestable Markets — Practice Questions,1887,8,2,2,True,
https://economicsacademy.co.uk/practice-questions/aqa-a2-micro/1-6-1-the-demand-for-labour-marginal-productivity-theory.html,200,,https://economicsacademy.co.uk/practice-questions/aqa-a2-micro/1-6-1-the-demand-for-labour-marginal-productivity-theory.html,https://economicsacademy.co.uk/practice-questions/aqa-a2-micro/1-6-1-the-demand-for-labour-marginal-productivity-theory.html,True,,Marginal Revenue Product Questions — AQA A-Level Economics | Economics Academy,78,"Nine free multiple-choice questions on the demand for labour for AQA A-Level Economics: marginal revenue product, derived demand and shifts in labour demand.",157,https://economicsacademy.co.uk/practice-questions/aqa-a2-micro/1-6-1-the-demand-for-labour-marginal-productivity-theory.html,Marginal Revenue Product Questions — AQA A-Level Economics | Economics Academy,1,1.6.1 The Demand for Labour — Practice Questions,2055,8,2,2,True,
https://economicsacademy.co.uk/practice-questions/aqa-a2-micro/1-6-2-influence-upon-the-supply-of-labour-to-different-markets.html,200,,https://economicsacademy.co.uk/practice-questions/aqa-a2-micro/1-6-2-influence-upon-the-supply-of-labour-to-different-markets.html,https://economicsacademy.co.uk/practice-questions/aqa-a2-micro/1-6-2-influence-upon-the-supply-of-labour-to-different-markets.html,True,,Supply of Labour Questions — AQA A-Level Economics | Economics Academy,70,"Seven free multiple-choice questions on the supply of labour for AQA A-Level Economics: the backward-bending curve, immobility and labour market failure.",153,https://economicsacademy.co.uk/practice-questions/aqa-a2-micro/1-6-2-influence-upon-the-supply-of-labour-to-different-markets.html,Supply of Labour Questions — AQA A-Level Economics | Economics Academy,1,1.6.2 The Supply of Labour — Practice Questions,1552,8,3,2,True,
https://economicsacademy.co.uk/practice-questions/aqa-a2-micro/1-6-3-wage-determination-perfectly-competitive-labour-markets.html,200,,https://economicsacademy.co.uk/practice-questions/aqa-a2-micro/1-6-3-wage-determination-perfectly-competitive-labour-markets.html,https://economicsacademy.co.uk/practice-questions/aqa-a2-micro/1-6-3-wage-determination-perfectly-competitive-labour-markets.html,True,,Competitive Labour Market Questions — AQA A-Level Economics | Economics Academy,79,"Eight free multiple-choice questions on wage determination in competitive labour markets for AQA A-Level Economics, with worked answers and diagrams to sketch.",159,https://economicsacademy.co.uk/practice-questions/aqa-a2-micro/1-6-3-wage-determination-perfectly-competitive-labour-markets.html,Competitive Labour Market Questions — AQA A-Level Economics | Economics Academy,1,1.6.3 Wages in Competitive Labour Markets — Practice Questions,1838,8,2,2,True,
https://economicsacademy.co.uk/practice-questions/aqa-a2-micro/1-6-4-wage-determination-imperfectly-competitive-labour-markets.html,200,,https://economicsacademy.co.uk/practice-questions/aqa-a2-micro/1-6-4-wage-determination-imperfectly-competitive-labour-markets.html,https://economicsacademy.co.uk/practice-questions/aqa-a2-micro/1-6-4-wage-determination-imperfectly-competitive-labour-markets.html,True,,Monopsony Labour Market Questions — AQA A-Level Economics | Economics Academy,77,"Eight free multiple-choice questions on imperfectly competitive labour markets for AQA A-Level Economics: monopsony, trade unions and bilateral monopoly.",153,https://economicsacademy.co.uk/practice-questions/aqa-a2-micro/1-6-4-wage-determination-imperfectly-competitive-labour-markets.html,Monopsony Labour Market Questions — AQA A-Level Economics | Economics Academy,1,1.6.4 Wages in Imperfect Labour Markets — Practice Questions,1768,8,2,2,True,
https://economicsacademy.co.uk/practice-questions/aqa-a2-micro/1-6-5-the-influence-of-trade-unions-in-determining-wages-and-levels-of-employment.html,200,,https://economicsacademy.co.uk/practice-questions/aqa-a2-micro/1-6-5-the-influence-of-trade-unions-in-determining-wages-and-levels-of-employment.html,https://economicsacademy.co.uk/practice-questions/aqa-a2-micro/1-6-5-the-influence-of-trade-unions-in-determining-wages-and-levels-of-employment.html,True,,Trade Union Questions — AQA A-Level Economics | Economics Academy,65,"Seven free multiple-choice questions on trade unions for AQA A-Level Economics: union density, collective bargaining and the effect on wages and employment.",156,https://economicsacademy.co.uk/practice-questions/aqa-a2-micro/1-6-5-the-influence-of-trade-unions-in-determining-wages-and-levels-of-employment.html,Trade Union Questions — AQA A-Level Economics | Economics Academy,1,1.6.5 Trade Unions — Practice Questions,1466,8,3,2,True,
https://economicsacademy.co.uk/practice-questions/aqa-a2-micro/1-6-6-the-national-minimum-wage.html,200,,https://economicsacademy.co.uk/practice-questions/aqa-a2-micro/1-6-6-the-national-minimum-wage.html,https://economicsacademy.co.uk/practice-questions/aqa-a2-micro/1-6-6-the-national-minimum-wage.html,True,,National Minimum Wage Questions — AQA A-Level Economics | Economics Academy,75,"Eight free multiple-choice questions on the national minimum wage for AQA A-Level Economics: real wage unemployment, elasticity and monopsony, with worked answers.",163,https://economicsacademy.co.uk/practice-questions/aqa-a2-micro/1-6-6-the-national-minimum-wage.html,National Minimum Wage Questions — AQA A-Level Economics | Economics Academy,1,1.6.6 The National Minimum Wage — Practice Questions,1800,8,2,2,True,
https://economicsacademy.co.uk/practice-questions/aqa-a2-micro/1-6-7-discrimination-in-the-labour-market.html,200,,https://economicsacademy.co.uk/practice-questions/aqa-a2-micro/1-6-7-discrimination-in-the-labour-market.html,https://economicsacademy.co.uk/practice-questions/aqa-a2-micro/1-6-7-discrimination-in-the-labour-market.html,True,,Labour Market Discrimination Questions — AQA A-Level Economics | Economics Academy,82,Six free multiple-choice questions on discrimination in the labour market for AQA A-Level Economics: the conditions required and the consequences for wages.,156,https://economicsacademy.co.uk/practice-questions/aqa-a2-micro/1-6-7-discrimination-in-the-labour-market.html,Labour Market Discrimination Questions — AQA A-Level Economics | Economics Academy,1,1.6.7 Labour Market Discrimination — Practice Questions,1370,8,3,2,True,
https://economicsacademy.co.uk/practice-questions/aqa-a2-micro/1-7-1-the-distribution-of-income-and-wealth.html,200,,https://economicsacademy.co.uk/practice-questions/aqa-a2-micro/1-7-1-the-distribution-of-income-and-wealth.html,https://economicsacademy.co.uk/practice-questions/aqa-a2-micro/1-7-1-the-distribution-of-income-and-wealth.html,True,,Lorenz Curve and Gini Coefficient Questions — AQA A-Level Economics | Economics Academy,87,"Eight free multiple-choice questions on the distribution of income and wealth for AQA A-Level Economics: Lorenz curves, the Gini coefficient and inequality.",156,https://economicsacademy.co.uk/practice-questions/aqa-a2-micro/1-7-1-the-distribution-of-income-and-wealth.html,Lorenz Curve and Gini Coefficient Questions — AQA A-Level Economics | Economics Academy,1,1.7.1 Distribution of Income and Wealth — Practice Questions,1774,8,3,2,True,
https://economicsacademy.co.uk/practice-questions/aqa-a2-micro/1-7-2-the-problem-of-poverty.html,200,,https://economicsacademy.co.uk/practice-questions/aqa-a2-micro/1-7-2-the-problem-of-poverty.html,https://economicsacademy.co.uk/practice-questions/aqa-a2-micro/1-7-2-the-problem-of-poverty.html,True,,Absolute and Relative Poverty Questions — AQA A-Level Economics | Economics Academy,83,"Seven free multiple-choice questions on poverty for AQA A-Level Economics: absolute and relative poverty, the poverty trap and the consequences of poverty.",155,https://economicsacademy.co.uk/practice-questions/aqa-a2-micro/1-7-2-the-problem-of-poverty.html,Absolute and Relative Poverty Questions — AQA A-Level Economics | Economics Academy,1,1.7.2 The Problem of Poverty — Practice Questions,1501,8,3,2,True,
https://economicsacademy.co.uk/practice-questions/aqa-a2-micro/1-7-3-government-policies-poverty-income-distribution.html,200,,https://economicsacademy.co.uk/practice-questions/aqa-a2-micro/1-7-3-government-policies-poverty-income-distribution.html,https://economicsacademy.co.uk/practice-questions/aqa-a2-micro/1-7-3-government-policies-poverty-income-distribution.html,True,,Policies to Reduce Poverty Questions — AQA A-Level Economics | Economics Academy,80,"Seven free multiple-choice questions on government policies to reduce poverty and inequality for AQA A-Level Economics, with full worked answers.",145,https://economicsacademy.co.uk/practice-questions/aqa-a2-micro/1-7-3-government-policies-poverty-income-distribution.html,Policies to Reduce Poverty Questions — AQA A-Level Economics | Economics Academy,1,1.7.3 Policies on Poverty and Inequality — Practice Questions,1585,8,3,2,True,
https://economicsacademy.co.uk/practice-questions/aqa-a2-micro/1-8-1-how-markets-and-prices-allocate-resources.html,200,,https://economicsacademy.co.uk/practice-questions/aqa-a2-micro/1-8-1-how-markets-and-prices-allocate-resources.html,https://economicsacademy.co.uk/practice-questions/aqa-a2-micro/1-8-1-how-markets-and-prices-allocate-resources.html,True,,Price Mechanism Questions — AQA A-Level Economics | Economics Academy,69,"Seven free multiple-choice questions on the price mechanism for AQA A-Level Economics: the rationing, incentive and signalling functions, with worked answers.",158,https://economicsacademy.co.uk/practice-questions/aqa-a2-micro/1-8-1-how-markets-and-prices-allocate-resources.html,Price Mechanism Questions — AQA A-Level Economics | Economics Academy,1,1.8.1 The Price Mechanism — Practice Questions,1403,8,2,2,True,
https://economicsacademy.co.uk/practice-questions/aqa-a2-micro/1-8-10-government-failure.html,200,,https://economicsacademy.co.uk/practice-questions/aqa-a2-micro/1-8-10-government-failure.html,https://economicsacademy.co.uk/practice-questions/aqa-a2-micro/1-8-10-government-failure.html,True,,Government Failure Questions — AQA A-Level Economics | Economics Academy,72,"Seven free multiple-choice questions on government failure for AQA A-Level Economics: distorted price signals, unintended consequences and information failure.",159,https://economicsacademy.co.uk/practice-questions/aqa-a2-micro/1-8-10-government-failure.html,Government Failure Questions — AQA A-Level Economics | Economics Academy,1,1.8.10 Government Failure — Practice Questions,1525,8,2,2,True,
https://economicsacademy.co.uk/practice-questions/aqa-a2-micro/1-8-2-the-meaning-of-market-failure.html,200,,https://economicsacademy.co.uk/practice-questions/aqa-a2-micro/1-8-2-the-meaning-of-market-failure.html,https://economicsacademy.co.uk/practice-questions/aqa-a2-micro/1-8-2-the-meaning-of-market-failure.html,True,,Market Failure Questions — AQA A-Level Economics | Economics Academy,68,"Six free multiple-choice questions on market failure for AQA A-Level Economics: partial and complete failure and the main types, with worked answers.",149,https://economicsacademy.co.uk/practice-questions/aqa-a2-micro/1-8-2-the-meaning-of-market-failure.html,Market Failure Questions — AQA A-Level Economics | Economics Academy,1,1.8.2 The Meaning of Market Failure — Practice Questions,1201,8,2,2,True,
https://economicsacademy.co.uk/practice-questions/aqa-a2-micro/1-8-3-public-goods-private-goods-and-quasi-public-goods.html,200,,https://economicsacademy.co.uk/practice-questions/aqa-a2-micro/1-8-3-public-goods-private-goods-and-quasi-public-goods.html,https://economicsacademy.co.uk/practice-questions/aqa-a2-micro/1-8-3-public-goods-private-goods-and-quasi-public-goods.html,True,,Public Goods Questions — AQA A-Level Economics | Economics Academy,66,"Eight free multiple-choice questions on public goods for AQA A-Level Economics: non-excludability, non-rivalry, the free rider problem and quasi-public goods.",158,https://economicsacademy.co.uk/practice-questions/aqa-a2-micro/1-8-3-public-goods-private-goods-and-quasi-public-goods.html,Public Goods Questions — AQA A-Level Economics | Economics Academy,1,1.8.3 Public and Private Goods — Practice Questions,1694,8,2,2,True,
https://economicsacademy.co.uk/practice-questions/aqa-a2-micro/1-8-4-positive-and-negative-externalities-in-consumption-and-production.html,200,,https://economicsacademy.co.uk/practice-questions/aqa-a2-micro/1-8-4-positive-and-negative-externalities-in-consumption-and-production.html,https://economicsacademy.co.uk/practice-questions/aqa-a2-micro/1-8-4-positive-and-negative-externalities-in-consumption-and-production.html,True,,Externalities Questions — AQA A-Level Economics | Economics Academy,67,"Ten free multiple-choice questions on externalities for AQA A-Level Economics: private and social costs and benefits, welfare loss and the socially optimal output.",163,https://economicsacademy.co.uk/practice-questions/aqa-a2-micro/1-8-4-positive-and-negative-externalities-in-consumption-and-production.html,Externalities Questions — AQA A-Level Economics | Economics Academy,1,1.8.4 Externalities — Practice Questions,2232,8,3,2,True,
https://economicsacademy.co.uk/practice-questions/aqa-a2-micro/1-8-5-merit-and-demerit-goods.html,200,,https://economicsacademy.co.uk/practice-questions/aqa-a2-micro/1-8-5-merit-and-demerit-goods.html,https://economicsacademy.co.uk/practice-questions/aqa-a2-micro/1-8-5-merit-and-demerit-goods.html,True,,Merit and Demerit Goods Questions — AQA A-Level Economics | Economics Academy,77,"Seven free multiple-choice questions on merit and demerit goods for AQA A-Level Economics: under-provision, over-provision and imperfect information.",149,https://economicsacademy.co.uk/practice-questions/aqa-a2-micro/1-8-5-merit-and-demerit-goods.html,Merit and Demerit Goods Questions — AQA A-Level Economics | Economics Academy,1,1.8.5 Merit and Demerit Goods — Practice Questions,1519,8,2,2,True,
https://economicsacademy.co.uk/practice-questions/aqa-a2-micro/1-8-6-market-imperfections.html,200,,https://economicsacademy.co.uk/practice-questions/aqa-a2-micro/1-8-6-market-imperfections.html,https://economicsacademy.co.uk/practice-questions/aqa-a2-micro/1-8-6-market-imperfections.html,True,,Market Imperfections Questions — AQA A-Level Economics | Economics Academy,74,"Six free multiple-choice questions on market imperfections for AQA A-Level Economics: asymmetric information, monopoly power and factor immobility.",147,https://economicsacademy.co.uk/practice-questions/aqa-a2-micro/1-8-6-market-imperfections.html,Market Imperfections Questions — AQA A-Level Economics | Economics Academy,1,1.8.6 Market Imperfections — Practice Questions,1277,8,2,2,True,
https://economicsacademy.co.uk/practice-questions/aqa-a2-micro/1-8-7-competition-policy.html,200,,https://economicsacademy.co.uk/practice-questions/aqa-a2-micro/1-8-7-competition-policy.html,https://economicsacademy.co.uk/practice-questions/aqa-a2-micro/1-8-7-competition-policy.html,True,,Competition Policy Questions — AQA A-Level Economics | Economics Academy,72,"Seven free multiple-choice questions on competition policy for AQA A-Level Economics: the CMA, anti-competitive behaviour and the costs and benefits.",149,https://economicsacademy.co.uk/practice-questions/aqa-a2-micro/1-8-7-competition-policy.html,Competition Policy Questions — AQA A-Level Economics | Economics Academy,1,1.8.7 Competition Policy — Practice Questions,1422,8,3,2,True,
https://economicsacademy.co.uk/practice-questions/aqa-a2-micro/1-8-8-public-ownership-privatisation-regulation-and-deregulation-of-markets.html,200,,https://economicsacademy.co.uk/practice-questions/aqa-a2-micro/1-8-8-public-ownership-privatisation-regulation-and-deregulation-of-markets.html,https://economicsacademy.co.uk/practice-questions/aqa-a2-micro/1-8-8-public-ownership-privatisation-regulation-and-deregulation-of-markets.html,True,,Privatisation and Regulation Questions — AQA A-Level Economics | Economics Academy,82,"Seven free multiple-choice questions on privatisation and regulation for AQA A-Level Economics, including regulatory capture, with full worked answers.",151,https://economicsacademy.co.uk/practice-questions/aqa-a2-micro/1-8-8-public-ownership-privatisation-regulation-and-deregulation-of-markets.html,Privatisation and Regulation Questions — AQA A-Level Economics | Economics Academy,1,1.8.8 Privatisation and Regulation — Practice Questions,1508,8,3,2,True,
https://economicsacademy.co.uk/practice-questions/aqa-a2-micro/1-8-9-government-intervention-in-markets.html,200,,https://economicsacademy.co.uk/practice-questions/aqa-a2-micro/1-8-9-government-intervention-in-markets.html,https://economicsacademy.co.uk/practice-questions/aqa-a2-micro/1-8-9-government-intervention-in-markets.html,True,,Government Intervention Questions — AQA A-Level Economics | Economics Academy,77,"Nine free multiple-choice questions on government intervention for AQA A-Level Economics: indirect taxes, subsidies, price controls and tradable permits.",153,https://economicsacademy.co.uk/practice-questions/aqa-a2-micro/1-8-9-government-intervention-in-markets.html,Government Intervention Questions — AQA A-Level Economics | Economics Academy,1,1.8.9 Government Intervention — Practice Questions,1990,8,3,2,True,
https://economicsacademy.co.uk/practice-questions/aqa-a2-micro/index.html,200,,https://economicsacademy.co.uk/practice-questions/aqa-a2-micro/index.html,https://economicsacademy.co.uk/practice-questions/aqa-a2-micro/index.html,True,,AQA Microeconomics Practice Questions — AQA A-Level Economics | Economics Academy,81,"Free AQA A-Level Economics multiple-choice questions on individuals, firms, markets and market failure. 401 questions across 54 topics, each with a worked answer.",162,https://economicsacademy.co.uk/practice-questions/aqa-a2-micro/index.html,AQA Microeconomics Practice Questions — AQA A-Level Economics | Economics Academy,1,AQA Microeconomics Practice Questions,562,59,110,2,True,
https://economicsacademy.co.uk/practice-questions/edexcel-theme-1/,200,,https://economicsacademy.co.uk/practice-questions/edexcel-theme-1/,https://economicsacademy.co.uk/practice-questions/edexcel-theme-1/index.html,False,,Edexcel Theme 1 Practice Questions — Edexcel A-Level Economics | Economics Academy,82,"Free Edexcel A-Level Economics multiple-choice questions on introduction to markets and market failure. 166 questions across 22 topics, each with a worked answer.",162,https://economicsacademy.co.uk/practice-questions/edexcel-theme-1/index.html,Edexcel Theme 1 Practice Questions — Edexcel A-Level Economics | Economics Academy,1,Edexcel Theme 1 Practice Questions,301,27,0,2,False,
https://economicsacademy.co.uk/practice-questions/edexcel-theme-1/1-1-1-economics-as-a-social-science.html,200,,https://economicsacademy.co.uk/practice-questions/edexcel-theme-1/1-1-1-economics-as-a-social-science.html,https://economicsacademy.co.uk/practice-questions/edexcel-theme-1/1-1-1-economics-as-a-social-science.html,True,,Economic Models and Ceteris Paribus Questions — Edexcel A-Level Economics | Economics Academy,93,"Six free multiple-choice questions on economics as a social science for Edexcel A-Level Economics: models, assumptions, ceteris paribus and testing theories.",157,https://economicsacademy.co.uk/practice-questions/edexcel-theme-1/1-1-1-economics-as-a-social-science.html,Economic Models and Ceteris Paribus Questions — Edexcel A-Level Economics | Economics Academy,1,1.1.1 Economics as a Social Science — Practice Questions,1541,8,2,2,True,
https://economicsacademy.co.uk/practice-questions/edexcel-theme-1/1-1-2-positive-normative-statements.html,200,,https://economicsacademy.co.uk/practice-questions/edexcel-theme-1/1-1-2-positive-normative-statements.html,https://economicsacademy.co.uk/practice-questions/edexcel-theme-1/1-1-2-positive-normative-statements.html,True,,Positive and Normative Statements Questions — Edexcel A-Level Economics | Economics Academy,91,"Six free multiple-choice questions on positive and normative statements for Edexcel A-Level Economics: testable claims, value judgements and economic policy.",157,https://economicsacademy.co.uk/practice-questions/edexcel-theme-1/1-1-2-positive-normative-statements.html,Positive and Normative Statements Questions — Edexcel A-Level Economics | Economics Academy,1,1.1.2 Positive and Normative Statements — Practice Questions,1487,8,2,2,True,
https://economicsacademy.co.uk/practice-questions/edexcel-theme-1/1-1-3-the-economic-problem.html,200,,https://economicsacademy.co.uk/practice-questions/edexcel-theme-1/1-1-3-the-economic-problem.html,https://economicsacademy.co.uk/practice-questions/edexcel-theme-1/1-1-3-the-economic-problem.html,True,,Scarcity and Opportunity Cost Questions — Edexcel A-Level Economics | Economics Academy,87,"Seven free multiple-choice questions on the economic problem for Edexcel A-Level Economics: scarcity, the factors of production, opportunity cost and resources.",160,https://economicsacademy.co.uk/practice-questions/edexcel-theme-1/1-1-3-the-economic-problem.html,Scarcity and Opportunity Cost Questions — Edexcel A-Level Economics | Economics Academy,1,1.1.3 The Economic Problem — Practice Questions,1688,8,3,2,True,
https://economicsacademy.co.uk/practice-questions/edexcel-theme-1/1-1-4-production-possibility-frontiers.html,200,,https://economicsacademy.co.uk/practice-questions/edexcel-theme-1/1-1-4-production-possibility-frontiers.html,https://economicsacademy.co.uk/practice-questions/edexcel-theme-1/1-1-4-production-possibility-frontiers.html,True,,Production Possibility Frontier Questions — Edexcel A-Level Economics | Economics Academy,89,"Nine free multiple-choice questions on production possibility frontiers for Edexcel A-Level Economics: opportunity cost, efficiency, shifts and capital goods.",158,https://economicsacademy.co.uk/practice-questions/edexcel-theme-1/1-1-4-production-possibility-frontiers.html,Production Possibility Frontier Questions — Edexcel A-Level Economics | Economics Academy,1,1.1.4 Production Possibility Frontiers — Practice Questions,2225,8,2,2,True,
https://economicsacademy.co.uk/practice-questions/edexcel-theme-1/1-1-5-specialisation-division-of-labour.html,200,,https://economicsacademy.co.uk/practice-questions/edexcel-theme-1/1-1-5-specialisation-division-of-labour.html,https://economicsacademy.co.uk/practice-questions/edexcel-theme-1/1-1-5-specialisation-division-of-labour.html,True,,Specialisation and Division of Labour Questions — Edexcel A-Level Economics | Economics Academy,95,"Eight free multiple-choice questions on specialisation for Edexcel A-Level Economics: the division of labour, its drawbacks, and the four functions of money.",157,https://economicsacademy.co.uk/practice-questions/edexcel-theme-1/1-1-5-specialisation-division-of-labour.html,Specialisation and Division of Labour Questions — Edexcel A-Level Economics | Economics Academy,1,1.1.5 Specialisation and the Division of Labour — Practice Questions,1928,8,2,2,True,
https://economicsacademy.co.uk/practice-questions/edexcel-theme-1/1-1-6-types-of-economies.html,200,,https://economicsacademy.co.uk/practice-questions/edexcel-theme-1/1-1-6-types-of-economies.html,https://economicsacademy.co.uk/practice-questions/edexcel-theme-1/1-1-6-types-of-economies.html,True,,"Free Market, Command and Mixed Economy Questions — Edexcel A-Level Economics | Economics Academy",96,"Seven free multiple-choice questions on types of economy for Edexcel A-Level Economics: free market, command and mixed systems, and the role of the state.",154,https://economicsacademy.co.uk/practice-questions/edexcel-theme-1/1-1-6-types-of-economies.html,"Free Market, Command and Mixed Economy Questions — Edexcel A-Level Economics | Economics Academy",1,1.1.6 Types of Economies — Practice Questions,1658,8,3,2,True,
https://economicsacademy.co.uk/practice-questions/edexcel-theme-1/1-2-1-rational-decision-making.html,200,,https://economicsacademy.co.uk/practice-questions/edexcel-theme-1/1-2-1-rational-decision-making.html,https://economicsacademy.co.uk/practice-questions/edexcel-theme-1/1-2-1-rational-decision-making.html,True,,Rational Decision Making Questions — Edexcel A-Level Economics | Economics Academy,82,Six free multiple-choice questions on rational decision making for Edexcel A-Level Economics: utility and profit maximisation and the limits of rationality.,156,https://economicsacademy.co.uk/practice-questions/edexcel-theme-1/1-2-1-rational-decision-making.html,Rational Decision Making Questions — Edexcel A-Level Economics | Economics Academy,1,1.2.1 Rational Decision Making — Practice Questions,1424,8,3,2,True,
https://economicsacademy.co.uk/practice-questions/edexcel-theme-1/1-2-10-alternative-views-of-consumer-behaviour.html,200,,https://economicsacademy.co.uk/practice-questions/edexcel-theme-1/1-2-10-alternative-views-of-consumer-behaviour.html,https://economicsacademy.co.uk/practice-questions/edexcel-theme-1/1-2-10-alternative-views-of-consumer-behaviour.html,True,,Behavioural Economics and Consumer Behaviour Questions — Edexcel A-Level Economics | Economics Academy,102,"Seven free multiple-choice questions on alternative views of consumer behaviour for Edexcel A-Level Economics: herding, inertia, bounded rationality and nudges.",160,https://economicsacademy.co.uk/practice-questions/edexcel-theme-1/1-2-10-alternative-views-of-consumer-behaviour.html,Behavioural Economics and Consumer Behaviour Questions — Edexcel A-Level Economics | Economics Academy,1,1.2.10 Alternative Views of Consumer Behaviour — Practice Questions,1745,8,3,2,True,
https://economicsacademy.co.uk/practice-questions/edexcel-theme-1/1-2-2-demand.html,200,,https://economicsacademy.co.uk/practice-questions/edexcel-theme-1/1-2-2-demand.html,https://economicsacademy.co.uk/practice-questions/edexcel-theme-1/1-2-2-demand.html,True,,Demand Curve and Conditions of Demand Questions — Edexcel A-Level Economics | Economics Academy,95,"Eight free multiple-choice questions on demand for Edexcel A-Level Economics: the law of demand, movements and shifts, and the conditions of demand.",148,https://economicsacademy.co.uk/practice-questions/edexcel-theme-1/1-2-2-demand.html,Demand Curve and Conditions of Demand Questions — Edexcel A-Level Economics | Economics Academy,1,1.2.2 Demand — Practice Questions,1879,8,3,2,True,
https://economicsacademy.co.uk/practice-questions/edexcel-theme-1/1-2-3-price-income-cross-elasticities-of-demand.html,200,,https://economicsacademy.co.uk/practice-questions/edexcel-theme-1/1-2-3-price-income-cross-elasticities-of-demand.html,https://economicsacademy.co.uk/practice-questions/edexcel-theme-1/1-2-3-price-income-cross-elasticities-of-demand.html,True,,"PED, YED and XED Questions — Edexcel A-Level Economics | Economics Academy",74,"Ten free multiple-choice questions on elasticities of demand for Edexcel A-Level Economics: PED, YED and XED, their calculation and their significance.",151,https://economicsacademy.co.uk/practice-questions/edexcel-theme-1/1-2-3-price-income-cross-elasticities-of-demand.html,"PED, YED and XED Questions — Edexcel A-Level Economics | Economics Academy",1,1.2.3 Elasticities of Demand — Practice Questions,2354,8,3,2,True,
https://economicsacademy.co.uk/practice-questions/edexcel-theme-1/1-2-4-supply.html,200,,https://economicsacademy.co.uk/practice-questions/edexcel-theme-1/1-2-4-supply.html,https://economicsacademy.co.uk/practice-questions/edexcel-theme-1/1-2-4-supply.html,True,,Supply Curve and Conditions of Supply Questions — Edexcel A-Level Economics | Economics Academy,95,"Seven free multiple-choice questions on supply for Edexcel A-Level Economics: the law of supply, movements and shifts, costs, taxes, subsidies and technology.",158,https://economicsacademy.co.uk/practice-questions/edexcel-theme-1/1-2-4-supply.html,Supply Curve and Conditions of Supply Questions — Edexcel A-Level Economics | Economics Academy,1,1.2.4 Supply — Practice Questions,1666,8,2,2,True,
https://economicsacademy.co.uk/practice-questions/edexcel-theme-1/1-2-5-price-elasticity-of-supply.html,200,,https://economicsacademy.co.uk/practice-questions/edexcel-theme-1/1-2-5-price-elasticity-of-supply.html,https://economicsacademy.co.uk/practice-questions/edexcel-theme-1/1-2-5-price-elasticity-of-supply.html,True,,Price Elasticity of Supply Questions — Edexcel A-Level Economics | Economics Academy,84,"Eight free multiple-choice questions on price elasticity of supply for Edexcel A-Level Economics: calculating PES, its determinants and short run versus long run.",162,https://economicsacademy.co.uk/practice-questions/edexcel-theme-1/1-2-5-price-elasticity-of-supply.html,Price Elasticity of Supply Questions — Edexcel A-Level Economics | Economics Academy,1,1.2.5 Price Elasticity of Supply — Practice Questions,1901,8,3,2,True,
https://economicsacademy.co.uk/practice-questions/edexcel-theme-1/1-2-6-price-determination.html,200,,https://economicsacademy.co.uk/practice-questions/edexcel-theme-1/1-2-6-price-determination.html,https://economicsacademy.co.uk/practice-questions/edexcel-theme-1/1-2-6-price-determination.html,True,,Market Equilibrium and Price Determination Questions — Edexcel A-Level Economics | Economics Academy,100,"Eight free multiple-choice questions on price determination for Edexcel A-Level Economics: equilibrium, excess demand and supply, and shifts in the market.",155,https://economicsacademy.co.uk/practice-questions/edexcel-theme-1/1-2-6-price-determination.html,Market Equilibrium and Price Determination Questions — Edexcel A-Level Economics | Economics Academy,1,1.2.6 Price Determination — Practice Questions,1900,8,3,2,True,
https://economicsacademy.co.uk/practice-questions/edexcel-theme-1/1-2-7-price-mechanism.html,200,,https://economicsacademy.co.uk/practice-questions/edexcel-theme-1/1-2-7-price-mechanism.html,https://economicsacademy.co.uk/practice-questions/edexcel-theme-1/1-2-7-price-mechanism.html,True,,Price Mechanism Questions — Edexcel A-Level Economics | Economics Academy,73,"Seven free multiple-choice questions on the price mechanism for Edexcel A-Level Economics: the rationing, incentive and signalling functions of prices.",151,https://economicsacademy.co.uk/practice-questions/edexcel-theme-1/1-2-7-price-mechanism.html,Price Mechanism Questions — Edexcel A-Level Economics | Economics Academy,1,1.2.7 The Price Mechanism — Practice Questions,1695,8,2,2,True,
https://economicsacademy.co.uk/practice-questions/edexcel-theme-1/1-2-8-producer-consumer-surplus.html,200,,https://economicsacademy.co.uk/practice-questions/edexcel-theme-1/1-2-8-producer-consumer-surplus.html,https://economicsacademy.co.uk/practice-questions/edexcel-theme-1/1-2-8-producer-consumer-surplus.html,True,,Consumer and Producer Surplus Questions — Edexcel A-Level Economics | Economics Academy,87,"Eight free multiple-choice questions on consumer and producer surplus for Edexcel A-Level Economics: measuring the areas, social surplus and welfare loss.",154,https://economicsacademy.co.uk/practice-questions/edexcel-theme-1/1-2-8-producer-consumer-surplus.html,Consumer and Producer Surplus Questions — Edexcel A-Level Economics | Economics Academy,1,1.2.8 Producer and Consumer Surplus — Practice Questions,1936,8,2,2,True,
https://economicsacademy.co.uk/practice-questions/edexcel-theme-1/1-2-9-indirect-taxes-subsidies.html,200,,https://economicsacademy.co.uk/practice-questions/edexcel-theme-1/1-2-9-indirect-taxes-subsidies.html,https://economicsacademy.co.uk/practice-questions/edexcel-theme-1/1-2-9-indirect-taxes-subsidies.html,True,,Indirect Taxes and Subsidies Questions — Edexcel A-Level Economics | Economics Academy,86,"Ten free multiple-choice questions on indirect taxes and subsidies for Edexcel A-Level Economics: tax incidence, government revenue and the role of elasticity.",159,https://economicsacademy.co.uk/practice-questions/edexcel-theme-1/1-2-9-indirect-taxes-subsidies.html,Indirect Taxes and Subsidies Questions — Edexcel A-Level Economics | Economics Academy,1,1.2.9 Indirect Taxes and Subsidies — Practice Questions,2366,8,3,2,True,
https://economicsacademy.co.uk/practice-questions/edexcel-theme-1/1-3-1-types-of-market-failure.html,200,,https://economicsacademy.co.uk/practice-questions/edexcel-theme-1/1-3-1-types-of-market-failure.html,https://economicsacademy.co.uk/practice-questions/edexcel-theme-1/1-3-1-types-of-market-failure.html,True,,Types of Market Failure Questions — Edexcel A-Level Economics | Economics Academy,81,"Five free multiple-choice questions on types of market failure for Edexcel A-Level Economics: externalities, public goods and information gaps.",143,https://economicsacademy.co.uk/practice-questions/edexcel-theme-1/1-3-1-types-of-market-failure.html,Types of Market Failure Questions — Edexcel A-Level Economics | Economics Academy,1,1.3.1 Types of Market Failure — Practice Questions,1264,8,3,2,True,
https://economicsacademy.co.uk/practice-questions/edexcel-theme-1/1-3-2-externalities.html,200,,https://economicsacademy.co.uk/practice-questions/edexcel-theme-1/1-3-2-externalities.html,https://economicsacademy.co.uk/practice-questions/edexcel-theme-1/1-3-2-externalities.html,True,,Externalities and Welfare Loss Questions — Edexcel A-Level Economics | Economics Academy,88,"Ten free multiple-choice questions on externalities for Edexcel A-Level Economics: social and private costs, welfare loss and government intervention.",150,https://economicsacademy.co.uk/practice-questions/edexcel-theme-1/1-3-2-externalities.html,Externalities and Welfare Loss Questions — Edexcel A-Level Economics | Economics Academy,1,1.3.2 Externalities — Practice Questions,2398,8,3,2,True,
https://economicsacademy.co.uk/practice-questions/edexcel-theme-1/1-3-3-public-goods.html,200,,https://economicsacademy.co.uk/practice-questions/edexcel-theme-1/1-3-3-public-goods.html,https://economicsacademy.co.uk/practice-questions/edexcel-theme-1/1-3-3-public-goods.html,True,,Public Goods and the Free Rider Problem Questions — Edexcel A-Level Economics | Economics Academy,97,"Six free multiple-choice questions on public goods for Edexcel A-Level Economics: non-excludability, non-rivalry and the free rider problem.",140,https://economicsacademy.co.uk/practice-questions/edexcel-theme-1/1-3-3-public-goods.html,Public Goods and the Free Rider Problem Questions — Edexcel A-Level Economics | Economics Academy,1,1.3.3 Public Goods — Practice Questions,1438,8,2,2,True,
https://economicsacademy.co.uk/practice-questions/edexcel-theme-1/1-3-4-information-gaps.html,200,,https://economicsacademy.co.uk/practice-questions/edexcel-theme-1/1-3-4-information-gaps.html,https://economicsacademy.co.uk/practice-questions/edexcel-theme-1/1-3-4-information-gaps.html,True,,Information Gaps and Asymmetric Information Questions — Edexcel A-Level Economics | Economics Academy,101,Five free multiple-choice questions on information gaps for Edexcel A-Level Economics: asymmetric information and the resulting misallocation of resources.,155,https://economicsacademy.co.uk/practice-questions/edexcel-theme-1/1-3-4-information-gaps.html,Information Gaps and Asymmetric Information Questions — Edexcel A-Level Economics | Economics Academy,1,1.3.4 Information Gaps — Practice Questions,1731,8,3,2,True,
https://economicsacademy.co.uk/practice-questions/edexcel-theme-1/1-4-1-government-intervention-in-markets.html,200,,https://economicsacademy.co.uk/practice-questions/edexcel-theme-1/1-4-1-government-intervention-in-markets.html,https://economicsacademy.co.uk/practice-questions/edexcel-theme-1/1-4-1-government-intervention-in-markets.html,True,,Government Intervention in Markets Questions — Edexcel A-Level Economics | Economics Academy,92,"Nine free multiple-choice questions on government intervention for Edexcel A-Level Economics: indirect taxes, subsidies, maximum and minimum prices.",148,https://economicsacademy.co.uk/practice-questions/edexcel-theme-1/1-4-1-government-intervention-in-markets.html,Government Intervention in Markets Questions — Edexcel A-Level Economics | Economics Academy,1,1.4.1 Government Intervention in Markets — Practice Questions,2174,8,3,2,True,
https://economicsacademy.co.uk/practice-questions/edexcel-theme-1/1-4-2-government-failure.html,200,,https://economicsacademy.co.uk/practice-questions/edexcel-theme-1/1-4-2-government-failure.html,https://economicsacademy.co.uk/practice-questions/edexcel-theme-1/1-4-2-government-failure.html,True,,Government Failure Questions — Edexcel A-Level Economics | Economics Academy,76,"Six free multiple-choice questions on government failure for Edexcel A-Level Economics: distorted price signals, unintended consequences and administrative costs.",162,https://economicsacademy.co.uk/practice-questions/edexcel-theme-1/1-4-2-government-failure.html,Government Failure Questions — Edexcel A-Level Economics | Economics Academy,1,1.4.2 Government Failure — Practice Questions,1760,8,2,2,True,
https://economicsacademy.co.uk/practice-questions/edexcel-theme-1/index.html,200,,https://economicsacademy.co.uk/practice-questions/edexcel-theme-1/index.html,https://economicsacademy.co.uk/practice-questions/edexcel-theme-1/index.html,True,,Edexcel Theme 1 Practice Questions — Edexcel A-Level Economics | Economics Academy,82,"Free Edexcel A-Level Economics multiple-choice questions on introduction to markets and market failure. 166 questions across 22 topics, each with a worked answer.",162,https://economicsacademy.co.uk/practice-questions/edexcel-theme-1/index.html,Edexcel Theme 1 Practice Questions — Edexcel A-Level Economics | Economics Academy,1,Edexcel Theme 1 Practice Questions,301,27,46,2,True,
https://economicsacademy.co.uk/practice-questions/edexcel-theme-2/,200,,https://economicsacademy.co.uk/practice-questions/edexcel-theme-2/,https://economicsacademy.co.uk/practice-questions/edexcel-theme-2/index.html,False,,Edexcel Theme 2 Practice Questions — Edexcel A-Level Economics | Economics Academy,82,"Free Edexcel A-Level Economics multiple-choice questions on the uk economy - performance and policies. 198 questions across 24 topics, each with a worked answer.",161,https://economicsacademy.co.uk/practice-questions/edexcel-theme-2/index.html,Edexcel Theme 2 Practice Questions — Edexcel A-Level Economics | Economics Academy,1,Edexcel Theme 2 Practice Questions,314,29,0,2,False,
https://economicsacademy.co.uk/practice-questions/edexcel-theme-2/2-1-1-economic-growth.html,200,,https://economicsacademy.co.uk/practice-questions/edexcel-theme-2/2-1-1-economic-growth.html,https://economicsacademy.co.uk/practice-questions/edexcel-theme-2/2-1-1-economic-growth.html,True,,Measuring GDP and Economic Growth Questions — Edexcel A-Level Economics | Economics Academy,91,"Eight free multiple-choice questions on measuring economic growth for Edexcel A-Level Economics: GDP, real and nominal, GNI, PPP and the limits of GDP.",151,https://economicsacademy.co.uk/practice-questions/edexcel-theme-2/2-1-1-economic-growth.html,Measuring GDP and Economic Growth Questions — Edexcel A-Level Economics | Economics Academy,1,2.1.1 Measuring Economic Growth — Practice Questions,2423,8,3,2,True,
https://economicsacademy.co.uk/practice-questions/edexcel-theme-2/2-1-2-inflation.html,200,,https://economicsacademy.co.uk/practice-questions/edexcel-theme-2/2-1-2-inflation.html,https://economicsacademy.co.uk/practice-questions/edexcel-theme-2/2-1-2-inflation.html,True,,"Inflation, CPI and Its Causes Questions — Edexcel A-Level Economics | Economics Academy",87,"Ten free multiple-choice questions on inflation for Edexcel A-Level Economics: measuring CPI, its limitations, demand-pull and cost-push causes and effects.",156,https://economicsacademy.co.uk/practice-questions/edexcel-theme-2/2-1-2-inflation.html,"Inflation, CPI and Its Causes Questions — Edexcel A-Level Economics | Economics Academy",1,2.1.2 Inflation — Practice Questions,2303,8,3,2,True,
https://economicsacademy.co.uk/practice-questions/edexcel-theme-2/2-1-3-employment-unemployment.html,200,,https://economicsacademy.co.uk/practice-questions/edexcel-theme-2/2-1-3-employment-unemployment.html,https://economicsacademy.co.uk/practice-questions/edexcel-theme-2/2-1-3-employment-unemployment.html,True,,Employment and Unemployment Questions — Edexcel A-Level Economics | Economics Academy,85,"Nine free multiple-choice questions on employment for Edexcel A-Level Economics: measuring unemployment, its types and causes, and the effects of migration.",156,https://economicsacademy.co.uk/practice-questions/edexcel-theme-2/2-1-3-employment-unemployment.html,Employment and Unemployment Questions — Edexcel A-Level Economics | Economics Academy,1,2.1.3 Employment and Unemployment — Practice Questions,2055,8,3,2,True,
https://economicsacademy.co.uk/practice-questions/edexcel-theme-2/2-1-4-balance-of-payments.html,200,,https://economicsacademy.co.uk/practice-questions/edexcel-theme-2/2-1-4-balance-of-payments.html,https://economicsacademy.co.uk/practice-questions/edexcel-theme-2/2-1-4-balance-of-payments.html,True,,Balance of Payments and Current Account Questions — Edexcel A-Level Economics | Economics Academy,97,"Eight free multiple-choice questions on the balance of payments for Edexcel A-Level Economics: the current account, causes of deficits and policy trade-offs.",157,https://economicsacademy.co.uk/practice-questions/edexcel-theme-2/2-1-4-balance-of-payments.html,Balance of Payments and Current Account Questions — Edexcel A-Level Economics | Economics Academy,1,2.1.4 The Balance of Payments — Practice Questions,1920,8,2,2,True,
https://economicsacademy.co.uk/practice-questions/edexcel-theme-2/2-2-1-aggregate-demand.html,200,,https://economicsacademy.co.uk/practice-questions/edexcel-theme-2/2-2-1-aggregate-demand.html,https://economicsacademy.co.uk/practice-questions/edexcel-theme-2/2-2-1-aggregate-demand.html,True,,Aggregate Demand and the AD Curve Questions — Edexcel A-Level Economics | Economics Academy,91,"Nine free multiple-choice questions on aggregate demand for Edexcel A-Level Economics: the AD components, why the curve slopes down, and what shifts it.",152,https://economicsacademy.co.uk/practice-questions/edexcel-theme-2/2-2-1-aggregate-demand.html,Aggregate Demand and the AD Curve Questions — Edexcel A-Level Economics | Economics Academy,1,2.2.1 Aggregate Demand — Practice Questions,2117,8,3,2,True,
https://economicsacademy.co.uk/practice-questions/edexcel-theme-2/2-2-2-consumption.html,200,,https://economicsacademy.co.uk/practice-questions/edexcel-theme-2/2-2-2-consumption.html,https://economicsacademy.co.uk/practice-questions/edexcel-theme-2/2-2-2-consumption.html,True,,Consumption and the Marginal Propensity to Consume Questions — Edexcel A-Level Economics | Economics Academy,108,"Eight free multiple-choice questions on consumption for Edexcel A-Level Economics: disposable income, the MPC, interest rates, confidence and wealth.",149,https://economicsacademy.co.uk/practice-questions/edexcel-theme-2/2-2-2-consumption.html,Consumption and the Marginal Propensity to Consume Questions — Edexcel A-Level Economics | Economics Academy,1,2.2.2 Consumption — Practice Questions,2041,8,3,2,True,
https://economicsacademy.co.uk/practice-questions/edexcel-theme-2/2-2-3-investment.html,200,,https://economicsacademy.co.uk/practice-questions/edexcel-theme-2/2-2-3-investment.html,https://economicsacademy.co.uk/practice-questions/edexcel-theme-2/2-2-3-investment.html,True,,Investment and the Capital Stock Questions — Edexcel A-Level Economics | Economics Academy,90,"Seven free multiple-choice questions on investment for Edexcel A-Level Economics: gross and net investment, depreciation and what drives firms to invest.",153,https://economicsacademy.co.uk/practice-questions/edexcel-theme-2/2-2-3-investment.html,Investment and the Capital Stock Questions — Edexcel A-Level Economics | Economics Academy,1,2.2.3 Investment — Practice Questions,2043,8,3,2,True,
https://economicsacademy.co.uk/practice-questions/edexcel-theme-2/2-2-4-government-expenditure.html,200,,https://economicsacademy.co.uk/practice-questions/edexcel-theme-2/2-2-4-government-expenditure.html,https://economicsacademy.co.uk/practice-questions/edexcel-theme-2/2-2-4-government-expenditure.html,True,,Government Expenditure and Automatic Stabilisers Questions — Edexcel A-Level Economics | Economics Academy,106,"Six free multiple-choice questions on government expenditure for Edexcel A-Level Economics: automatic stabilisers, discretionary policy and effects on AD.",154,https://economicsacademy.co.uk/practice-questions/edexcel-theme-2/2-2-4-government-expenditure.html,Government Expenditure and Automatic Stabilisers Questions — Edexcel A-Level Economics | Economics Academy,1,2.2.4 Government Expenditure — Practice Questions,1407,8,3,2,True,
https://economicsacademy.co.uk/practice-questions/edexcel-theme-2/2-2-5-net-trade.html,200,,https://economicsacademy.co.uk/practice-questions/edexcel-theme-2/2-2-5-net-trade.html,https://economicsacademy.co.uk/practice-questions/edexcel-theme-2/2-2-5-net-trade.html,True,,Net Trade and the Trade Balance Questions — Edexcel A-Level Economics | Economics Academy,89,"Seven free multiple-choice questions on net trade for Edexcel A-Level Economics: real incomes, exchange rates, world conditions and protectionism.",146,https://economicsacademy.co.uk/practice-questions/edexcel-theme-2/2-2-5-net-trade.html,Net Trade and the Trade Balance Questions — Edexcel A-Level Economics | Economics Academy,1,2.2.5 Net Trade — Practice Questions,2114,8,3,2,True,
https://economicsacademy.co.uk/practice-questions/edexcel-theme-2/2-3-1-aggregate-supply.html,200,,https://economicsacademy.co.uk/practice-questions/edexcel-theme-2/2-3-1-aggregate-supply.html,https://economicsacademy.co.uk/practice-questions/edexcel-theme-2/2-3-1-aggregate-supply.html,True,,"Aggregate Supply, SRAS and LRAS Questions — Edexcel A-Level Economics | Economics Academy",89,"Seven free multiple-choice questions on aggregate supply for Edexcel A-Level Economics: why SRAS slopes up, what LRAS represents and how the two relate.",152,https://economicsacademy.co.uk/practice-questions/edexcel-theme-2/2-3-1-aggregate-supply.html,"Aggregate Supply, SRAS and LRAS Questions — Edexcel A-Level Economics | Economics Academy",1,2.3.1 Aggregate Supply — Practice Questions,1761,8,2,2,True,
https://economicsacademy.co.uk/practice-questions/edexcel-theme-2/2-3-2-short-run-aggregate-supply.html,200,,https://economicsacademy.co.uk/practice-questions/edexcel-theme-2/2-3-2-short-run-aggregate-supply.html,https://economicsacademy.co.uk/practice-questions/edexcel-theme-2/2-3-2-short-run-aggregate-supply.html,True,,Short-Run Aggregate Supply and Cost Shocks Questions — Edexcel A-Level Economics | Economics Academy,100,"Eight free multiple-choice questions on short-run aggregate supply for Edexcel A-Level Economics: what shifts SRAS, supply shocks and cost-push pressure.",153,https://economicsacademy.co.uk/practice-questions/edexcel-theme-2/2-3-2-short-run-aggregate-supply.html,Short-Run Aggregate Supply and Cost Shocks Questions — Edexcel A-Level Economics | Economics Academy,1,2.3.2 Short-Run Aggregate Supply — Practice Questions,1910,8,2,2,True,
https://economicsacademy.co.uk/practice-questions/edexcel-theme-2/2-3-3-long-run-aggregate-supply.html,200,,https://economicsacademy.co.uk/practice-questions/edexcel-theme-2/2-3-3-long-run-aggregate-supply.html,https://economicsacademy.co.uk/practice-questions/edexcel-theme-2/2-3-3-long-run-aggregate-supply.html,True,,Long-Run Aggregate Supply Questions — Edexcel A-Level Economics | Economics Academy,83,Eight free multiple-choice questions on long-run aggregate supply for Edexcel A-Level Economics: the Classical and Keynesian views and what shifts LRAS.,152,https://economicsacademy.co.uk/practice-questions/edexcel-theme-2/2-3-3-long-run-aggregate-supply.html,Long-Run Aggregate Supply Questions — Edexcel A-Level Economics | Economics Academy,1,2.3.3 Long-Run Aggregate Supply — Practice Questions,2101,8,2,2,True,
https://economicsacademy.co.uk/practice-questions/edexcel-theme-2/2-4-1-national-income.html,200,,https://economicsacademy.co.uk/practice-questions/edexcel-theme-2/2-4-1-national-income.html,https://economicsacademy.co.uk/practice-questions/edexcel-theme-2/2-4-1-national-income.html,True,,National Income and the Circular Flow Questions — Edexcel A-Level Economics | Economics Academy,95,"Eight free multiple-choice questions on national income for Edexcel A-Level Economics: the circular flow, the three measurement methods, income and wealth.",155,https://economicsacademy.co.uk/practice-questions/edexcel-theme-2/2-4-1-national-income.html,National Income and the Circular Flow Questions — Edexcel A-Level Economics | Economics Academy,1,2.4.1 National Income — Practice Questions,1838,8,2,2,True,
https://economicsacademy.co.uk/practice-questions/edexcel-theme-2/2-4-2-injections-withdrawals.html,200,,https://economicsacademy.co.uk/practice-questions/edexcel-theme-2/2-4-2-injections-withdrawals.html,https://economicsacademy.co.uk/practice-questions/edexcel-theme-2/2-4-2-injections-withdrawals.html,True,,Injections and Withdrawals Questions — Edexcel A-Level Economics | Economics Academy,84,Seven free multiple-choice questions on injections and withdrawals for Edexcel A-Level Economics: the extended circular flow and its equilibrium condition.,155,https://economicsacademy.co.uk/practice-questions/edexcel-theme-2/2-4-2-injections-withdrawals.html,Injections and Withdrawals Questions — Edexcel A-Level Economics | Economics Academy,1,2.4.2 Injections and Withdrawals — Practice Questions,1675,8,2,2,True,
https://economicsacademy.co.uk/practice-questions/edexcel-theme-2/2-4-3-equilibrium-levels-of-real-national-output.html,200,,https://economicsacademy.co.uk/practice-questions/edexcel-theme-2/2-4-3-equilibrium-levels-of-real-national-output.html,https://economicsacademy.co.uk/practice-questions/edexcel-theme-2/2-4-3-equilibrium-levels-of-real-national-output.html,True,,Macroeconomic Equilibrium Questions — Edexcel A-Level Economics | Economics Academy,83,Seven free multiple-choice questions on macroeconomic equilibrium for Edexcel A-Level Economics: the Classical and Keynesian views and shifts in AD and LRAS.,157,https://economicsacademy.co.uk/practice-questions/edexcel-theme-2/2-4-3-equilibrium-levels-of-real-national-output.html,Macroeconomic Equilibrium Questions — Edexcel A-Level Economics | Economics Academy,1,2.4.3 Equilibrium Levels of National Output — Practice Questions,1695,8,2,2,True,
https://economicsacademy.co.uk/practice-questions/edexcel-theme-2/2-4-4-the-multiplier.html,200,,https://economicsacademy.co.uk/practice-questions/edexcel-theme-2/2-4-4-the-multiplier.html,https://economicsacademy.co.uk/practice-questions/edexcel-theme-2/2-4-4-the-multiplier.html,True,,The Multiplier and Marginal Propensities Questions — Edexcel A-Level Economics | Economics Academy,98,"Nine free multiple-choice questions on the multiplier for Edexcel A-Level Economics: marginal propensities, calculating the multiplier and what changes its size.",161,https://economicsacademy.co.uk/practice-questions/edexcel-theme-2/2-4-4-the-multiplier.html,The Multiplier and Marginal Propensities Questions — Edexcel A-Level Economics | Economics Academy,1,2.4.4 The Multiplier — Practice Questions,2091,8,2,2,True,
https://economicsacademy.co.uk/practice-questions/edexcel-theme-2/2-5-1-causes-of-growth.html,200,,https://economicsacademy.co.uk/practice-questions/edexcel-theme-2/2-5-1-causes-of-growth.html,https://economicsacademy.co.uk/practice-questions/edexcel-theme-2/2-5-1-causes-of-growth.html,True,,Causes of Economic Growth Questions — Edexcel A-Level Economics | Economics Academy,83,"Seven free multiple-choice questions on the causes of growth for Edexcel A-Level Economics: actual and potential growth, long-run factors and export-led growth.",160,https://economicsacademy.co.uk/practice-questions/edexcel-theme-2/2-5-1-causes-of-growth.html,Causes of Economic Growth Questions — Edexcel A-Level Economics | Economics Academy,1,2.5.1 Causes of Growth — Practice Questions,1633,8,3,2,True,
https://economicsacademy.co.uk/practice-questions/edexcel-theme-2/2-5-2-output-gaps.html,200,,https://economicsacademy.co.uk/practice-questions/edexcel-theme-2/2-5-2-output-gaps.html,https://economicsacademy.co.uk/practice-questions/edexcel-theme-2/2-5-2-output-gaps.html,True,,Output Gaps Questions — Edexcel A-Level Economics | Economics Academy,69,"Eight free multiple-choice questions on output gaps for Edexcel A-Level Economics: positive and negative gaps, the trend rate and the trouble with measuring them.",162,https://economicsacademy.co.uk/practice-questions/edexcel-theme-2/2-5-2-output-gaps.html,Output Gaps Questions — Edexcel A-Level Economics | Economics Academy,1,2.5.2 Output Gaps — Practice Questions,1834,8,2,2,True,
https://economicsacademy.co.uk/practice-questions/edexcel-theme-2/2-5-3-trade-cycle.html,200,,https://economicsacademy.co.uk/practice-questions/edexcel-theme-2/2-5-3-trade-cycle.html,https://economicsacademy.co.uk/practice-questions/edexcel-theme-2/2-5-3-trade-cycle.html,True,,The Trade Cycle Questions — Edexcel A-Level Economics | Economics Academy,73,"Eight free multiple-choice questions on the trade cycle for Edexcel A-Level Economics: the four phases, output gaps, the causes and stabilisation policy.",153,https://economicsacademy.co.uk/practice-questions/edexcel-theme-2/2-5-3-trade-cycle.html,The Trade Cycle Questions — Edexcel A-Level Economics | Economics Academy,1,2.5.3 The Trade Cycle — Practice Questions,1878,8,2,2,True,
https://economicsacademy.co.uk/practice-questions/edexcel-theme-2/2-5-4-the-impact-of-economic-growth.html,200,,https://economicsacademy.co.uk/practice-questions/edexcel-theme-2/2-5-4-the-impact-of-economic-growth.html,https://economicsacademy.co.uk/practice-questions/edexcel-theme-2/2-5-4-the-impact-of-economic-growth.html,True,,Costs and Benefits of Economic Growth Questions — Edexcel A-Level Economics | Economics Academy,95,"Eight free multiple-choice questions on the impact of growth for Edexcel A-Level Economics: living standards, inequality, the environment and sustainability.",157,https://economicsacademy.co.uk/practice-questions/edexcel-theme-2/2-5-4-the-impact-of-economic-growth.html,Costs and Benefits of Economic Growth Questions — Edexcel A-Level Economics | Economics Academy,1,2.5.4 The Impact of Economic Growth — Practice Questions,1900,8,2,2,True,
https://economicsacademy.co.uk/practice-questions/edexcel-theme-2/2-6-1-possible-macroeconomic-objectives.html,200,,https://economicsacademy.co.uk/practice-questions/edexcel-theme-2/2-6-1-possible-macroeconomic-objectives.html,https://economicsacademy.co.uk/practice-questions/edexcel-theme-2/2-6-1-possible-macroeconomic-objectives.html,True,,Macroeconomic Objectives Questions — Edexcel A-Level Economics | Economics Academy,82,"Seven free multiple-choice questions on macroeconomic objectives for Edexcel A-Level Economics: growth, unemployment, inflation, the current account and equality.",162,https://economicsacademy.co.uk/practice-questions/edexcel-theme-2/2-6-1-possible-macroeconomic-objectives.html,Macroeconomic Objectives Questions — Edexcel A-Level Economics | Economics Academy,1,2.6.1 Macroeconomic Objectives — Practice Questions,1931,8,2,2,True,
https://economicsacademy.co.uk/practice-questions/edexcel-theme-2/2-6-2-demand-side-policies.html,200,,https://economicsacademy.co.uk/practice-questions/edexcel-theme-2/2-6-2-demand-side-policies.html,https://economicsacademy.co.uk/practice-questions/edexcel-theme-2/2-6-2-demand-side-policies.html,True,,Demand-Side Policies Questions — Edexcel A-Level Economics | Economics Academy,78,"Ten free multiple-choice questions on demand-side policies for Edexcel A-Level Economics: monetary and fiscal policy, transmission mechanisms and evaluation.",157,https://economicsacademy.co.uk/practice-questions/edexcel-theme-2/2-6-2-demand-side-policies.html,Demand-Side Policies Questions — Edexcel A-Level Economics | Economics Academy,1,2.6.2 Demand-Side Policies — Practice Questions,2425,8,3,2,True,
https://economicsacademy.co.uk/practice-questions/edexcel-theme-2/2-6-3-supply-side-policies.html,200,,https://economicsacademy.co.uk/practice-questions/edexcel-theme-2/2-6-3-supply-side-policies.html,https://economicsacademy.co.uk/practice-questions/edexcel-theme-2/2-6-3-supply-side-policies.html,True,,Supply-Side Policies Questions — Edexcel A-Level Economics | Economics Academy,78,"Ten free multiple-choice questions on supply-side policies for Edexcel A-Level Economics: market-based and interventionist measures, and how to evaluate each.",158,https://economicsacademy.co.uk/practice-questions/edexcel-theme-2/2-6-3-supply-side-policies.html,Supply-Side Policies Questions — Edexcel A-Level Economics | Economics Academy,1,2.6.3 Supply-Side Policies — Practice Questions,2374,8,3,2,True,
https://economicsacademy.co.uk/practice-questions/edexcel-theme-2/2-6-4-conflicts-between-objectives-and-policies.html,200,,https://economicsacademy.co.uk/practice-questions/edexcel-theme-2/2-6-4-conflicts-between-objectives-and-policies.html,https://economicsacademy.co.uk/practice-questions/edexcel-theme-2/2-6-4-conflicts-between-objectives-and-policies.html,True,,Policy Conflicts and Trade-Offs Questions — Edexcel A-Level Economics | Economics Academy,89,"Seven free multiple-choice questions on conflicts between macroeconomic objectives for Edexcel A-Level Economics, including the short-run Phillips curve.",153,https://economicsacademy.co.uk/practice-questions/edexcel-theme-2/2-6-4-conflicts-between-objectives-and-policies.html,Policy Conflicts and Trade-Offs Questions — Edexcel A-Level Economics | Economics Academy,1,2.6.4 Conflicts Between Objectives — Practice Questions,1763,8,3,2,True,
https://economicsacademy.co.uk/practice-questions/edexcel-theme-2/index.html,200,,https://economicsacademy.co.uk/practice-questions/edexcel-theme-2/index.html,https://economicsacademy.co.uk/practice-questions/edexcel-theme-2/index.html,True,,Edexcel Theme 2 Practice Questions — Edexcel A-Level Economics | Economics Academy,82,"Free Edexcel A-Level Economics multiple-choice questions on the uk economy - performance and policies. 198 questions across 24 topics, each with a worked answer.",161,https://economicsacademy.co.uk/practice-questions/edexcel-theme-2/index.html,Edexcel Theme 2 Practice Questions — Edexcel A-Level Economics | Economics Academy,1,Edexcel Theme 2 Practice Questions,314,29,50,2,True,
https://economicsacademy.co.uk/practice-questions/edexcel-theme-3/,200,,https://economicsacademy.co.uk/practice-questions/edexcel-theme-3/,https://economicsacademy.co.uk/practice-questions/edexcel-theme-3/index.html,False,,Edexcel Theme 3 Practice Questions — Edexcel A-Level Economics | Economics Academy,82,"Free Edexcel A-Level Economics multiple-choice questions on business behaviour and the labour market. 148 questions across 20 topics, each with a worked answer.",160,https://economicsacademy.co.uk/practice-questions/edexcel-theme-3/index.html,Edexcel Theme 3 Practice Questions — Edexcel A-Level Economics | Economics Academy,1,Edexcel Theme 3 Practice Questions,282,25,0,2,False,
https://economicsacademy.co.uk/practice-questions/edexcel-theme-3/3-1-1-sizes-types-of-firms.html,200,,https://economicsacademy.co.uk/practice-questions/edexcel-theme-3/3-1-1-sizes-types-of-firms.html,https://economicsacademy.co.uk/practice-questions/edexcel-theme-3/3-1-1-sizes-types-of-firms.html,True,,Sizes and Types of Firms Questions — Edexcel A-Level Economics | Economics Academy,82,"Eight free multiple-choice questions on the sizes and types of firms for Edexcel A-Level Economics: why firms grow, why some stay small, and who owns them.",155,https://economicsacademy.co.uk/practice-questions/edexcel-theme-3/3-1-1-sizes-types-of-firms.html,Sizes and Types of Firms Questions — Edexcel A-Level Economics | Economics Academy,1,3.1.1 Sizes and Types of Firms — Practice Questions,1893,8,2,2,True,
https://economicsacademy.co.uk/practice-questions/edexcel-theme-3/3-1-2-business-growth.html,200,,https://economicsacademy.co.uk/practice-questions/edexcel-theme-3/3-1-2-business-growth.html,https://economicsacademy.co.uk/practice-questions/edexcel-theme-3/3-1-2-business-growth.html,True,,Business Growth Questions — Edexcel A-Level Economics | Economics Academy,73,"Ten free multiple-choice questions on business growth for Edexcel A-Level Economics: organic and inorganic growth, integration types and growth constraints.",156,https://economicsacademy.co.uk/practice-questions/edexcel-theme-3/3-1-2-business-growth.html,Business Growth Questions — Edexcel A-Level Economics | Economics Academy,1,3.1.2 Business Growth — Practice Questions,2164,8,3,2,True,
https://economicsacademy.co.uk/practice-questions/edexcel-theme-3/3-1-3-demergers.html,200,,https://economicsacademy.co.uk/practice-questions/edexcel-theme-3/3-1-3-demergers.html,https://economicsacademy.co.uk/practice-questions/edexcel-theme-3/3-1-3-demergers.html,True,,Demergers Questions — Edexcel A-Level Economics | Economics Academy,67,"Seven free multiple-choice questions on demergers for Edexcel A-Level Economics: why firms split up, and the effects on the business, workers and consumers.",156,https://economicsacademy.co.uk/practice-questions/edexcel-theme-3/3-1-3-demergers.html,Demergers Questions — Edexcel A-Level Economics | Economics Academy,1,3.1.3 Demergers — Practice Questions,1620,8,2,2,True,
https://economicsacademy.co.uk/practice-questions/edexcel-theme-3/3-2-1-business-objectives.html,200,,https://economicsacademy.co.uk/practice-questions/edexcel-theme-3/3-2-1-business-objectives.html,https://economicsacademy.co.uk/practice-questions/edexcel-theme-3/3-2-1-business-objectives.html,True,,Business Objectives Questions — Edexcel A-Level Economics | Economics Academy,77,"Eight free multiple-choice questions on business objectives for Edexcel A-Level Economics: profit, revenue and sales maximisation, satisficing and more.",152,https://economicsacademy.co.uk/practice-questions/edexcel-theme-3/3-2-1-business-objectives.html,Business Objectives Questions — Edexcel A-Level Economics | Economics Academy,1,3.2.1 Business Objectives — Practice Questions,1914,8,2,2,True,
https://economicsacademy.co.uk/practice-questions/edexcel-theme-3/3-3-1-revenue.html,200,,https://economicsacademy.co.uk/practice-questions/edexcel-theme-3/3-3-1-revenue.html,https://economicsacademy.co.uk/practice-questions/edexcel-theme-3/3-3-1-revenue.html,True,,Revenue Questions — Edexcel A-Level Economics | Economics Academy,65,"Nine free multiple-choice questions on revenue for Edexcel A-Level Economics: total, average and marginal revenue, and the total revenue rule with PED.",151,https://economicsacademy.co.uk/practice-questions/edexcel-theme-3/3-3-1-revenue.html,Revenue Questions — Edexcel A-Level Economics | Economics Academy,1,3.3.1 Revenue — Practice Questions,2109,8,3,2,True,
https://economicsacademy.co.uk/practice-questions/edexcel-theme-3/3-3-2-costs.html,200,,https://economicsacademy.co.uk/practice-questions/edexcel-theme-3/3-3-2-costs.html,https://economicsacademy.co.uk/practice-questions/edexcel-theme-3/3-3-2-costs.html,True,,Costs Questions — Edexcel A-Level Economics | Economics Academy,63,"Ten free multiple-choice questions on costs for Edexcel A-Level Economics: fixed and variable costs, average and marginal cost, and short-run and long-run curves.",162,https://economicsacademy.co.uk/practice-questions/edexcel-theme-3/3-3-2-costs.html,Costs Questions — Edexcel A-Level Economics | Economics Academy,1,3.3.2 Costs — Practice Questions,2443,8,3,2,True,
https://economicsacademy.co.uk/practice-questions/edexcel-theme-3/3-3-3-economies-diseconomies-of-scale.html,200,,https://economicsacademy.co.uk/practice-questions/edexcel-theme-3/3-3-3-economies-diseconomies-of-scale.html,https://economicsacademy.co.uk/practice-questions/edexcel-theme-3/3-3-3-economies-diseconomies-of-scale.html,True,,Economies of Scale Questions — Edexcel A-Level Economics | Economics Academy,76,"Seven free multiple-choice questions on economies and diseconomies of scale for Edexcel A-Level Economics, including external economies and minimum efficient scale.",164,https://economicsacademy.co.uk/practice-questions/edexcel-theme-3/3-3-3-economies-diseconomies-of-scale.html,Economies of Scale Questions — Edexcel A-Level Economics | Economics Academy,1,3.3.3 Economies of Scale — Practice Questions,1749,8,2,2,True,
https://economicsacademy.co.uk/practice-questions/edexcel-theme-3/3-3-4-normal-profits-supernormal-profits-losses.html,200,,https://economicsacademy.co.uk/practice-questions/edexcel-theme-3/3-3-4-normal-profits-supernormal-profits-losses.html,https://economicsacademy.co.uk/practice-questions/edexcel-theme-3/3-3-4-normal-profits-supernormal-profits-losses.html,True,,Normal and Supernormal Profit Questions — Edexcel A-Level Economics | Economics Academy,87,"Ten free multiple-choice questions on profit for Edexcel A-Level Economics: normal and supernormal profit, losses, and the short-run and long-run shut-down rules.",162,https://economicsacademy.co.uk/practice-questions/edexcel-theme-3/3-3-4-normal-profits-supernormal-profits-losses.html,Normal and Supernormal Profit Questions — Edexcel A-Level Economics | Economics Academy,1,3.3.4 Profits and Losses — Practice Questions,2558,8,3,2,True,
https://economicsacademy.co.uk/practice-questions/edexcel-theme-3/3-4-1-efficiency.html,200,,https://economicsacademy.co.uk/practice-questions/edexcel-theme-3/3-4-1-efficiency.html,https://economicsacademy.co.uk/practice-questions/edexcel-theme-3/3-4-1-efficiency.html,True,,Efficiency Questions — Edexcel A-Level Economics | Economics Academy,68,"Five free multiple-choice questions on efficiency for Edexcel A-Level Economics: allocative, productive and dynamic efficiency, and X-inefficiency.",147,https://economicsacademy.co.uk/practice-questions/edexcel-theme-3/3-4-1-efficiency.html,Efficiency Questions — Edexcel A-Level Economics | Economics Academy,1,3.4.1 Efficiency — Practice Questions,1263,8,2,2,True,
https://economicsacademy.co.uk/practice-questions/edexcel-theme-3/3-4-2-perfect-competition.html,200,,https://economicsacademy.co.uk/practice-questions/edexcel-theme-3/3-4-2-perfect-competition.html,https://economicsacademy.co.uk/practice-questions/edexcel-theme-3/3-4-2-perfect-competition.html,True,,Perfect Competition Questions — Edexcel A-Level Economics | Economics Academy,77,"Seven free multiple-choice questions on perfect competition for Edexcel A-Level Economics: price takers, short-run profit and long-run equilibrium.",147,https://economicsacademy.co.uk/practice-questions/edexcel-theme-3/3-4-2-perfect-competition.html,Perfect Competition Questions — Edexcel A-Level Economics | Economics Academy,1,3.4.2 Perfect Competition — Practice Questions,1740,8,2,2,True,
https://economicsacademy.co.uk/practice-questions/edexcel-theme-3/3-4-3-monopolistic-competition.html,200,,https://economicsacademy.co.uk/practice-questions/edexcel-theme-3/3-4-3-monopolistic-competition.html,https://economicsacademy.co.uk/practice-questions/edexcel-theme-3/3-4-3-monopolistic-competition.html,True,,Monopolistic Competition Questions — Edexcel A-Level Economics | Economics Academy,82,"Seven free multiple-choice questions on monopolistic competition for Edexcel A-Level Economics: differentiation, long-run normal profit and consumer impacts.",157,https://economicsacademy.co.uk/practice-questions/edexcel-theme-3/3-4-3-monopolistic-competition.html,Monopolistic Competition Questions — Edexcel A-Level Economics | Economics Academy,1,3.4.3 Monopolistic Competition — Practice Questions,1640,8,2,2,True,
https://economicsacademy.co.uk/practice-questions/edexcel-theme-3/3-4-4-oligopoly.html,200,,https://economicsacademy.co.uk/practice-questions/edexcel-theme-3/3-4-4-oligopoly.html,https://economicsacademy.co.uk/practice-questions/edexcel-theme-3/3-4-4-oligopoly.html,True,,Oligopoly Questions — Edexcel A-Level Economics | Economics Academy,67,"Nine free multiple-choice questions on oligopoly for Edexcel A-Level Economics: concentration ratios, collusion, the kinked demand curve and game theory.",153,https://economicsacademy.co.uk/practice-questions/edexcel-theme-3/3-4-4-oligopoly.html,Oligopoly Questions — Edexcel A-Level Economics | Economics Academy,1,3.4.4 Oligopoly — Practice Questions,2119,8,3,2,True,
https://economicsacademy.co.uk/practice-questions/edexcel-theme-3/3-4-5-monopoly.html,200,,https://economicsacademy.co.uk/practice-questions/edexcel-theme-3/3-4-5-monopoly.html,https://economicsacademy.co.uk/practice-questions/edexcel-theme-3/3-4-5-monopoly.html,True,,Monopoly Questions — Edexcel A-Level Economics | Economics Academy,66,"Eight free multiple-choice questions on monopoly for Edexcel A-Level Economics: barriers to entry, price discrimination, natural monopoly and welfare effects.",158,https://economicsacademy.co.uk/practice-questions/edexcel-theme-3/3-4-5-monopoly.html,Monopoly Questions — Edexcel A-Level Economics | Economics Academy,1,3.4.5 Monopoly — Practice Questions,1990,8,3,2,True,
https://economicsacademy.co.uk/practice-questions/edexcel-theme-3/3-4-6-monopsony.html,200,,https://economicsacademy.co.uk/practice-questions/edexcel-theme-3/3-4-6-monopsony.html,https://economicsacademy.co.uk/practice-questions/edexcel-theme-3/3-4-6-monopsony.html,True,,Monopsony Questions — Edexcel A-Level Economics | Economics Academy,67,"Six free multiple-choice questions on monopsony for Edexcel A-Level Economics: dominant buyers, and the effects on suppliers, workers and consumers.",148,https://economicsacademy.co.uk/practice-questions/edexcel-theme-3/3-4-6-monopsony.html,Monopsony Questions — Edexcel A-Level Economics | Economics Academy,1,3.4.6 Monopsony — Practice Questions,1398,8,2,2,True,
https://economicsacademy.co.uk/practice-questions/edexcel-theme-3/3-4-7-contestability.html,200,,https://economicsacademy.co.uk/practice-questions/edexcel-theme-3/3-4-7-contestability.html,https://economicsacademy.co.uk/practice-questions/edexcel-theme-3/3-4-7-contestability.html,True,,Contestability Questions — Edexcel A-Level Economics | Economics Academy,72,"Five free multiple-choice questions on contestability for Edexcel A-Level Economics: barriers to entry, sunk costs and the threat of hit-and-run entry.",151,https://economicsacademy.co.uk/practice-questions/edexcel-theme-3/3-4-7-contestability.html,Contestability Questions — Edexcel A-Level Economics | Economics Academy,1,3.4.7 Contestability — Practice Questions,1243,8,3,2,True,
https://economicsacademy.co.uk/practice-questions/edexcel-theme-3/3-5-1-demand-for-labour.html,200,,https://economicsacademy.co.uk/practice-questions/edexcel-theme-3/3-5-1-demand-for-labour.html,https://economicsacademy.co.uk/practice-questions/edexcel-theme-3/3-5-1-demand-for-labour.html,True,,Demand for Labour Questions — Edexcel A-Level Economics | Economics Academy,75,"Six free multiple-choice questions on the demand for labour for Edexcel A-Level Economics: derived demand, marginal revenue product and wage elasticity.",152,https://economicsacademy.co.uk/practice-questions/edexcel-theme-3/3-5-1-demand-for-labour.html,Demand for Labour Questions — Edexcel A-Level Economics | Economics Academy,1,3.5.1 Demand for Labour — Practice Questions,1458,8,2,2,True,
https://economicsacademy.co.uk/practice-questions/edexcel-theme-3/3-5-2-supply-of-labour.html,200,,https://economicsacademy.co.uk/practice-questions/edexcel-theme-3/3-5-2-supply-of-labour.html,https://economicsacademy.co.uk/practice-questions/edexcel-theme-3/3-5-2-supply-of-labour.html,True,,Supply of Labour Questions — Edexcel A-Level Economics | Economics Academy,74,"Six free multiple-choice questions on the supply of labour for Edexcel A-Level Economics: shift factors, labour immobility and wage elasticity of supply.",153,https://economicsacademy.co.uk/practice-questions/edexcel-theme-3/3-5-2-supply-of-labour.html,Supply of Labour Questions — Edexcel A-Level Economics | Economics Academy,1,3.5.2 Supply of Labour — Practice Questions,1495,8,3,2,True,
https://economicsacademy.co.uk/practice-questions/edexcel-theme-3/3-5-3-wage-determination.html,200,,https://economicsacademy.co.uk/practice-questions/edexcel-theme-3/3-5-3-wage-determination.html,https://economicsacademy.co.uk/practice-questions/edexcel-theme-3/3-5-3-wage-determination.html,True,,Wage Determination Questions — Edexcel A-Level Economics | Economics Academy,76,"Six free multiple-choice questions on wage determination for Edexcel A-Level Economics: competitive and monopsony labour markets, unions and minimum wages.",155,https://economicsacademy.co.uk/practice-questions/edexcel-theme-3/3-5-3-wage-determination.html,Wage Determination Questions — Edexcel A-Level Economics | Economics Academy,1,3.5.3 Wage Determination — Practice Questions,1542,8,3,2,True,
https://economicsacademy.co.uk/practice-questions/edexcel-theme-3/3-6-1-government-intervention.html,200,,https://economicsacademy.co.uk/practice-questions/edexcel-theme-3/3-6-1-government-intervention.html,https://economicsacademy.co.uk/practice-questions/edexcel-theme-3/3-6-1-government-intervention.html,True,,Government Intervention Questions — Edexcel A-Level Economics | Economics Academy,81,"Nine free multiple-choice questions on government intervention for Edexcel A-Level Economics: the CMA, price and profit regulation, and protecting suppliers.",157,https://economicsacademy.co.uk/practice-questions/edexcel-theme-3/3-6-1-government-intervention.html,Government Intervention Questions — Edexcel A-Level Economics | Economics Academy,1,3.6.1 Government Intervention — Practice Questions,2111,8,3,2,True,
https://economicsacademy.co.uk/practice-questions/edexcel-theme-3/3-6-2-the-impact-of-government-intervention.html,200,,https://economicsacademy.co.uk/practice-questions/edexcel-theme-3/3-6-2-the-impact-of-government-intervention.html,https://economicsacademy.co.uk/practice-questions/edexcel-theme-3/3-6-2-the-impact-of-government-intervention.html,True,,Impact of Government Intervention Questions — Edexcel A-Level Economics | Economics Academy,91,"Five free multiple-choice questions on the impact of government intervention for Edexcel A-Level Economics: its aims, and why it can fail.",138,https://economicsacademy.co.uk/practice-questions/edexcel-theme-3/3-6-2-the-impact-of-government-intervention.html,Impact of Government Intervention Questions — Edexcel A-Level Economics | Economics Academy,1,3.6.2 Impact of Intervention — Practice Questions,1250,8,2,2,True,
https://economicsacademy.co.uk/practice-questions/edexcel-theme-3/index.html,200,,https://economicsacademy.co.uk/practice-questions/edexcel-theme-3/index.html,https://economicsacademy.co.uk/practice-questions/edexcel-theme-3/index.html,True,,Edexcel Theme 3 Practice Questions — Edexcel A-Level Economics | Economics Academy,82,"Free Edexcel A-Level Economics multiple-choice questions on business behaviour and the labour market. 148 questions across 20 topics, each with a worked answer.",160,https://economicsacademy.co.uk/practice-questions/edexcel-theme-3/index.html,Edexcel Theme 3 Practice Questions — Edexcel A-Level Economics | Economics Academy,1,Edexcel Theme 3 Practice Questions,282,25,42,2,True,
https://economicsacademy.co.uk/practice-questions/edexcel-theme-4/,200,,https://economicsacademy.co.uk/practice-questions/edexcel-theme-4/,https://economicsacademy.co.uk/practice-questions/edexcel-theme-4/index.html,False,,Edexcel Theme 4 Practice Questions — Edexcel A-Level Economics | Economics Academy,82,"Free Edexcel A-Level Economics multiple-choice questions on a global perspective. 145 questions across 21 topics, each with a worked answer.",140,https://economicsacademy.co.uk/practice-questions/edexcel-theme-4/index.html,Edexcel Theme 4 Practice Questions — Edexcel A-Level Economics | Economics Academy,1,Edexcel Theme 4 Practice Questions,293,26,0,2,False,
https://economicsacademy.co.uk/practice-questions/edexcel-theme-4/4-1-1-globalisation.html,200,,https://economicsacademy.co.uk/practice-questions/edexcel-theme-4/4-1-1-globalisation.html,https://economicsacademy.co.uk/practice-questions/edexcel-theme-4/4-1-1-globalisation.html,True,,Globalisation Questions — Edexcel A-Level Economics | Economics Academy,71,"Five free multiple-choice questions on globalisation for Edexcel A-Level Economics: its causes, and its effects on consumers, workers, firms and governments.",157,https://economicsacademy.co.uk/practice-questions/edexcel-theme-4/4-1-1-globalisation.html,Globalisation Questions — Edexcel A-Level Economics | Economics Academy,1,4.1.1 Globalisation — Practice Questions,1126,8,3,2,True,
https://economicsacademy.co.uk/practice-questions/edexcel-theme-4/4-1-2-specialisation-trade.html,200,,https://economicsacademy.co.uk/practice-questions/edexcel-theme-4/4-1-2-specialisation-trade.html,https://economicsacademy.co.uk/practice-questions/edexcel-theme-4/4-1-2-specialisation-trade.html,True,,Specialisation and Trade Questions — Edexcel A-Level Economics | Economics Academy,82,"Six free multiple-choice questions on specialisation and trade for Edexcel A-Level Economics: absolute and comparative advantage, and the gains from trade.",155,https://economicsacademy.co.uk/practice-questions/edexcel-theme-4/4-1-2-specialisation-trade.html,Specialisation and Trade Questions — Edexcel A-Level Economics | Economics Academy,1,4.1.2 Specialisation and Trade — Practice Questions,1434,8,2,2,True,
https://economicsacademy.co.uk/practice-questions/edexcel-theme-4/4-1-3-pattern-of-trade.html,200,,https://economicsacademy.co.uk/practice-questions/edexcel-theme-4/4-1-3-pattern-of-trade.html,https://economicsacademy.co.uk/practice-questions/edexcel-theme-4/4-1-3-pattern-of-trade.html,True,,Pattern of Trade Questions — Edexcel A-Level Economics | Economics Academy,74,"Five free multiple-choice questions on the pattern of trade for Edexcel A-Level Economics: what changes it, emerging economies and deindustrialisation.",151,https://economicsacademy.co.uk/practice-questions/edexcel-theme-4/4-1-3-pattern-of-trade.html,Pattern of Trade Questions — Edexcel A-Level Economics | Economics Academy,1,4.1.3 Pattern of Trade — Practice Questions,1088,8,3,2,True,
https://economicsacademy.co.uk/practice-questions/edexcel-theme-4/4-1-4-terms-of-trade.html,200,,https://economicsacademy.co.uk/practice-questions/edexcel-theme-4/4-1-4-terms-of-trade.html,https://economicsacademy.co.uk/practice-questions/edexcel-theme-4/4-1-4-terms-of-trade.html,True,,Terms of Trade Questions — Edexcel A-Level Economics | Economics Academy,72,"Eight free multiple-choice questions on the terms of trade for Edexcel A-Level Economics: calculating the index, what moves it, and why it matters.",147,https://economicsacademy.co.uk/practice-questions/edexcel-theme-4/4-1-4-terms-of-trade.html,Terms of Trade Questions — Edexcel A-Level Economics | Economics Academy,1,4.1.4 Terms of Trade — Practice Questions,1824,8,2,2,True,
https://economicsacademy.co.uk/practice-questions/edexcel-theme-4/4-1-5-trading-blocs-and-the-world-trade-organisation.html,200,,https://economicsacademy.co.uk/practice-questions/edexcel-theme-4/4-1-5-trading-blocs-and-the-world-trade-organisation.html,https://economicsacademy.co.uk/practice-questions/edexcel-theme-4/4-1-5-trading-blocs-and-the-world-trade-organisation.html,True,,Trading Blocs and the WTO Questions — Edexcel A-Level Economics | Economics Academy,83,"Eight free multiple-choice questions on trading blocs and the WTO for Edexcel A-Level Economics: types of bloc, trade creation and diversion, and monetary unions.",162,https://economicsacademy.co.uk/practice-questions/edexcel-theme-4/4-1-5-trading-blocs-and-the-world-trade-organisation.html,Trading Blocs and the WTO Questions — Edexcel A-Level Economics | Economics Academy,1,4.1.5 Trading Blocs and the WTO — Practice Questions,1923,8,3,2,True,
https://economicsacademy.co.uk/practice-questions/edexcel-theme-4/4-1-6-restrictions-on-free-trade.html,200,,https://economicsacademy.co.uk/practice-questions/edexcel-theme-4/4-1-6-restrictions-on-free-trade.html,https://economicsacademy.co.uk/practice-questions/edexcel-theme-4/4-1-6-restrictions-on-free-trade.html,True,,Restrictions on Free Trade Questions — Edexcel A-Level Economics | Economics Academy,84,"Eight free multiple-choice questions on protectionism for Edexcel A-Level Economics: tariffs, quotas, subsidies, non-tariff barriers and their evaluation.",154,https://economicsacademy.co.uk/practice-questions/edexcel-theme-4/4-1-6-restrictions-on-free-trade.html,Restrictions on Free Trade Questions — Edexcel A-Level Economics | Economics Academy,1,4.1.6 Restrictions on Free Trade — Practice Questions,1810,8,2,2,True,
https://economicsacademy.co.uk/practice-questions/edexcel-theme-4/4-1-7-balance-of-payments.html,200,,https://economicsacademy.co.uk/practice-questions/edexcel-theme-4/4-1-7-balance-of-payments.html,https://economicsacademy.co.uk/practice-questions/edexcel-theme-4/4-1-7-balance-of-payments.html,True,,Balance of Payments Questions — Edexcel A-Level Economics | Economics Academy,77,"Five free multiple-choice questions on the balance of payments for Edexcel A-Level Economics: the three accounts, and how deficits are financed.",144,https://economicsacademy.co.uk/practice-questions/edexcel-theme-4/4-1-7-balance-of-payments.html,Balance of Payments Questions — Edexcel A-Level Economics | Economics Academy,1,4.1.7 Balance of Payments — Practice Questions,1105,8,2,2,True,
https://economicsacademy.co.uk/practice-questions/edexcel-theme-4/4-1-8-exchange-rates.html,200,,https://economicsacademy.co.uk/practice-questions/edexcel-theme-4/4-1-8-exchange-rates.html,https://economicsacademy.co.uk/practice-questions/edexcel-theme-4/4-1-8-exchange-rates.html,True,,Exchange Rates Questions — Edexcel A-Level Economics | Economics Academy,72,"Six free multiple-choice questions on exchange rates for Edexcel A-Level Economics: floating, fixed and managed systems, and central bank intervention.",151,https://economicsacademy.co.uk/practice-questions/edexcel-theme-4/4-1-8-exchange-rates.html,Exchange Rates Questions — Edexcel A-Level Economics | Economics Academy,1,4.1.8 Exchange Rates — Practice Questions,1414,8,3,2,True,
https://economicsacademy.co.uk/practice-questions/edexcel-theme-4/4-1-9-international-competitiveness.html,200,,https://economicsacademy.co.uk/practice-questions/edexcel-theme-4/4-1-9-international-competitiveness.html,https://economicsacademy.co.uk/practice-questions/edexcel-theme-4/4-1-9-international-competitiveness.html,True,,International Competitiveness Questions — Edexcel A-Level Economics | Economics Academy,87,"Seven free multiple-choice questions on international competitiveness for Edexcel A-Level Economics: unit labour costs, cost and non-cost factors.",146,https://economicsacademy.co.uk/practice-questions/edexcel-theme-4/4-1-9-international-competitiveness.html,International Competitiveness Questions — Edexcel A-Level Economics | Economics Academy,1,4.1.9 International Competitiveness — Practice Questions,1577,8,3,2,True,
https://economicsacademy.co.uk/practice-questions/edexcel-theme-4/4-2-1-absolute-relative-poverty.html,200,,https://economicsacademy.co.uk/practice-questions/edexcel-theme-4/4-2-1-absolute-relative-poverty.html,https://economicsacademy.co.uk/practice-questions/edexcel-theme-4/4-2-1-absolute-relative-poverty.html,True,,Absolute and Relative Poverty Questions — Edexcel A-Level Economics | Economics Academy,87,"Six free multiple-choice questions on absolute and relative poverty for Edexcel A-Level Economics: the 60% median line, and the causes of changes in poverty.",157,https://economicsacademy.co.uk/practice-questions/edexcel-theme-4/4-2-1-absolute-relative-poverty.html,Absolute and Relative Poverty Questions — Edexcel A-Level Economics | Economics Academy,1,4.2.1 Absolute and Relative Poverty — Practice Questions,1885,8,2,2,True,
https://economicsacademy.co.uk/practice-questions/edexcel-theme-4/4-2-2-inequality.html,200,,https://economicsacademy.co.uk/practice-questions/edexcel-theme-4/4-2-2-inequality.html,https://economicsacademy.co.uk/practice-questions/edexcel-theme-4/4-2-2-inequality.html,True,,Inequality Questions — Edexcel A-Level Economics | Economics Academy,68,"Seven free multiple-choice questions on inequality for Edexcel A-Level Economics: the Lorenz curve, the Gini coefficient, the Kuznets curve and capitalism.",155,https://economicsacademy.co.uk/practice-questions/edexcel-theme-4/4-2-2-inequality.html,Inequality Questions — Edexcel A-Level Economics | Economics Academy,1,4.2.2 Inequality — Practice Questions,1944,8,3,2,True,
https://economicsacademy.co.uk/practice-questions/edexcel-theme-4/4-3-1-measures-of-development.html,200,,https://economicsacademy.co.uk/practice-questions/edexcel-theme-4/4-3-1-measures-of-development.html,https://economicsacademy.co.uk/practice-questions/edexcel-theme-4/4-3-1-measures-of-development.html,True,,Measures of Development Questions — Edexcel A-Level Economics | Economics Academy,81,"Six free multiple-choice questions on measures of development for Edexcel A-Level Economics: single and composite indicators, HDI, IHDI and their limits.",153,https://economicsacademy.co.uk/practice-questions/edexcel-theme-4/4-3-1-measures-of-development.html,Measures of Development Questions — Edexcel A-Level Economics | Economics Academy,1,4.3.1 Measures of Development — Practice Questions,1644,8,2,2,True,
https://economicsacademy.co.uk/practice-questions/edexcel-theme-4/4-3-2-factors-influencing-growth-development.html,200,,https://economicsacademy.co.uk/practice-questions/edexcel-theme-4/4-3-2-factors-influencing-growth-development.html,https://economicsacademy.co.uk/practice-questions/edexcel-theme-4/4-3-2-factors-influencing-growth-development.html,True,,Factors Influencing Growth and Development Questions — Edexcel A-Level Economics | Economics Academy,100,"Nine free multiple-choice questions on the factors influencing growth and development for Edexcel A-Level Economics: the savings gap, capital flight and debt.",158,https://economicsacademy.co.uk/practice-questions/edexcel-theme-4/4-3-2-factors-influencing-growth-development.html,Factors Influencing Growth and Development Questions — Edexcel A-Level Economics | Economics Academy,1,4.3.2 Factors Influencing Growth — Practice Questions,2521,8,3,2,True,
https://economicsacademy.co.uk/practice-questions/edexcel-theme-4/4-3-3-strategies-influencing-growth-development.html,200,,https://economicsacademy.co.uk/practice-questions/edexcel-theme-4/4-3-3-strategies-influencing-growth-development.html,https://economicsacademy.co.uk/practice-questions/edexcel-theme-4/4-3-3-strategies-influencing-growth-development.html,True,,Development Strategies Questions — Edexcel A-Level Economics | Economics Academy,80,"Ten free multiple-choice questions on development strategies for Edexcel A-Level Economics: microfinance, buffer stocks, the Lewis model, aid and the IMF.",154,https://economicsacademy.co.uk/practice-questions/edexcel-theme-4/4-3-3-strategies-influencing-growth-development.html,Development Strategies Questions — Edexcel A-Level Economics | Economics Academy,1,4.3.3 Development Strategies — Practice Questions,2816,8,3,2,True,
https://economicsacademy.co.uk/practice-questions/edexcel-theme-4/4-4-1-role-of-financial-markets.html,200,,https://economicsacademy.co.uk/practice-questions/edexcel-theme-4/4-4-1-role-of-financial-markets.html,https://economicsacademy.co.uk/practice-questions/edexcel-theme-4/4-4-1-role-of-financial-markets.html,True,,Role of Financial Markets Questions — Edexcel A-Level Economics | Economics Academy,83,"Six free multiple-choice questions on the role of financial markets for Edexcel A-Level Economics: saving, lending, forward markets and equity finance.",151,https://economicsacademy.co.uk/practice-questions/edexcel-theme-4/4-4-1-role-of-financial-markets.html,Role of Financial Markets Questions — Edexcel A-Level Economics | Economics Academy,1,4.4.1 Role of Financial Markets — Practice Questions,1650,8,3,2,True,
https://economicsacademy.co.uk/practice-questions/edexcel-theme-4/4-4-2-market-failure-in-the-financial-sector.html,200,,https://economicsacademy.co.uk/practice-questions/edexcel-theme-4/4-4-2-market-failure-in-the-financial-sector.html,https://economicsacademy.co.uk/practice-questions/edexcel-theme-4/4-4-2-market-failure-in-the-financial-sector.html,True,,Market Failure in the Financial Sector Questions — Edexcel A-Level Economics | Economics Academy,96,"Nine free multiple-choice questions on market failure in the financial sector for Edexcel A-Level Economics: bubbles, market rigging and bank rescues.",150,https://economicsacademy.co.uk/practice-questions/edexcel-theme-4/4-4-2-market-failure-in-the-financial-sector.html,Market Failure in the Financial Sector Questions — Edexcel A-Level Economics | Economics Academy,1,4.4.2 Market Failure in Finance — Practice Questions,2631,8,2,2,True,
https://economicsacademy.co.uk/practice-questions/edexcel-theme-4/4-4-3-role-of-central-banks.html,200,,https://economicsacademy.co.uk/practice-questions/edexcel-theme-4/4-4-3-role-of-central-banks.html,https://economicsacademy.co.uk/practice-questions/edexcel-theme-4/4-4-3-role-of-central-banks.html,True,,Role of Central Banks Questions — Edexcel A-Level Economics | Economics Academy,79,"Six free multiple-choice questions on the role of central banks for Edexcel A-Level Economics: the MPC, quantitative easing, the PRA and the FPC.",145,https://economicsacademy.co.uk/practice-questions/edexcel-theme-4/4-4-3-role-of-central-banks.html,Role of Central Banks Questions — Edexcel A-Level Economics | Economics Academy,1,4.4.3 Role of Central Banks — Practice Questions,1647,8,3,2,True,
https://economicsacademy.co.uk/practice-questions/edexcel-theme-4/4-5-1-public-expenditure.html,200,,https://economicsacademy.co.uk/practice-questions/edexcel-theme-4/4-5-1-public-expenditure.html,https://economicsacademy.co.uk/practice-questions/edexcel-theme-4/4-5-1-public-expenditure.html,True,,Public Expenditure Questions — Edexcel A-Level Economics | Economics Academy,76,"Six free multiple-choice questions on public expenditure for Edexcel A-Level Economics: current and capital spending, transfer payments and the size of the state.",162,https://economicsacademy.co.uk/practice-questions/edexcel-theme-4/4-5-1-public-expenditure.html,Public Expenditure Questions — Edexcel A-Level Economics | Economics Academy,1,4.5.1 Public Expenditure — Practice Questions,1682,8,2,2,True,
https://economicsacademy.co.uk/practice-questions/edexcel-theme-4/4-5-2-taxation.html,200,,https://economicsacademy.co.uk/practice-questions/edexcel-theme-4/4-5-2-taxation.html,https://economicsacademy.co.uk/practice-questions/edexcel-theme-4/4-5-2-taxation.html,True,,Taxation Questions — Edexcel A-Level Economics | Economics Academy,66,"Eight free multiple-choice questions on taxation for Edexcel A-Level Economics: progressive and regressive taxes, direct and indirect taxes and the Laffer curve.",161,https://economicsacademy.co.uk/practice-questions/edexcel-theme-4/4-5-2-taxation.html,Taxation Questions — Edexcel A-Level Economics | Economics Academy,1,4.5.2 Taxation — Practice Questions,2312,8,3,2,True,
https://economicsacademy.co.uk/practice-questions/edexcel-theme-4/4-5-3-public-sector-finances.html,200,,https://economicsacademy.co.uk/practice-questions/edexcel-theme-4/4-5-3-public-sector-finances.html,https://economicsacademy.co.uk/practice-questions/edexcel-theme-4/4-5-3-public-sector-finances.html,True,,Public Sector Finances Questions — Edexcel A-Level Economics | Economics Academy,80,"Six free multiple-choice questions on public sector finances for Edexcel A-Level Economics: cyclical and structural deficits, national debt and credit ratings.",159,https://economicsacademy.co.uk/practice-questions/edexcel-theme-4/4-5-3-public-sector-finances.html,Public Sector Finances Questions — Edexcel A-Level Economics | Economics Academy,1,4.5.3 Public Sector Finances — Practice Questions,1794,8,3,2,True,
https://economicsacademy.co.uk/practice-questions/edexcel-theme-4/4-5-4-macroeconomic-policies-in-a-global-context.html,200,,https://economicsacademy.co.uk/practice-questions/edexcel-theme-4/4-5-4-macroeconomic-policies-in-a-global-context.html,https://economicsacademy.co.uk/practice-questions/edexcel-theme-4/4-5-4-macroeconomic-policies-in-a-global-context.html,True,,Macroeconomic Policies in a Global Context Questions — Edexcel A-Level Economics | Economics Academy,100,"Eight free multiple-choice questions on macroeconomic policy in a global context for Edexcel A-Level Economics: transfer pricing, austerity and coordination.",157,https://economicsacademy.co.uk/practice-questions/edexcel-theme-4/4-5-4-macroeconomic-policies-in-a-global-context.html,Macroeconomic Policies in a Global Context Questions — Edexcel A-Level Economics | Economics Academy,1,4.5.4 Policies in a Global Context — Practice Questions,2349,8,2,2,True,
https://economicsacademy.co.uk/practice-questions/edexcel-theme-4/index.html,200,,https://economicsacademy.co.uk/practice-questions/edexcel-theme-4/index.html,https://economicsacademy.co.uk/practice-questions/edexcel-theme-4/index.html,True,,Edexcel Theme 4 Practice Questions — Edexcel A-Level Economics | Economics Academy,82,"Free Edexcel A-Level Economics multiple-choice questions on a global perspective. 145 questions across 21 topics, each with a worked answer.",140,https://economicsacademy.co.uk/practice-questions/edexcel-theme-4/index.html,Edexcel Theme 4 Practice Questions — Edexcel A-Level Economics | Economics Academy,1,Edexcel Theme 4 Practice Questions,293,26,44,2,True,
https://economicsacademy.co.uk/practice-questions/index.html,200,,https://economicsacademy.co.uk/practice-questions/index.html,https://economicsacademy.co.uk/practice-questions/index.html,True,,A-Level Economics Practice Questions — AQA and Edexcel | Economics Academy,74,"Free A-Level Economics multiple-choice practice questions for AQA and Edexcel. 1267 questions across 166 topics, each with a full worked answer.",144,https://economicsacademy.co.uk/practice-questions/index.html,A-Level Economics Practice Questions — AQA and Edexcel | Economics Academy,1,Free A-Level Economics Practice Questions,180,9,174,2,True,
https://economicsacademy.co.uk/privacy.html,200,,https://economicsacademy.co.uk/privacy.html,https://economicsacademy.co.uk/privacy.html,True,,Privacy Policy | Economics Academy,34,"Read the Economics Academy privacy policy, including how enquiry, booking, payment, and paper-marking data is handled.",118,https://economicsacademy.co.uk/privacy.html,Privacy Policy | Economics Academy,1,Privacy Policy,1133,3,1,0,True,
https://economicsacademy.co.uk/revision-notes/,200,,https://economicsacademy.co.uk/revision-notes/,https://economicsacademy.co.uk/revision-notes/,True,,A-Level Economics Revision Notes | Free Edexcel & AQA Resources,63,"Free A-Level Economics revision notes for Edexcel (Themes 1–4) and AQA (Microeconomics and Macroeconomics). Every specification topic covered, with key definitions, analysis, and exam tips — written by an expert tutor.",218,https://economicsacademy.co.uk/revision-notes/,Free A-Level Economics Revision Notes | Edexcel & AQA | Economics Academy,1,Free A-Level Economics Revision Notes,139,13,0,1,False,
https://economicsacademy.co.uk/revision-notes/aqa-a2-macro/,200,,https://economicsacademy.co.uk/revision-notes/aqa-a2-macro/,https://economicsacademy.co.uk/revision-notes/aqa-a2-macro/,True,,AQA A-Level Macroeconomics Revision Notes | National & International Economy | Economics Academy,96,"Free AQA A-Level Economics macroeconomics revision notes — macroeconomic performance, AD and AS, financial markets, fiscal and supply-side policies, and the international economy. Every topic covered, with links to detailed notes on each subtopic.",247,https://economicsacademy.co.uk/revision-notes/aqa-a2-macro/,AQA A-Level Macroeconomics Revision Notes | National & International Economy | Economics Academy,1,AQA A-Level Macroeconomics — The National and International Economy,301,28,0,1,False,
https://economicsacademy.co.uk/revision-notes/aqa-a2-macro/2-1-1-the-objectives-of-government-economic-policy.html,200,,https://economicsacademy.co.uk/revision-notes/aqa-a2-macro/2-1-1-the-objectives-of-government-economic-policy.html,https://economicsacademy.co.uk/revision-notes/aqa-a2-macro/2-1-1-the-objectives-of-government-economic-policy.html,True,,AQA A-Level Economics 2.1.1 Government Policy Objectives,56,"Free AQA A-Level Economics revision notes for unit 2.1.1. Covers growth, unemployment, inflation, the current account, the budget balance and income equality.",158,https://economicsacademy.co.uk/revision-notes/aqa-a2-macro/2-1-1-the-objectives-of-government-economic-policy.html,AQA A-Level Economics 2.1.1 Government Policy Objectives,1,2.1.1 The Objectives of Government Economic Policy,664,11,30,2,True,
https://economicsacademy.co.uk/revision-notes/aqa-a2-macro/2-1-2-macroeconomic-indicators.html,200,,https://economicsacademy.co.uk/revision-notes/aqa-a2-macro/2-1-2-macroeconomic-indicators.html,https://economicsacademy.co.uk/revision-notes/aqa-a2-macro/2-1-2-macroeconomic-indicators.html,True,,AQA A-Level Economics 2.1.2 Macroeconomic Indicators,52,"Revision notes for AQA A-Level Economics 2.1.2. Covers GDP and real GDP per capita, CPI and RPI, unemployment measures, productivity and the current account.",157,https://economicsacademy.co.uk/revision-notes/aqa-a2-macro/2-1-2-macroeconomic-indicators.html,AQA A-Level Economics 2.1.2 Macroeconomic Indicators,1,2.1.2 Macroeconomic Indicators,962,10,49,2,True,
https://economicsacademy.co.uk/revision-notes/aqa-a2-macro/2-1-3-uses-of-index-numbers.html,200,,https://economicsacademy.co.uk/revision-notes/aqa-a2-macro/2-1-3-uses-of-index-numbers.html,https://economicsacademy.co.uk/revision-notes/aqa-a2-macro/2-1-3-uses-of-index-numbers.html,True,,AQA A-Level Economics 2.1.3 Uses of Index Numbers,49,"Free AQA A-Level Economics revision notes for unit 2.1.3. Covers base years and weighting, and how CPI and the inflation rate are calculated step by step.",154,https://economicsacademy.co.uk/revision-notes/aqa-a2-macro/2-1-3-uses-of-index-numbers.html,AQA A-Level Economics 2.1.3 Uses of Index Numbers,1,2.1.3 Uses of Index Numbers,1180,9,40,2,True,
https://economicsacademy.co.uk/revision-notes/aqa-a2-macro/2-1-4-uses-of-national-income-data.html,200,,https://economicsacademy.co.uk/revision-notes/aqa-a2-macro/2-1-4-uses-of-national-income-data.html,https://economicsacademy.co.uk/revision-notes/aqa-a2-macro/2-1-4-uses-of-national-income-data.html,True,,AQA A-Level Economics 2.1.4 Uses of National Income Data,56,"Free AQA A-Level Economics revision notes (2.1.4). Covers the three measurement methods, comparing living standards over time, and purchasing power parity.",155,https://economicsacademy.co.uk/revision-notes/aqa-a2-macro/2-1-4-uses-of-national-income-data.html,AQA A-Level Economics 2.1.4 Uses of National Income Data,1,2.1.4 Uses of National Income Data,1339,9,50,2,True,
https://economicsacademy.co.uk/revision-notes/aqa-a2-macro/2-2-1-the-circular-flow-of-income.html,200,,https://economicsacademy.co.uk/revision-notes/aqa-a2-macro/2-2-1-the-circular-flow-of-income.html,https://economicsacademy.co.uk/revision-notes/aqa-a2-macro/2-2-1-the-circular-flow-of-income.html,True,,AQA A-Level Economics 2.2.1 The Circular Flow of Income,55,"Free AQA A-Level Economics revision notes (2.2.1). Covers the circular flow, injections and withdrawals, equilibrium income, and nominal versus real income.",156,https://economicsacademy.co.uk/revision-notes/aqa-a2-macro/2-2-1-the-circular-flow-of-income.html,AQA A-Level Economics 2.2.1 The Circular Flow of Income,1,2.2.1 The Circular Flow of Income,660,9,34,2,True,
https://economicsacademy.co.uk/revision-notes/aqa-a2-macro/2-2-2-aggregate-demand-and-aggregate-supply-analysis.html,200,,https://economicsacademy.co.uk/revision-notes/aqa-a2-macro/2-2-2-aggregate-demand-and-aggregate-supply-analysis.html,https://economicsacademy.co.uk/revision-notes/aqa-a2-macro/2-2-2-aggregate-demand-and-aggregate-supply-analysis.html,True,,AQA A-Level Economics 2.2.2 AD and AS Analysis,46,"AQA A-Level Economics 2.2.2 revision notes. Covers the components of AD, movements versus shifts, and the determinants of both SRAS and LRAS. With diagrams.",156,https://economicsacademy.co.uk/revision-notes/aqa-a2-macro/2-2-2-aggregate-demand-and-aggregate-supply-analysis.html,AQA A-Level Economics 2.2.2 AD and AS Analysis,1,2.2.2 Aggregate Demand and Aggregate Supply Analysis,1723,10,35,2,True,
https://economicsacademy.co.uk/revision-notes/aqa-a2-macro/2-2-3-the-determinants-of-aggregate-demand.html,200,,https://economicsacademy.co.uk/revision-notes/aqa-a2-macro/2-2-3-the-determinants-of-aggregate-demand.html,https://economicsacademy.co.uk/revision-notes/aqa-a2-macro/2-2-3-the-determinants-of-aggregate-demand.html,True,,AQA A-Level Economics 2.2.3 Determinants of Aggregate Demand,60,"Revision notes for AQA A-Level Economics 2.2.3. Covers consumption, investment, government spending and the accelerator effect. Includes evaluation points.",155,https://economicsacademy.co.uk/revision-notes/aqa-a2-macro/2-2-3-the-determinants-of-aggregate-demand.html,AQA A-Level Economics 2.2.3 Determinants of Aggregate Demand,1,2.2.3 The Determinants of Aggregate Demand,1123,12,49,2,True,
https://economicsacademy.co.uk/revision-notes/aqa-a2-macro/2-2-4-aggregate-demand-and-the-level-of-economic-activity.html,200,,https://economicsacademy.co.uk/revision-notes/aqa-a2-macro/2-2-4-aggregate-demand-and-the-level-of-economic-activity.html,https://economicsacademy.co.uk/revision-notes/aqa-a2-macro/2-2-4-aggregate-demand-and-the-level-of-economic-activity.html,True,,AQA A-Level Economics 2.2.4 AD and the Multiplier,49,"AQA A-Level Economics 2.2.4 revision notes. Covers the multiplier process, marginal propensities, the formula, and what determines its size. With diagrams.",155,https://economicsacademy.co.uk/revision-notes/aqa-a2-macro/2-2-4-aggregate-demand-and-the-level-of-economic-activity.html,AQA A-Level Economics 2.2.4 AD and the Multiplier,1,2.2.4 Aggregate Demand and the Level of Economic Activity,870,9,42,2,True,
https://economicsacademy.co.uk/revision-notes/aqa-a2-macro/2-2-5-determinants-of-short-run-aggregate-supply.html,200,,https://economicsacademy.co.uk/revision-notes/aqa-a2-macro/2-2-5-determinants-of-short-run-aggregate-supply.html,https://economicsacademy.co.uk/revision-notes/aqa-a2-macro/2-2-5-determinants-of-short-run-aggregate-supply.html,True,,AQA A-Level Economics 2.2.5 Determinants of SRAS,48,"AQA A-Level Economics 2.2.5 revision notes. Covers why SRAS slopes upward and how production costs, wages and exchange rates shift it. With comparison tables.",158,https://economicsacademy.co.uk/revision-notes/aqa-a2-macro/2-2-5-determinants-of-short-run-aggregate-supply.html,AQA A-Level Economics 2.2.5 Determinants of SRAS,1,2.2.5 Determinants of Short-Run Aggregate Supply,550,10,36,2,True,
https://economicsacademy.co.uk/revision-notes/aqa-a2-macro/2-2-6-determinants-of-long-run-aggregate-supply.html,200,,https://economicsacademy.co.uk/revision-notes/aqa-a2-macro/2-2-6-determinants-of-long-run-aggregate-supply.html,https://economicsacademy.co.uk/revision-notes/aqa-a2-macro/2-2-6-determinants-of-long-run-aggregate-supply.html,True,,AQA A-Level Economics 2.2.6 Determinants of LRAS,48,AQA A-Level Economics 2.2.6 revision notes. Covers the Classical and Keynesian views of LRAS and the factors that shift productive potential. With diagrams.,156,https://economicsacademy.co.uk/revision-notes/aqa-a2-macro/2-2-6-determinants-of-long-run-aggregate-supply.html,AQA A-Level Economics 2.2.6 Determinants of LRAS,1,2.2.6 Determinants of Long-Run Aggregate Supply,787,9,48,2,True,
https://economicsacademy.co.uk/revision-notes/aqa-a2-macro/2-3-1-economic-growth-and-the-economic-cycle.html,200,,https://economicsacademy.co.uk/revision-notes/aqa-a2-macro/2-3-1-economic-growth-and-the-economic-cycle.html,https://economicsacademy.co.uk/revision-notes/aqa-a2-macro/2-3-1-economic-growth-and-the-economic-cycle.html,True,,AQA A-Level Economics 2.3.1 Economic Growth and the Cycle,57,"Free AQA A-Level Economics revision notes (2.3.1). Covers short-run versus long-run growth, the phases of the cycle, output gaps and the costs of growth.",153,https://economicsacademy.co.uk/revision-notes/aqa-a2-macro/2-3-1-economic-growth-and-the-economic-cycle.html,AQA A-Level Economics 2.3.1 Economic Growth and the Cycle,1,2.3.1 Economic Growth and the Economic Cycle,1986,12,66,2,True,
https://economicsacademy.co.uk/revision-notes/aqa-a2-macro/2-3-2-employment-and-unemployment.html,200,,https://economicsacademy.co.uk/revision-notes/aqa-a2-macro/2-3-2-employment-and-unemployment.html,https://economicsacademy.co.uk/revision-notes/aqa-a2-macro/2-3-2-employment-and-unemployment.html,True,,AQA A-Level Economics 2.3.2 Employment and Unemployment,55,"Free AQA A-Level Economics revision notes for unit 2.3.2. Covers the Labour Force Survey and Claimant Count, types of unemployment and the natural rate.",152,https://economicsacademy.co.uk/revision-notes/aqa-a2-macro/2-3-2-employment-and-unemployment.html,AQA A-Level Economics 2.3.2 Employment and Unemployment,1,2.3.2 Employment and Unemployment,921,9,75,2,True,
https://economicsacademy.co.uk/revision-notes/aqa-a2-macro/2-3-3-inflation-and-deflation.html,200,,https://economicsacademy.co.uk/revision-notes/aqa-a2-macro/2-3-3-inflation-and-deflation.html,https://economicsacademy.co.uk/revision-notes/aqa-a2-macro/2-3-3-inflation-and-deflation.html,True,,AQA A-Level Economics 2.3.3 Inflation and Deflation,51,"Free AQA A-Level Economics revision notes (2.3.3). Covers inflation, deflation and disinflation, CPI limits, demand-pull and cost-push causes. With diagrams.",157,https://economicsacademy.co.uk/revision-notes/aqa-a2-macro/2-3-3-inflation-and-deflation.html,AQA A-Level Economics 2.3.3 Inflation and Deflation,1,2.3.3 Inflation and Deflation,1090,10,57,2,True,
https://economicsacademy.co.uk/revision-notes/aqa-a2-macro/2-3-4-possible-conflicts-between-macroeconomic-policy-objectives.html,200,,https://economicsacademy.co.uk/revision-notes/aqa-a2-macro/2-3-4-possible-conflicts-between-macroeconomic-policy-objectives.html,https://economicsacademy.co.uk/revision-notes/aqa-a2-macro/2-3-4-possible-conflicts-between-macroeconomic-policy-objectives.html,True,,AQA A-Level Economics 2.3.4 Macroeconomic Policy Conflicts,58,"AQA A-Level Economics 2.3.4 revision notes. Covers the key trade-offs, the short-run and long-run Phillips curves, and reconciling conflicts. With diagrams.",156,https://economicsacademy.co.uk/revision-notes/aqa-a2-macro/2-3-4-possible-conflicts-between-macroeconomic-policy-objectives.html,AQA A-Level Economics 2.3.4 Macroeconomic Policy Conflicts,1,2.3.4 Possible Conflicts between Macroeconomic Policy Objectives,792,10,47,2,True,
https://economicsacademy.co.uk/revision-notes/aqa-a2-macro/2-4-1-the-structure-of-financial-markets-and-financial-assets.html,200,,https://economicsacademy.co.uk/revision-notes/aqa-a2-macro/2-4-1-the-structure-of-financial-markets-and-financial-assets.html,https://economicsacademy.co.uk/revision-notes/aqa-a2-macro/2-4-1-the-structure-of-financial-markets-and-financial-assets.html,True,,AQA A-Level Economics 2.4.1 Financial Markets and Assets,56,"Free AQA A-Level Economics revision notes (2.4.1). Covers the functions of money, narrow and broad money, money and capital markets, debt, equity and bonds.",156,https://economicsacademy.co.uk/revision-notes/aqa-a2-macro/2-4-1-the-structure-of-financial-markets-and-financial-assets.html,AQA A-Level Economics 2.4.1 Financial Markets and Assets,1,2.4.1 The Structure of Financial Markets and Financial Assets,2188,9,35,2,True,
https://economicsacademy.co.uk/revision-notes/aqa-a2-macro/2-4-2-commercial-banks-and-investment-banks.html,200,,https://economicsacademy.co.uk/revision-notes/aqa-a2-macro/2-4-2-commercial-banks-and-investment-banks.html,https://economicsacademy.co.uk/revision-notes/aqa-a2-macro/2-4-2-commercial-banks-and-investment-banks.html,True,,AQA A-Level Economics 2.4.2 Commercial and Investment Banks,59,"Free AQA A-Level Economics revision notes (2.4.2). Covers the commercial and investment bank distinction, the balance sheet, objectives and credit creation.",156,https://economicsacademy.co.uk/revision-notes/aqa-a2-macro/2-4-2-commercial-banks-and-investment-banks.html,AQA A-Level Economics 2.4.2 Commercial and Investment Banks,1,2.4.2 Commercial Banks and Investment Banks,1604,9,41,2,True,
https://economicsacademy.co.uk/revision-notes/aqa-a2-macro/2-4-3-central-banks-and-monetary-policy.html,200,,https://economicsacademy.co.uk/revision-notes/aqa-a2-macro/2-4-3-central-banks-and-monetary-policy.html,https://economicsacademy.co.uk/revision-notes/aqa-a2-macro/2-4-3-central-banks-and-monetary-policy.html,True,,"AQA A-Level Economics 2.4.3 Central Banks, Monetary Policy",58,"Free AQA A-Level Economics revision notes (2.4.3). Covers central bank functions, monetary policy tools, quantitative easing and the transmission mechanism.",156,https://economicsacademy.co.uk/revision-notes/aqa-a2-macro/2-4-3-central-banks-and-monetary-policy.html,"AQA A-Level Economics 2.4.3 Central Banks, Monetary Policy",1,2.4.3 Central Banks and Monetary Policy,1331,10,61,2,True,
https://economicsacademy.co.uk/revision-notes/aqa-a2-macro/2-4-4-the-regulation-of-the-financial-system.html,200,,https://economicsacademy.co.uk/revision-notes/aqa-a2-macro/2-4-4-the-regulation-of-the-financial-system.html,https://economicsacademy.co.uk/revision-notes/aqa-a2-macro/2-4-4-the-regulation-of-the-financial-system.html,True,,AQA A-Level Economics 2.4.4 Regulating the Financial System,59,"Free AQA A-Level Economics revision notes for unit 2.4.4. Covers the Bank of England, PRA, FPC and FCA, liquidity and capital ratios, and systemic risk.",152,https://economicsacademy.co.uk/revision-notes/aqa-a2-macro/2-4-4-the-regulation-of-the-financial-system.html,AQA A-Level Economics 2.4.4 Regulating the Financial System,1,2.4.4 The Regulation of the Financial System,1304,9,36,2,True,
https://economicsacademy.co.uk/revision-notes/aqa-a2-macro/2-5-1-fiscal-policy.html,200,,https://economicsacademy.co.uk/revision-notes/aqa-a2-macro/2-5-1-fiscal-policy.html,https://economicsacademy.co.uk/revision-notes/aqa-a2-macro/2-5-1-fiscal-policy.html,True,,AQA A-Level Economics 2.5.1 Fiscal Policy,41,"Free AQA A-Level Economics revision notes (2.5.1). Covers the government budget, the Laffer curve, types of spending and taxes, national debt and the OBR.",154,https://economicsacademy.co.uk/revision-notes/aqa-a2-macro/2-5-1-fiscal-policy.html,AQA A-Level Economics 2.5.1 Fiscal Policy,1,2.5.1 Fiscal Policy,2512,12,116,2,True,
https://economicsacademy.co.uk/revision-notes/aqa-a2-macro/2-5-2-supply-side-policies.html,200,,https://economicsacademy.co.uk/revision-notes/aqa-a2-macro/2-5-2-supply-side-policies.html,https://economicsacademy.co.uk/revision-notes/aqa-a2-macro/2-5-2-supply-side-policies.html,True,,AQA A-Level Economics 2.5.2 Supply-Side Policies,48,Free AQA A-Level Economics revision notes (2.5.2). Covers market-based and interventionist policies and their impact on LRAS and macroeconomic objectives.,154,https://economicsacademy.co.uk/revision-notes/aqa-a2-macro/2-5-2-supply-side-policies.html,AQA A-Level Economics 2.5.2 Supply-Side Policies,1,2.5.2 Supply-Side Policies,1406,12,53,2,True,
https://economicsacademy.co.uk/revision-notes/aqa-a2-macro/2-6-1-globalisation.html,200,,https://economicsacademy.co.uk/revision-notes/aqa-a2-macro/2-6-1-globalisation.html,https://economicsacademy.co.uk/revision-notes/aqa-a2-macro/2-6-1-globalisation.html,True,,AQA A-Level Economics 2.6.1 Globalisation,41,"Free AQA A-Level Economics revision notes for unit 2.6.1. Covers the drivers of globalisation and its impact on consumers, workers, firms and the environment.",158,https://economicsacademy.co.uk/revision-notes/aqa-a2-macro/2-6-1-globalisation.html,AQA A-Level Economics 2.6.1 Globalisation,1,2.6.1 Globalisation,1045,10,41,2,True,
https://economicsacademy.co.uk/revision-notes/aqa-a2-macro/2-6-2-trade.html,200,,https://economicsacademy.co.uk/revision-notes/aqa-a2-macro/2-6-2-trade.html,https://economicsacademy.co.uk/revision-notes/aqa-a2-macro/2-6-2-trade.html,True,,AQA A-Level Economics 2.6.2 Trade,33,"AQA A-Level Economics 2.6.2 revision notes. Covers absolute and comparative advantage, protectionism, trading blocs and the role of the WTO. With diagrams.",155,https://economicsacademy.co.uk/revision-notes/aqa-a2-macro/2-6-2-trade.html,AQA A-Level Economics 2.6.2 Trade,1,2.6.2 Trade,1991,12,68,2,True,
https://economicsacademy.co.uk/revision-notes/aqa-a2-macro/2-6-3-the-balance-of-payments.html,200,,https://economicsacademy.co.uk/revision-notes/aqa-a2-macro/2-6-3-the-balance-of-payments.html,https://economicsacademy.co.uk/revision-notes/aqa-a2-macro/2-6-3-the-balance-of-payments.html,True,,AQA A-Level Economics 2.6.3 The Balance of Payments,51,"Free AQA A-Level Economics revision notes for unit 2.6.3. Covers the structure of the accounts, deficits and surpluses, their causes and corrective policies.",157,https://economicsacademy.co.uk/revision-notes/aqa-a2-macro/2-6-3-the-balance-of-payments.html,AQA A-Level Economics 2.6.3 The Balance of Payments,1,2.6.3 The Balance of Payments,1019,11,57,2,True,
https://economicsacademy.co.uk/revision-notes/aqa-a2-macro/2-6-4-exchange-rate-systems.html,200,,https://economicsacademy.co.uk/revision-notes/aqa-a2-macro/2-6-4-exchange-rate-systems.html,https://economicsacademy.co.uk/revision-notes/aqa-a2-macro/2-6-4-exchange-rate-systems.html,True,,AQA A-Level Economics 2.6.4 Exchange Rate Systems,49,"AQA A-Level Economics 2.6.4 revision notes. Covers floating, fixed and managed systems, appreciation and depreciation, and currency unions. With diagrams.",154,https://economicsacademy.co.uk/revision-notes/aqa-a2-macro/2-6-4-exchange-rate-systems.html,AQA A-Level Economics 2.6.4 Exchange Rate Systems,1,2.6.4 Exchange Rate Systems,1346,9,65,2,True,
https://economicsacademy.co.uk/revision-notes/aqa-a2-macro/2-6-5-economic-growth-and-development.html,200,,https://economicsacademy.co.uk/revision-notes/aqa-a2-macro/2-6-5-economic-growth-and-development.html,https://economicsacademy.co.uk/revision-notes/aqa-a2-macro/2-6-5-economic-growth-and-development.html,True,,AQA A-Level Economics 2.6.5 Economic Growth and Development,59,"Free AQA A-Level Economics revision notes (2.6.5). Covers growth versus development, HDI and other indicators, and market-led versus state-led strategies.",154,https://economicsacademy.co.uk/revision-notes/aqa-a2-macro/2-6-5-economic-growth-and-development.html,AQA A-Level Economics 2.6.5 Economic Growth and Development,1,2.6.5 Economic Growth and Development,2198,9,75,2,True,
https://economicsacademy.co.uk/revision-notes/aqa-a2-macro/index.html,200,,https://economicsacademy.co.uk/revision-notes/aqa-a2-macro/index.html,https://economicsacademy.co.uk/revision-notes/aqa-a2-macro/,False,,AQA A-Level Macroeconomics Revision Notes | National & International Economy | Economics Academy,96,"Free AQA A-Level Economics macroeconomics revision notes — macroeconomic performance, AD and AS, financial markets, fiscal and supply-side policies, and the international economy. Every topic covered, with links to detailed notes on each subtopic.",247,https://economicsacademy.co.uk/revision-notes/aqa-a2-macro/,AQA A-Level Macroeconomics Revision Notes | National & International Economy | Economics Academy,1,AQA A-Level Macroeconomics — The National and International Economy,301,28,80,1,True,
https://economicsacademy.co.uk/revision-notes/aqa-a2-micro/,200,,https://economicsacademy.co.uk/revision-notes/aqa-a2-micro/,https://economicsacademy.co.uk/revision-notes/aqa-a2-micro/,True,,"AQA A-Level Microeconomics Revision Notes | Individuals, Firms, Markets & Market Failure | Economics Academy",108,"Free AQA A-Level Economics microeconomics revision notes — individual decision making, price determination, market structures, labour markets, and government intervention. Every topic covered, with links to detailed notes on each subtopic.",239,https://economicsacademy.co.uk/revision-notes/aqa-a2-micro/,"AQA A-Level Microeconomics Revision Notes | Individuals, Firms, Markets & Market Failure | Economics Academy",1,"AQA A-Level Microeconomics — Individuals, Firms, Markets and Market Failure",547,57,0,1,False,
https://economicsacademy.co.uk/revision-notes/aqa-a2-micro/1-1-1-economic-methodology.html,200,,https://economicsacademy.co.uk/revision-notes/aqa-a2-micro/1-1-1-economic-methodology.html,https://economicsacademy.co.uk/revision-notes/aqa-a2-micro/1-1-1-economic-methodology.html,True,,AQA A-Level Economics 1.1.1 Economic Methodology,48,"Free AQA A-Level Economics revision notes (1.1.1). Covers economics as a social science, the role of models, ceteris paribus, and positive versus normative.",156,https://economicsacademy.co.uk/revision-notes/aqa-a2-micro/1-1-1-economic-methodology.html,AQA A-Level Economics 1.1.1 Economic Methodology,1,1.1.1 Economic Methodology,671,8,63,2,True,
https://economicsacademy.co.uk/revision-notes/aqa-a2-micro/1-1-2-the-nature-and-purpose-of-economic-activity.html,200,,https://economicsacademy.co.uk/revision-notes/aqa-a2-micro/1-1-2-the-nature-and-purpose-of-economic-activity.html,https://economicsacademy.co.uk/revision-notes/aqa-a2-micro/1-1-2-the-nature-and-purpose-of-economic-activity.html,True,,AQA A-Level Economics 1.1.2 The Purpose of Economic Activity,60,Free AQA A-Level Economics revision notes for unit 1.1.2. Covers the central purpose of economic activity and the three questions every economy must answer.,156,https://economicsacademy.co.uk/revision-notes/aqa-a2-micro/1-1-2-the-nature-and-purpose-of-economic-activity.html,AQA A-Level Economics 1.1.2 The Purpose of Economic Activity,1,1.1.2 The Nature and Purpose of Economic Activity,268,8,59,2,True,
https://economicsacademy.co.uk/revision-notes/aqa-a2-micro/1-1-3-economic-resources.html,200,,https://economicsacademy.co.uk/revision-notes/aqa-a2-micro/1-1-3-economic-resources.html,https://economicsacademy.co.uk/revision-notes/aqa-a2-micro/1-1-3-economic-resources.html,True,,AQA A-Level Economics 1.1.3 Economic Resources,46,"Free AQA A-Level Economics revision notes for unit 1.1.3. Covers land, labour, capital and enterprise, and why the environment is itself a scarce resource.",155,https://economicsacademy.co.uk/revision-notes/aqa-a2-micro/1-1-3-economic-resources.html,AQA A-Level Economics 1.1.3 Economic Resources,1,1.1.3 Economic Resources,357,8,64,2,True,
https://economicsacademy.co.uk/revision-notes/aqa-a2-micro/1-1-4-scarcity-choice-and-the-allocation-of-resources.html,200,,https://economicsacademy.co.uk/revision-notes/aqa-a2-micro/1-1-4-scarcity-choice-and-the-allocation-of-resources.html,https://economicsacademy.co.uk/revision-notes/aqa-a2-micro/1-1-4-scarcity-choice-and-the-allocation-of-resources.html,True,,"AQA A-Level Economics 1.1.4 Scarcity, Choice and Allocation",59,"Free AQA A-Level Economics revision notes for unit 1.1.4. Covers the basic economic problem, why choices must be made, and how opportunity cost arises.",151,https://economicsacademy.co.uk/revision-notes/aqa-a2-micro/1-1-4-scarcity-choice-and-the-allocation-of-resources.html,"AQA A-Level Economics 1.1.4 Scarcity, Choice and Allocation",1,"1.1.4 Scarcity, Choice and the Allocation of Resources",356,9,63,2,True,
https://economicsacademy.co.uk/revision-notes/aqa-a2-micro/1-1-5-production-possibility-diagrams.html,200,,https://economicsacademy.co.uk/revision-notes/aqa-a2-micro/1-1-5-production-possibility-diagrams.html,https://economicsacademy.co.uk/revision-notes/aqa-a2-micro/1-1-5-production-possibility-diagrams.html,True,,AQA A-Level Economics 1.1.5 Production Possibility Diagrams,59,"AQA A-Level Economics 1.1.5 revision notes. Covers what a PPF shows, points on and inside the curve, and shifts showing growth and decline. With diagrams.",154,https://economicsacademy.co.uk/revision-notes/aqa-a2-micro/1-1-5-production-possibility-diagrams.html,AQA A-Level Economics 1.1.5 Production Possibility Diagrams,1,1.1.5 Production Possibility Diagrams,661,10,65,2,True,
https://economicsacademy.co.uk/revision-notes/aqa-a2-micro/1-2-1-consumer-behaviour.html,200,,https://economicsacademy.co.uk/revision-notes/aqa-a2-micro/1-2-1-consumer-behaviour.html,https://economicsacademy.co.uk/revision-notes/aqa-a2-micro/1-2-1-consumer-behaviour.html,True,,AQA A-Level Economics 1.2.1 Consumer Behaviour,46,"Free AQA A-Level Economics revision notes for unit 1.2.1. Covers rational decision making, how agents are assumed to behave, and diminishing marginal utility.",158,https://economicsacademy.co.uk/revision-notes/aqa-a2-micro/1-2-1-consumer-behaviour.html,AQA A-Level Economics 1.2.1 Consumer Behaviour,1,1.2.1 Consumer Behaviour,661,9,64,2,True,
https://economicsacademy.co.uk/revision-notes/aqa-a2-micro/1-2-2-imperfect-information.html,200,,https://economicsacademy.co.uk/revision-notes/aqa-a2-micro/1-2-2-imperfect-information.html,https://economicsacademy.co.uk/revision-notes/aqa-a2-micro/1-2-2-imperfect-information.html,True,,AQA A-Level Economics 1.2.2 Imperfect Information,49,"Free AQA A-Level Economics revision notes for unit 1.2.2. Covers why information matters, information gaps, and the consequences of asymmetric information.",155,https://economicsacademy.co.uk/revision-notes/aqa-a2-micro/1-2-2-imperfect-information.html,AQA A-Level Economics 1.2.2 Imperfect Information,1,1.2.2 Imperfect Information,335,9,68,2,True,
https://economicsacademy.co.uk/revision-notes/aqa-a2-micro/1-2-3-aspects-of-behavioural-economic-theory.html,200,,https://economicsacademy.co.uk/revision-notes/aqa-a2-micro/1-2-3-aspects-of-behavioural-economic-theory.html,https://economicsacademy.co.uk/revision-notes/aqa-a2-micro/1-2-3-aspects-of-behavioural-economic-theory.html,True,,AQA A-Level Economics 1.2.3 Behavioural Economic Theory,55,Free AQA A-Level Economics revision notes for unit 1.2.3. Covers how behavioural economics challenges rationality and the biases that distort decisions.,152,https://economicsacademy.co.uk/revision-notes/aqa-a2-micro/1-2-3-aspects-of-behavioural-economic-theory.html,AQA A-Level Economics 1.2.3 Behavioural Economic Theory,1,1.2.3 Aspects of Behavioural Economic Theory,799,9,71,2,True,
https://economicsacademy.co.uk/revision-notes/aqa-a2-micro/1-2-4-behavioural-economics-and-economic-policy.html,200,,https://economicsacademy.co.uk/revision-notes/aqa-a2-micro/1-2-4-behavioural-economics-and-economic-policy.html,https://economicsacademy.co.uk/revision-notes/aqa-a2-micro/1-2-4-behavioural-economics-and-economic-policy.html,True,,AQA A-Level Economics 1.2.4 Behavioural Economics and Policy,60,"Free AQA A-Level Economics revision notes (1.2.4). Covers choice architecture, framing and nudges, and how they shape policy. Includes evaluation points.",153,https://economicsacademy.co.uk/revision-notes/aqa-a2-micro/1-2-4-behavioural-economics-and-economic-policy.html,AQA A-Level Economics 1.2.4 Behavioural Economics and Policy,1,1.2.4 Behavioural Economics and Economic Policy,415,10,67,2,True,
https://economicsacademy.co.uk/revision-notes/aqa-a2-micro/1-3-1-the-determinants-of-the-demand-for-goods-and-services.html,200,,https://economicsacademy.co.uk/revision-notes/aqa-a2-micro/1-3-1-the-determinants-of-the-demand-for-goods-and-services.html,https://economicsacademy.co.uk/revision-notes/aqa-a2-micro/1-3-1-the-determinants-of-the-demand-for-goods-and-services.html,True,,AQA A-Level Economics 1.3.1 The Determinants of Demand,54,"AQA A-Level Economics 1.3.1 revision notes. Covers the law of demand, the demand curve, the conditions of demand and marginal utility. With comparison tables.",158,https://economicsacademy.co.uk/revision-notes/aqa-a2-micro/1-3-1-the-determinants-of-the-demand-for-goods-and-services.html,AQA A-Level Economics 1.3.1 The Determinants of Demand,1,1.3.1 The Determinants of the Demand for Goods and Services,681,9,80,2,True,
https://economicsacademy.co.uk/revision-notes/aqa-a2-micro/1-3-2-price-income-and-cross-elasticities-of-demand.html,200,,https://economicsacademy.co.uk/revision-notes/aqa-a2-micro/1-3-2-price-income-and-cross-elasticities-of-demand.html,https://economicsacademy.co.uk/revision-notes/aqa-a2-micro/1-3-2-price-income-and-cross-elasticities-of-demand.html,True,,AQA A-Level Economics 1.3.2 Elasticities of Demand,50,"Revision notes for AQA A-Level Economics 1.3.2. Covers PED, YED and XED with formulas, worked calculations and their significance for firms. With diagrams.",155,https://economicsacademy.co.uk/revision-notes/aqa-a2-micro/1-3-2-price-income-and-cross-elasticities-of-demand.html,AQA A-Level Economics 1.3.2 Elasticities of Demand,1,"1.3.2 Price, Income and Cross Elasticities of Demand",994,9,70,2,True,
https://economicsacademy.co.uk/revision-notes/aqa-a2-micro/1-3-3-the-determinants-of-the-supply-of-goods-and-services.html,200,,https://economicsacademy.co.uk/revision-notes/aqa-a2-micro/1-3-3-the-determinants-of-the-supply-of-goods-and-services.html,https://economicsacademy.co.uk/revision-notes/aqa-a2-micro/1-3-3-the-determinants-of-the-supply-of-goods-and-services.html,True,,AQA A-Level Economics 1.3.3 The Determinants of Supply,54,"AQA A-Level Economics 1.3.3 revision notes. Covers the law of supply, movements along the curve, and the factors that shift supply. With exam-ready evaluation.",159,https://economicsacademy.co.uk/revision-notes/aqa-a2-micro/1-3-3-the-determinants-of-the-supply-of-goods-and-services.html,AQA A-Level Economics 1.3.3 The Determinants of Supply,1,1.3.3 The Determinants of the Supply of Goods and Services,610,9,63,2,True,
https://economicsacademy.co.uk/revision-notes/aqa-a2-micro/1-3-4-price-elasticity-of-supply.html,200,,https://economicsacademy.co.uk/revision-notes/aqa-a2-micro/1-3-4-price-elasticity-of-supply.html,https://economicsacademy.co.uk/revision-notes/aqa-a2-micro/1-3-4-price-elasticity-of-supply.html,True,,AQA A-Level Economics 1.3.4 Price Elasticity of Supply,54,"Free AQA A-Level Economics revision notes for unit 1.3.4. Covers the PES formula, interpreting values, its determinants and short-run versus long-run supply.",157,https://economicsacademy.co.uk/revision-notes/aqa-a2-micro/1-3-4-price-elasticity-of-supply.html,AQA A-Level Economics 1.3.4 Price Elasticity of Supply,1,1.3.4 Price Elasticity of Supply,754,9,64,2,True,
https://economicsacademy.co.uk/revision-notes/aqa-a2-micro/1-3-5-the-determination-of-equilibrium-market-prices.html,200,,https://economicsacademy.co.uk/revision-notes/aqa-a2-micro/1-3-5-the-determination-of-equilibrium-market-prices.html,https://economicsacademy.co.uk/revision-notes/aqa-a2-micro/1-3-5-the-determination-of-equilibrium-market-prices.html,True,,AQA A-Level Economics 1.3.5 Equilibrium Market Prices,53,"AQA A-Level Economics 1.3.5 revision notes. Covers how demand and supply set price and quantity, disequilibrium, and shifts in equilibrium. With diagrams.",154,https://economicsacademy.co.uk/revision-notes/aqa-a2-micro/1-3-5-the-determination-of-equilibrium-market-prices.html,AQA A-Level Economics 1.3.5 Equilibrium Market Prices,1,1.3.5 The Determination of Equilibrium Market Prices,677,9,89,2,True,
https://economicsacademy.co.uk/revision-notes/aqa-a2-micro/1-3-6-the-interrelationship-between-markets.html,200,,https://economicsacademy.co.uk/revision-notes/aqa-a2-micro/1-3-6-the-interrelationship-between-markets.html,https://economicsacademy.co.uk/revision-notes/aqa-a2-micro/1-3-6-the-interrelationship-between-markets.html,True,,AQA A-Level Economics 1.3.6 Interrelated Markets,48,"Free AQA A-Level Economics revision notes (1.3.6). Covers joint demand, competitive demand, composite demand, derived demand and joint supply. With diagrams.",157,https://economicsacademy.co.uk/revision-notes/aqa-a2-micro/1-3-6-the-interrelationship-between-markets.html,AQA A-Level Economics 1.3.6 Interrelated Markets,1,1.3.6 The Interrelationship between Markets,721,9,61,2,True,
https://economicsacademy.co.uk/revision-notes/aqa-a2-micro/1-4-1-production-and-productivity.html,200,,https://economicsacademy.co.uk/revision-notes/aqa-a2-micro/1-4-1-production-and-productivity.html,https://economicsacademy.co.uk/revision-notes/aqa-a2-micro/1-4-1-production-and-productivity.html,True,,AQA A-Level Economics 1.4.1 Production & Productivity,53,"Free AQA A-Level Economics revision notes for unit 1.4.1. Covers the meaning of production, how productivity is measured, and what raises labour productivity.",158,https://economicsacademy.co.uk/revision-notes/aqa-a2-micro/1-4-1-production-and-productivity.html,AQA A-Level Economics 1.4.1 Production & Productivity,1,1.4.1 Production & Productivity,305,9,63,2,True,
https://economicsacademy.co.uk/revision-notes/aqa-a2-micro/1-4-2-specialisation-division-of-labour-and-exchange.html,200,,https://economicsacademy.co.uk/revision-notes/aqa-a2-micro/1-4-2-specialisation-division-of-labour-and-exchange.html,https://economicsacademy.co.uk/revision-notes/aqa-a2-micro/1-4-2-specialisation-division-of-labour-and-exchange.html,True,,AQA A-Level Economics 1.4.2 Specialisation and Exchange,55,"Free AQA A-Level Economics revision notes for unit 1.4.2. Covers levels of specialisation, the gains and drawbacks of dividing labour, and money's functions.",157,https://economicsacademy.co.uk/revision-notes/aqa-a2-micro/1-4-2-specialisation-division-of-labour-and-exchange.html,AQA A-Level Economics 1.4.2 Specialisation and Exchange,1,"1.4.2 Specialisation, Division of Labour and Exchange",543,8,62,2,True,
https://economicsacademy.co.uk/revision-notes/aqa-a2-micro/1-4-3-the-law-of-diminishing-returns-and-returns-to-scale.html,200,,https://economicsacademy.co.uk/revision-notes/aqa-a2-micro/1-4-3-the-law-of-diminishing-returns-and-returns-to-scale.html,https://economicsacademy.co.uk/revision-notes/aqa-a2-micro/1-4-3-the-law-of-diminishing-returns-and-returns-to-scale.html,True,,AQA A-Level Economics 1.4.3 Diminishing Returns and Scale,57,"Free AQA A-Level Economics revision notes for unit 1.4.3. Covers the short run versus long run, marginal, average and total returns, and returns to scale.",154,https://economicsacademy.co.uk/revision-notes/aqa-a2-micro/1-4-3-the-law-of-diminishing-returns-and-returns-to-scale.html,AQA A-Level Economics 1.4.3 Diminishing Returns and Scale,1,1.4.3 The Law of Diminishing Returns and Returns to Scale,667,8,67,2,True,
https://economicsacademy.co.uk/revision-notes/aqa-a2-micro/1-4-4-costs-of-production.html,200,,https://economicsacademy.co.uk/revision-notes/aqa-a2-micro/1-4-4-costs-of-production.html,https://economicsacademy.co.uk/revision-notes/aqa-a2-micro/1-4-4-costs-of-production.html,True,,AQA A-Level Economics 1.4.4 Costs of Production,47,"AQA A-Level Economics 1.4.4 revision notes. Covers fixed, variable, marginal and average costs, the U-shaped curves and the SRAC-LRAC link. With diagrams.",154,https://economicsacademy.co.uk/revision-notes/aqa-a2-micro/1-4-4-costs-of-production.html,AQA A-Level Economics 1.4.4 Costs of Production,1,1.4.4 Costs of Production,857,12,79,2,True,
https://economicsacademy.co.uk/revision-notes/aqa-a2-micro/1-4-5-economies-and-diseconomies-of-scale.html,200,,https://economicsacademy.co.uk/revision-notes/aqa-a2-micro/1-4-5-economies-and-diseconomies-of-scale.html,https://economicsacademy.co.uk/revision-notes/aqa-a2-micro/1-4-5-economies-and-diseconomies-of-scale.html,True,,AQA A-Level Economics 1.4.5 Economies of Scale,46,"AQA A-Level Economics 1.4.5 revision notes. Covers the LRAC curve, internal and external economies, diseconomies and minimum efficient scale. With diagrams.",156,https://economicsacademy.co.uk/revision-notes/aqa-a2-micro/1-4-5-economies-and-diseconomies-of-scale.html,AQA A-Level Economics 1.4.5 Economies of Scale,1,1.4.5 Economies and Diseconomies of Scale,1229,9,76,2,True,
https://economicsacademy.co.uk/revision-notes/aqa-a2-micro/1-4-6-marginal-average-and-total-revenue.html,200,,https://economicsacademy.co.uk/revision-notes/aqa-a2-micro/1-4-6-marginal-average-and-total-revenue.html,https://economicsacademy.co.uk/revision-notes/aqa-a2-micro/1-4-6-marginal-average-and-total-revenue.html,True,,"AQA A-Level Economics 1.4.6 Marginal, Average, Total Revenue",60,"AQA A-Level Economics 1.4.6 revision notes. Covers total, average and marginal revenue under both perfect and imperfect competition. With annotated diagrams.",157,https://economicsacademy.co.uk/revision-notes/aqa-a2-micro/1-4-6-marginal-average-and-total-revenue.html,"AQA A-Level Economics 1.4.6 Marginal, Average, Total Revenue",1,"1.4.6 Marginal, Average and Total Revenue",489,9,62,2,True,
https://economicsacademy.co.uk/revision-notes/aqa-a2-micro/1-4-7-profit.html,200,,https://economicsacademy.co.uk/revision-notes/aqa-a2-micro/1-4-7-profit.html,https://economicsacademy.co.uk/revision-notes/aqa-a2-micro/1-4-7-profit.html,True,,AQA A-Level Economics 1.4.7 Profit,34,"Free AQA A-Level Economics revision notes for unit 1.4.7. Covers normal profit, supernormal profit and losses on firm diagrams, and profit's role in markets.",157,https://economicsacademy.co.uk/revision-notes/aqa-a2-micro/1-4-7-profit.html,AQA A-Level Economics 1.4.7 Profit,1,1.4.7 Profit,479,9,74,2,True,
https://economicsacademy.co.uk/revision-notes/aqa-a2-micro/1-4-8-technological-change.html,200,,https://economicsacademy.co.uk/revision-notes/aqa-a2-micro/1-4-8-technological-change.html,https://economicsacademy.co.uk/revision-notes/aqa-a2-micro/1-4-8-technological-change.html,True,,AQA A-Level Economics 1.4.8 Technological Change,48,Free AQA A-Level Economics revision notes for unit 1.4.8. Covers invention versus innovation and how technological change reshapes costs and market structure.,158,https://economicsacademy.co.uk/revision-notes/aqa-a2-micro/1-4-8-technological-change.html,AQA A-Level Economics 1.4.8 Technological Change,1,1.4.8 Technological Change,347,10,79,2,True,
https://economicsacademy.co.uk/revision-notes/aqa-a2-micro/1-5-1-market-structures.html,200,,https://economicsacademy.co.uk/revision-notes/aqa-a2-micro/1-5-1-market-structures.html,https://economicsacademy.co.uk/revision-notes/aqa-a2-micro/1-5-1-market-structures.html,True,,AQA A-Level Economics 1.5.1 Market Structures,45,Free AQA A-Level Economics revision notes for unit 1.5.1. Covers the spectrum from perfect competition to monopoly and the characteristics defining each.,153,https://economicsacademy.co.uk/revision-notes/aqa-a2-micro/1-5-1-market-structures.html,AQA A-Level Economics 1.5.1 Market Structures,1,1.5.1 Market Structures,336,11,65,2,True,
https://economicsacademy.co.uk/revision-notes/aqa-a2-micro/1-5-10-market-structure-efficiency-resource-allocation.html,200,,https://economicsacademy.co.uk/revision-notes/aqa-a2-micro/1-5-10-market-structure-efficiency-resource-allocation.html,https://economicsacademy.co.uk/revision-notes/aqa-a2-micro/1-5-10-market-structure-efficiency-resource-allocation.html,True,,AQA A-Level Economics 1.5.10 Efficiency and Market Structure,60,"Revision notes for AQA A-Level Economics 1.5.10. Covers allocative, productive, dynamic and X-inefficiency across different market structures. With diagrams.",157,https://economicsacademy.co.uk/revision-notes/aqa-a2-micro/1-5-10-market-structure-efficiency-resource-allocation.html,AQA A-Level Economics 1.5.10 Efficiency and Market Structure,1,"1.5.10 Market Structure, Static Efficiency, Dynamic Efficiency and Resource Allocation",614,10,80,2,True,
https://economicsacademy.co.uk/revision-notes/aqa-a2-micro/1-5-11-consumer-and-producer-surplus.html,200,,https://economicsacademy.co.uk/revision-notes/aqa-a2-micro/1-5-11-consumer-and-producer-surplus.html,https://economicsacademy.co.uk/revision-notes/aqa-a2-micro/1-5-11-consumer-and-producer-surplus.html,True,,AQA A-Level Economics 1.5.11 Consumer and Producer Surplus,58,"Free AQA A-Level Economics revision notes for unit 1.5.11. Covers surplus at equilibrium, how market changes shift it, and monopoly and price discrimination.",157,https://economicsacademy.co.uk/revision-notes/aqa-a2-micro/1-5-11-consumer-and-producer-surplus.html,AQA A-Level Economics 1.5.11 Consumer and Producer Surplus,1,1.5.11 Consumer and Producer Surplus,914,11,72,2,True,
https://economicsacademy.co.uk/revision-notes/aqa-a2-micro/1-5-2-the-objectives-of-firms.html,200,,https://economicsacademy.co.uk/revision-notes/aqa-a2-micro/1-5-2-the-objectives-of-firms.html,https://economicsacademy.co.uk/revision-notes/aqa-a2-micro/1-5-2-the-objectives-of-firms.html,True,,AQA A-Level Economics 1.5.2 The Objectives of Firms,51,"Free AQA A-Level Economics revision notes for unit 1.5.2. Covers profit, revenue and sales maximisation, satisficing, and the divorce of ownership and control.",159,https://economicsacademy.co.uk/revision-notes/aqa-a2-micro/1-5-2-the-objectives-of-firms.html,AQA A-Level Economics 1.5.2 The Objectives of Firms,1,1.5.2 The Objectives of Firms,784,10,65,2,True,
https://economicsacademy.co.uk/revision-notes/aqa-a2-micro/1-5-3-perfect-competition.html,200,,https://economicsacademy.co.uk/revision-notes/aqa-a2-micro/1-5-3-perfect-competition.html,https://economicsacademy.co.uk/revision-notes/aqa-a2-micro/1-5-3-perfect-competition.html,True,,AQA A-Level Economics 1.5.3 Perfect Competition,47,"Free AQA A-Level Economics revision notes for unit 1.5.3. Covers the assumptions, the firm's demand curve, short-run and long-run equilibrium, and efficiency.",158,https://economicsacademy.co.uk/revision-notes/aqa-a2-micro/1-5-3-perfect-competition.html,AQA A-Level Economics 1.5.3 Perfect Competition,1,1.5.3 Perfect Competition,757,10,68,2,True,
https://economicsacademy.co.uk/revision-notes/aqa-a2-micro/1-5-4-monopolistic-competition.html,200,,https://economicsacademy.co.uk/revision-notes/aqa-a2-micro/1-5-4-monopolistic-competition.html,https://economicsacademy.co.uk/revision-notes/aqa-a2-micro/1-5-4-monopolistic-competition.html,True,,AQA A-Level Economics 1.5.4 Monopolistic Competition,52,"Free AQA A-Level Economics revision notes for unit 1.5.4. Covers product differentiation, short-run profit, long-run normal profit and non-price competition.",157,https://economicsacademy.co.uk/revision-notes/aqa-a2-micro/1-5-4-monopolistic-competition.html,AQA A-Level Economics 1.5.4 Monopolistic Competition,1,1.5.4 Monopolistic Competition,862,11,68,2,True,
https://economicsacademy.co.uk/revision-notes/aqa-a2-micro/1-5-5-oligopoly.html,200,,https://economicsacademy.co.uk/revision-notes/aqa-a2-micro/1-5-5-oligopoly.html,https://economicsacademy.co.uk/revision-notes/aqa-a2-micro/1-5-5-oligopoly.html,True,,AQA A-Level Economics 1.5.5 Oligopoly,37,"Free AQA A-Level Economics revision notes (1.5.5). Covers concentration ratios, interdependence, and collusive versus non-collusive behaviour. With diagrams.",157,https://economicsacademy.co.uk/revision-notes/aqa-a2-micro/1-5-5-oligopoly.html,AQA A-Level Economics 1.5.5 Oligopoly,1,1.5.5 Oligopoly,1114,11,90,2,True,
https://economicsacademy.co.uk/revision-notes/aqa-a2-micro/1-5-6-monopoly-and-monopoly-power.html,200,,https://economicsacademy.co.uk/revision-notes/aqa-a2-micro/1-5-6-monopoly-and-monopoly-power.html,https://economicsacademy.co.uk/revision-notes/aqa-a2-micro/1-5-6-monopoly-and-monopoly-power.html,True,,AQA A-Level Economics 1.5.6 Monopoly and Monopoly Power,55,"AQA A-Level Economics 1.5.6 revision notes. Covers the characteristics of monopoly, profit maximisation, monopoly power and natural monopoly. With diagrams.",156,https://economicsacademy.co.uk/revision-notes/aqa-a2-micro/1-5-6-monopoly-and-monopoly-power.html,AQA A-Level Economics 1.5.6 Monopoly and Monopoly Power,1,1.5.6 Monopoly and Monopoly Power,854,11,81,2,True,
https://economicsacademy.co.uk/revision-notes/aqa-a2-micro/1-5-7-price-discrimination.html,200,,https://economicsacademy.co.uk/revision-notes/aqa-a2-micro/1-5-7-price-discrimination.html,https://economicsacademy.co.uk/revision-notes/aqa-a2-micro/1-5-7-price-discrimination.html,True,,AQA A-Level Economics 1.5.7 Price Discrimination,48,"Revision notes for AQA A-Level Economics 1.5.7. Covers first, second and third-degree price discrimination and the conditions required for it. With diagrams.",157,https://economicsacademy.co.uk/revision-notes/aqa-a2-micro/1-5-7-price-discrimination.html,AQA A-Level Economics 1.5.7 Price Discrimination,1,1.5.7 Price Discrimination,615,11,68,2,True,
https://economicsacademy.co.uk/revision-notes/aqa-a2-micro/1-5-8-the-dynamics-of-competition-and-competitive-market-processes.html,200,,https://economicsacademy.co.uk/revision-notes/aqa-a2-micro/1-5-8-the-dynamics-of-competition-and-competitive-market-processes.html,https://economicsacademy.co.uk/revision-notes/aqa-a2-micro/1-5-8-the-dynamics-of-competition-and-competitive-market-processes.html,True,,AQA A-Level Economics 1.5.8 The Dynamics of Competition,55,Free AQA A-Level Economics revision notes for unit 1.5.8. Covers the short-run and long-run benefits of competition and the process of creative destruction.,156,https://economicsacademy.co.uk/revision-notes/aqa-a2-micro/1-5-8-the-dynamics-of-competition-and-competitive-market-processes.html,AQA A-Level Economics 1.5.8 The Dynamics of Competition,1,1.5.8 The Dynamics of Competition and Competitive Market Processes,414,9,64,2,True,
https://economicsacademy.co.uk/revision-notes/aqa-a2-micro/1-5-9-contestable-and-non-contestable-markets.html,200,,https://economicsacademy.co.uk/revision-notes/aqa-a2-micro/1-5-9-contestable-and-non-contestable-markets.html,https://economicsacademy.co.uk/revision-notes/aqa-a2-micro/1-5-9-contestable-and-non-contestable-markets.html,True,,AQA A-Level Economics 1.5.9 Contestable Markets,47,"Free AQA A-Level Economics revision notes for unit 1.5.9. Covers contestability, hit-and-run entry, barriers to entry, and sunk costs as the barrier to exit.",157,https://economicsacademy.co.uk/revision-notes/aqa-a2-micro/1-5-9-contestable-and-non-contestable-markets.html,AQA A-Level Economics 1.5.9 Contestable Markets,1,1.5.9 Contestable and Non-Contestable Markets,731,11,65,2,True,
https://economicsacademy.co.uk/revision-notes/aqa-a2-micro/1-6-1-the-demand-for-labour-marginal-productivity-theory.html,200,,https://economicsacademy.co.uk/revision-notes/aqa-a2-micro/1-6-1-the-demand-for-labour-marginal-productivity-theory.html,https://economicsacademy.co.uk/revision-notes/aqa-a2-micro/1-6-1-the-demand-for-labour-marginal-productivity-theory.html,True,,AQA A-Level Economics 1.6.1 The Demand for Labour and MRP,57,"Free AQA A-Level Economics revision notes for unit 1.6.1. Covers derived demand, marginal revenue product theory, shifts in labour demand and wage elasticity.",158,https://economicsacademy.co.uk/revision-notes/aqa-a2-micro/1-6-1-the-demand-for-labour-marginal-productivity-theory.html,AQA A-Level Economics 1.6.1 The Demand for Labour and MRP,1,"1.6.1 The Demand for Labour, Marginal Productivity Theory",708,10,69,2,True,
https://economicsacademy.co.uk/revision-notes/aqa-a2-micro/1-6-2-influence-upon-the-supply-of-labour-to-different-markets.html,200,,https://economicsacademy.co.uk/revision-notes/aqa-a2-micro/1-6-2-influence-upon-the-supply-of-labour-to-different-markets.html,https://economicsacademy.co.uk/revision-notes/aqa-a2-micro/1-6-2-influence-upon-the-supply-of-labour-to-different-markets.html,True,,AQA A-Level Economics 1.6.2 The Supply of Labour,48,"AQA A-Level Economics 1.6.2 revision notes. Covers the labour supply curve, what shifts it, labour immobility and wage elasticity of supply. With diagrams.",155,https://economicsacademy.co.uk/revision-notes/aqa-a2-micro/1-6-2-influence-upon-the-supply-of-labour-to-different-markets.html,AQA A-Level Economics 1.6.2 The Supply of Labour,1,1.6.2 Influence upon the Supply of Labour to Different Markets,833,10,93,2,True,
https://economicsacademy.co.uk/revision-notes/aqa-a2-micro/1-6-3-wage-determination-perfectly-competitive-labour-markets.html,200,,https://economicsacademy.co.uk/revision-notes/aqa-a2-micro/1-6-3-wage-determination-perfectly-competitive-labour-markets.html,https://economicsacademy.co.uk/revision-notes/aqa-a2-micro/1-6-3-wage-determination-perfectly-competitive-labour-markets.html,True,,AQA A-Level Economics 1.6.3 Competitive Wage Determination,58,Revision notes for AQA A-Level Economics 1.6.3. Covers how market forces set the wage and level of employment in a competitive labour market. With diagrams.,156,https://economicsacademy.co.uk/revision-notes/aqa-a2-micro/1-6-3-wage-determination-perfectly-competitive-labour-markets.html,AQA A-Level Economics 1.6.3 Competitive Wage Determination,1,1.6.3 The Determination of Relative Wage rates and Levels of Employment in Perfectly Competitive Labour Markets,454,9,65,2,True,
https://economicsacademy.co.uk/revision-notes/aqa-a2-micro/1-6-4-wage-determination-imperfectly-competitive-labour-markets.html,200,,https://economicsacademy.co.uk/revision-notes/aqa-a2-micro/1-6-4-wage-determination-imperfectly-competitive-labour-markets.html,https://economicsacademy.co.uk/revision-notes/aqa-a2-micro/1-6-4-wage-determination-imperfectly-competitive-labour-markets.html,True,,AQA A-Level Economics 1.6.4 Wage Determination: Monopsony,57,Free AQA A-Level Economics revision notes for unit 1.6.4. Covers why labour markets are imperfect and how a monopsonist sets wages below the competitive level.,159,https://economicsacademy.co.uk/revision-notes/aqa-a2-micro/1-6-4-wage-determination-imperfectly-competitive-labour-markets.html,AQA A-Level Economics 1.6.4 Wage Determination: Monopsony,1,1.6.4 The Determination of Relative Wage rates and Levels of Employment in Imperfectly Competitive Labour Markets,522,11,65,2,True,
https://economicsacademy.co.uk/revision-notes/aqa-a2-micro/1-6-5-the-influence-of-trade-unions-in-determining-wages-and-levels-of-employment.html,200,,https://economicsacademy.co.uk/revision-notes/aqa-a2-micro/1-6-5-the-influence-of-trade-unions-in-determining-wages-and-levels-of-employment.html,https://economicsacademy.co.uk/revision-notes/aqa-a2-micro/1-6-5-the-influence-of-trade-unions-in-determining-wages-and-levels-of-employment.html,True,,AQA A-Level Economics 1.6.5 Trade Unions and Wages,50,AQA A-Level Economics 1.6.5 revision notes. Covers how unions raise wages and their differing effects in competitive and monopsony markets. With diagrams.,154,https://economicsacademy.co.uk/revision-notes/aqa-a2-micro/1-6-5-the-influence-of-trade-unions-in-determining-wages-and-levels-of-employment.html,AQA A-Level Economics 1.6.5 Trade Unions and Wages,1,1.6.5 The Influence of Trade Unions in Determining Wages and Levels of Employment,504,10,71,2,True,
https://economicsacademy.co.uk/revision-notes/aqa-a2-micro/1-6-6-the-national-minimum-wage.html,200,,https://economicsacademy.co.uk/revision-notes/aqa-a2-micro/1-6-6-the-national-minimum-wage.html,https://economicsacademy.co.uk/revision-notes/aqa-a2-micro/1-6-6-the-national-minimum-wage.html,True,,AQA A-Level Economics 1.6.6 The National Minimum Wage,53,AQA A-Level Economics 1.6.6 revision notes. Covers how the minimum wage is set and its effects on workers and employers in different markets. With diagrams.,156,https://economicsacademy.co.uk/revision-notes/aqa-a2-micro/1-6-6-the-national-minimum-wage.html,AQA A-Level Economics 1.6.6 The National Minimum Wage,1,1.6.6 The National Minimum Wage,422,9,61,2,True,
https://economicsacademy.co.uk/revision-notes/aqa-a2-micro/1-6-7-discrimination-in-the-labour-market.html,200,,https://economicsacademy.co.uk/revision-notes/aqa-a2-micro/1-6-7-discrimination-in-the-labour-market.html,https://economicsacademy.co.uk/revision-notes/aqa-a2-micro/1-6-7-discrimination-in-the-labour-market.html,True,,AQA A-Level Economics 1.6.7 Labour Market Discrimination,56,"Free AQA A-Level Economics revision notes for unit 1.6.7. Covers wage discrimination, the conditions that allow it, and its impact on wages and employment.",155,https://economicsacademy.co.uk/revision-notes/aqa-a2-micro/1-6-7-discrimination-in-the-labour-market.html,AQA A-Level Economics 1.6.7 Labour Market Discrimination,1,1.6.7 Discrimination in the Labour Market,522,10,81,2,True,
https://economicsacademy.co.uk/revision-notes/aqa-a2-micro/1-7-1-the-distribution-of-income-and-wealth.html,200,,https://economicsacademy.co.uk/revision-notes/aqa-a2-micro/1-7-1-the-distribution-of-income-and-wealth.html,https://economicsacademy.co.uk/revision-notes/aqa-a2-micro/1-7-1-the-distribution-of-income-and-wealth.html,True,,AQA A-Level Economics 1.7.1 Income and Wealth Distribution,58,"AQA A-Level Economics 1.7.1 revision notes. Covers income versus wealth, the Lorenz curve and Gini coefficient, and the Kuznets curve. With comparison tables.",158,https://economicsacademy.co.uk/revision-notes/aqa-a2-micro/1-7-1-the-distribution-of-income-and-wealth.html,AQA A-Level Economics 1.7.1 Income and Wealth Distribution,1,1.7.1 The Distribution of Income and Wealth,1081,9,84,2,True,
https://economicsacademy.co.uk/revision-notes/aqa-a2-micro/1-7-2-the-problem-of-poverty.html,200,,https://economicsacademy.co.uk/revision-notes/aqa-a2-micro/1-7-2-the-problem-of-poverty.html,https://economicsacademy.co.uk/revision-notes/aqa-a2-micro/1-7-2-the-problem-of-poverty.html,True,,AQA A-Level Economics 1.7.2 The Problem of Poverty,50,"Free AQA A-Level Economics revision notes for unit 1.7.2. Covers absolute and relative poverty, the poverty trap, and the economic consequences of poverty.",155,https://economicsacademy.co.uk/revision-notes/aqa-a2-micro/1-7-2-the-problem-of-poverty.html,AQA A-Level Economics 1.7.2 The Problem of Poverty,1,1.7.2 The Problem of Poverty,459,9,72,2,True,
https://economicsacademy.co.uk/revision-notes/aqa-a2-micro/1-7-3-government-policies-poverty-income-distribution.html,200,,https://economicsacademy.co.uk/revision-notes/aqa-a2-micro/1-7-3-government-policies-poverty-income-distribution.html,https://economicsacademy.co.uk/revision-notes/aqa-a2-micro/1-7-3-government-policies-poverty-income-distribution.html,True,,AQA A-Level Economics 1.7.3 Policies to Reduce Poverty,54,"Free AQA A-Level Economics revision notes for unit 1.7.3. Covers taxes, benefits, the minimum wage, education and public services, with evaluation of each.",155,https://economicsacademy.co.uk/revision-notes/aqa-a2-micro/1-7-3-government-policies-poverty-income-distribution.html,AQA A-Level Economics 1.7.3 Policies to Reduce Poverty,1,1.7.3 Government Policies to Alleviate Poverty and to Influence the Distribution of Income and Wealth,516,9,69,2,True,
https://economicsacademy.co.uk/revision-notes/aqa-a2-micro/1-8-1-how-markets-and-prices-allocate-resources.html,200,,https://economicsacademy.co.uk/revision-notes/aqa-a2-micro/1-8-1-how-markets-and-prices-allocate-resources.html,https://economicsacademy.co.uk/revision-notes/aqa-a2-micro/1-8-1-how-markets-and-prices-allocate-resources.html,True,,AQA A-Level Economics 1.8.1 How Prices Allocate Resources,57,"Revision notes for AQA A-Level Economics 1.8.1. Covers the rationing, incentive and signalling functions of prices, and the limits of markets. With diagrams.",157,https://economicsacademy.co.uk/revision-notes/aqa-a2-micro/1-8-1-how-markets-and-prices-allocate-resources.html,AQA A-Level Economics 1.8.1 How Prices Allocate Resources,1,1.8.1 How Markets and Prices Allocate Resources,829,9,62,2,True,
https://economicsacademy.co.uk/revision-notes/aqa-a2-micro/1-8-10-government-failure.html,200,,https://economicsacademy.co.uk/revision-notes/aqa-a2-micro/1-8-10-government-failure.html,https://economicsacademy.co.uk/revision-notes/aqa-a2-micro/1-8-10-government-failure.html,True,,AQA A-Level Economics 1.8.10 Government Failure,47,Free AQA A-Level Economics revision notes for unit 1.8.10. Covers how intervention meant to correct market failure can create a larger net welfare loss.,152,https://economicsacademy.co.uk/revision-notes/aqa-a2-micro/1-8-10-government-failure.html,AQA A-Level Economics 1.8.10 Government Failure,1,1.8.10 Government Failure,492,11,62,2,True,
https://economicsacademy.co.uk/revision-notes/aqa-a2-micro/1-8-2-the-meaning-of-market-failure.html,200,,https://economicsacademy.co.uk/revision-notes/aqa-a2-micro/1-8-2-the-meaning-of-market-failure.html,https://economicsacademy.co.uk/revision-notes/aqa-a2-micro/1-8-2-the-meaning-of-market-failure.html,True,,AQA A-Level Economics 1.8.2 The Meaning of Market Failure,57,"Free AQA A-Level Economics revision notes for unit 1.8.2. Covers what market failure means and its main causes across goods, information and monopoly power.",156,https://economicsacademy.co.uk/revision-notes/aqa-a2-micro/1-8-2-the-meaning-of-market-failure.html,AQA A-Level Economics 1.8.2 The Meaning of Market Failure,1,1.8.2 The Meaning of Market Failure,700,12,75,2,True,
https://economicsacademy.co.uk/revision-notes/aqa-a2-micro/1-8-3-public-goods-private-goods-and-quasi-public-goods.html,200,,https://economicsacademy.co.uk/revision-notes/aqa-a2-micro/1-8-3-public-goods-private-goods-and-quasi-public-goods.html,https://economicsacademy.co.uk/revision-notes/aqa-a2-micro/1-8-3-public-goods-private-goods-and-quasi-public-goods.html,True,,AQA A-Level Economics 1.8.3 Public and Quasi-Public Goods,57,"Free AQA A-Level Economics revision notes for unit 1.8.3. Covers non-excludability and non-rivalry, the free rider problem and the tragedy of the commons.",154,https://economicsacademy.co.uk/revision-notes/aqa-a2-micro/1-8-3-public-goods-private-goods-and-quasi-public-goods.html,AQA A-Level Economics 1.8.3 Public and Quasi-Public Goods,1,"1.8.3 Public Goods, Private Goods and Quasi-Public Goods",724,10,69,2,True,
https://economicsacademy.co.uk/revision-notes/aqa-a2-micro/1-8-4-positive-and-negative-externalities-in-consumption-and-production.html,200,,https://economicsacademy.co.uk/revision-notes/aqa-a2-micro/1-8-4-positive-and-negative-externalities-in-consumption-and-production.html,https://economicsacademy.co.uk/revision-notes/aqa-a2-micro/1-8-4-positive-and-negative-externalities-in-consumption-and-production.html,True,,AQA A-Level Economics 1.8.4 Externalities,41,"AQA A-Level Economics 1.8.4 revision notes. Covers external costs and benefits in production and consumption, welfare loss and intervention. With diagrams.",155,https://economicsacademy.co.uk/revision-notes/aqa-a2-micro/1-8-4-positive-and-negative-externalities-in-consumption-and-production.html,AQA A-Level Economics 1.8.4 Externalities,1,1.8.4 Positive and Negative Externalities in Consumption and Production,1773,11,104,2,True,
https://economicsacademy.co.uk/revision-notes/aqa-a2-micro/1-8-5-merit-and-demerit-goods.html,200,,https://economicsacademy.co.uk/revision-notes/aqa-a2-micro/1-8-5-merit-and-demerit-goods.html,https://economicsacademy.co.uk/revision-notes/aqa-a2-micro/1-8-5-merit-and-demerit-goods.html,True,,AQA A-Level Economics 1.8.5 Merit and Demerit Goods,51,Free AQA A-Level Economics revision notes for unit 1.8.5. Covers why merit and demerit goods are over- or under-consumed and the role of imperfect information.,159,https://economicsacademy.co.uk/revision-notes/aqa-a2-micro/1-8-5-merit-and-demerit-goods.html,AQA A-Level Economics 1.8.5 Merit and Demerit Goods,1,1.8.5 Merit and Demerit Goods,1044,11,67,2,True,
https://economicsacademy.co.uk/revision-notes/aqa-a2-micro/1-8-6-market-imperfections.html,200,,https://economicsacademy.co.uk/revision-notes/aqa-a2-micro/1-8-6-market-imperfections.html,https://economicsacademy.co.uk/revision-notes/aqa-a2-micro/1-8-6-market-imperfections.html,True,,AQA A-Level Economics 1.8.6 Market Imperfections,48,"Free AQA A-Level Economics revision notes for unit 1.8.6. Covers asymmetric information, monopoly power and factor immobility as sources of market failure.",155,https://economicsacademy.co.uk/revision-notes/aqa-a2-micro/1-8-6-market-imperfections.html,AQA A-Level Economics 1.8.6 Market Imperfections,1,1.8.6 Market Imperfections,754,11,69,2,True,
https://economicsacademy.co.uk/revision-notes/aqa-a2-micro/1-8-7-competition-policy.html,200,,https://economicsacademy.co.uk/revision-notes/aqa-a2-micro/1-8-7-competition-policy.html,https://economicsacademy.co.uk/revision-notes/aqa-a2-micro/1-8-7-competition-policy.html,True,,AQA A-Level Economics 1.8.7 Competition Policy,46,"Free AQA A-Level Economics revision notes for unit 1.8.7. Covers the aims of competition policy, control of monopolies and mergers, and policy evaluation.",154,https://economicsacademy.co.uk/revision-notes/aqa-a2-micro/1-8-7-competition-policy.html,AQA A-Level Economics 1.8.7 Competition Policy,1,1.8.7 Competition Policy,1413,9,64,2,True,
https://economicsacademy.co.uk/revision-notes/aqa-a2-micro/1-8-8-public-ownership-privatisation-regulation-and-deregulation-of-markets.html,200,,https://economicsacademy.co.uk/revision-notes/aqa-a2-micro/1-8-8-public-ownership-privatisation-regulation-and-deregulation-of-markets.html,https://economicsacademy.co.uk/revision-notes/aqa-a2-micro/1-8-8-public-ownership-privatisation-regulation-and-deregulation-of-markets.html,True,,AQA A-Level Economics 1.8.8 Privatisation and Regulation,56,"Revision notes for AQA A-Level Economics 1.8.8. Covers public ownership versus privatisation, regulation, deregulation and regulatory capture. With diagrams.",157,https://economicsacademy.co.uk/revision-notes/aqa-a2-micro/1-8-8-public-ownership-privatisation-regulation-and-deregulation-of-markets.html,AQA A-Level Economics 1.8.8 Privatisation and Regulation,1,"1.8.8 Public Ownership, Privatisation, Regulation and Deregulation of Markets",945,11,77,2,True,
https://economicsacademy.co.uk/revision-notes/aqa-a2-micro/1-8-9-government-intervention-in-markets.html,200,,https://economicsacademy.co.uk/revision-notes/aqa-a2-micro/1-8-9-government-intervention-in-markets.html,https://economicsacademy.co.uk/revision-notes/aqa-a2-micro/1-8-9-government-intervention-in-markets.html,True,,AQA A-Level Economics 1.8.9 Government Intervention,51,"AQA A-Level Economics 1.8.9 revision notes. Covers indirect taxes, subsidies, maximum and minimum prices and other corrective tools. With annotated diagrams.",157,https://economicsacademy.co.uk/revision-notes/aqa-a2-micro/1-8-9-government-intervention-in-markets.html,AQA A-Level Economics 1.8.9 Government Intervention,1,1.8.9 Government Intervention in Markets,1224,12,103,2,True,
https://economicsacademy.co.uk/revision-notes/aqa-a2-micro/index.html,200,,https://economicsacademy.co.uk/revision-notes/aqa-a2-micro/index.html,https://economicsacademy.co.uk/revision-notes/aqa-a2-micro/,False,,"AQA A-Level Microeconomics Revision Notes | Individuals, Firms, Markets & Market Failure | Economics Academy",108,"Free AQA A-Level Economics microeconomics revision notes — individual decision making, price determination, market structures, labour markets, and government intervention. Every topic covered, with links to detailed notes on each subtopic.",239,https://economicsacademy.co.uk/revision-notes/aqa-a2-micro/,"AQA A-Level Microeconomics Revision Notes | Individuals, Firms, Markets & Market Failure | Economics Academy",1,"AQA A-Level Microeconomics — Individuals, Firms, Markets and Market Failure",547,57,167,1,True,
https://economicsacademy.co.uk/revision-notes/edexcel-theme-1/,200,,https://economicsacademy.co.uk/revision-notes/edexcel-theme-1/,https://economicsacademy.co.uk/revision-notes/edexcel-theme-1/,True,,Edexcel Theme 1 Revision Notes | Markets & Market Failure | Economics Academy,77,"Free Edexcel A-Level Economics Theme 1 revision notes — markets, market failure, and government intervention. Every topic covered, with links to detailed notes on each subtopic.",177,https://economicsacademy.co.uk/revision-notes/edexcel-theme-1/,Edexcel Theme 1 Revision Notes | Markets & Market Failure | Economics Academy,1,Edexcel Theme 1: Introduction to Markets and Market Failure,243,25,0,1,False,
https://economicsacademy.co.uk/revision-notes/edexcel-theme-1/1-1-1-economics-as-a-social-science.html,200,,https://economicsacademy.co.uk/revision-notes/edexcel-theme-1/1-1-1-economics-as-a-social-science.html,https://economicsacademy.co.uk/revision-notes/edexcel-theme-1/1-1-1-economics-as-a-social-science.html,True,,Edexcel A-Level Economics 1.1.1 The Nature of Economics,55,"Edexcel A-Level Economics 1.1.1 revision notes. Covers how economists build models, the role of assumptions and of ceteris paribus. Includes evaluation points.",159,https://economicsacademy.co.uk/revision-notes/edexcel-theme-1/1-1-1-economics-as-a-social-science.html,Edexcel A-Level Economics 1.1.1 The Nature of Economics,1,Economics as a Social Science,514,8,28,2,True,
https://economicsacademy.co.uk/revision-notes/edexcel-theme-1/1-1-2-positive-normative-statements.html,200,,https://economicsacademy.co.uk/revision-notes/edexcel-theme-1/1-1-2-positive-normative-statements.html,https://economicsacademy.co.uk/revision-notes/edexcel-theme-1/1-1-2-positive-normative-statements.html,True,,Edexcel A-Level Economics 1.1.2 Positive vs Normative,53,Free Edexcel A-Level Economics revision notes for unit 1.1.2. Covers fact-based versus value-based claims and the role of value judgements in shaping policy.,157,https://economicsacademy.co.uk/revision-notes/edexcel-theme-1/1-1-2-positive-normative-statements.html,Edexcel A-Level Economics 1.1.2 Positive vs Normative,1,Positive and Normative Statements,414,9,34,2,True,
https://economicsacademy.co.uk/revision-notes/edexcel-theme-1/1-1-3-the-economic-problem.html,200,,https://economicsacademy.co.uk/revision-notes/edexcel-theme-1/1-1-3-the-economic-problem.html,https://economicsacademy.co.uk/revision-notes/edexcel-theme-1/1-1-3-the-economic-problem.html,True,,Edexcel A-Level Economics 1.1.3 The Economic Problem,52,"Revision notes for Edexcel A-Level Economics 1.1.3. Covers scarcity, the factors of production, opportunity cost, and renewable versus non-renewable resources.",159,https://economicsacademy.co.uk/revision-notes/edexcel-theme-1/1-1-3-the-economic-problem.html,Edexcel A-Level Economics 1.1.3 The Economic Problem,1,The Economic Problem,450,9,48,2,True,
https://economicsacademy.co.uk/revision-notes/edexcel-theme-1/1-1-4-production-possibility-frontiers.html,200,,https://economicsacademy.co.uk/revision-notes/edexcel-theme-1/1-1-4-production-possibility-frontiers.html,https://economicsacademy.co.uk/revision-notes/edexcel-theme-1/1-1-4-production-possibility-frontiers.html,True,,Edexcel A-Level Economics 1.1.4 Production Possibility Frontiers,64,"Revision notes for Edexcel A-Level Economics 1.1.4. Covers movements along versus shifts of the PPF, capital versus consumer goods and productive efficiency.",157,https://economicsacademy.co.uk/revision-notes/edexcel-theme-1/1-1-4-production-possibility-frontiers.html,Edexcel A-Level Economics 1.1.4 Production Possibility Frontiers,1,Production Possibility Frontiers,655,9,33,2,True,
https://economicsacademy.co.uk/revision-notes/edexcel-theme-1/1-1-5-specialisation-division-of-labour.html,200,,https://economicsacademy.co.uk/revision-notes/edexcel-theme-1/1-1-5-specialisation-division-of-labour.html,https://economicsacademy.co.uk/revision-notes/edexcel-theme-1/1-1-5-specialisation-division-of-labour.html,True,,Edexcel A-Level Economics 1.1.5 Division of Labour,50,"Free Edexcel A-Level Economics revision notes (1.1.5). Covers Adam Smith's pin factory, the gains and drawbacks of specialising, and the functions of money.",156,https://economicsacademy.co.uk/revision-notes/edexcel-theme-1/1-1-5-specialisation-division-of-labour.html,Edexcel A-Level Economics 1.1.5 Division of Labour,1,Specialisation and the Division of Labour,563,8,32,2,True,
https://economicsacademy.co.uk/revision-notes/edexcel-theme-1/1-1-6-types-of-economies.html,200,,https://economicsacademy.co.uk/revision-notes/edexcel-theme-1/1-1-6-types-of-economies.html,https://economicsacademy.co.uk/revision-notes/edexcel-theme-1/1-1-6-types-of-economies.html,True,,Edexcel A-Level Economics 1.1.6 Types of Economies,50,"Free Edexcel A-Level Economics revision notes for unit 1.1.6. Covers free market, mixed and command economies, and the trade-off between efficiency and equity.",159,https://economicsacademy.co.uk/revision-notes/edexcel-theme-1/1-1-6-types-of-economies.html,Edexcel A-Level Economics 1.1.6 Types of Economies,1,Types of Economies,507,8,50,2,True,
https://economicsacademy.co.uk/revision-notes/edexcel-theme-1/1-2-1-rational-decision-making.html,200,,https://economicsacademy.co.uk/revision-notes/edexcel-theme-1/1-2-1-rational-decision-making.html,https://economicsacademy.co.uk/revision-notes/edexcel-theme-1/1-2-1-rational-decision-making.html,True,,Edexcel A-Level Economics 1.2.1 Rational Decision Making,56,Revision notes for Edexcel A-Level Economics 1.2.1. Covers the rationality assumption for consumers and firms and how behavioural economics challenges it.,154,https://economicsacademy.co.uk/revision-notes/edexcel-theme-1/1-2-1-rational-decision-making.html,Edexcel A-Level Economics 1.2.1 Rational Decision Making,1,Rational Decision Making,405,9,43,2,True,
https://economicsacademy.co.uk/revision-notes/edexcel-theme-1/1-2-10-alternative-views-of-consumer-behaviour.html,200,,https://economicsacademy.co.uk/revision-notes/edexcel-theme-1/1-2-10-alternative-views-of-consumer-behaviour.html,https://economicsacademy.co.uk/revision-notes/edexcel-theme-1/1-2-10-alternative-views-of-consumer-behaviour.html,True,,Edexcel A-Level Economics 1.2.10 Consumer Behaviour,51,"Free Edexcel A-Level Economics revision notes (1.2.10). Covers herding, inertia, habit and bounded rationality, and what they mean for the rational model.",154,https://economicsacademy.co.uk/revision-notes/edexcel-theme-1/1-2-10-alternative-views-of-consumer-behaviour.html,Edexcel A-Level Economics 1.2.10 Consumer Behaviour,1,Alternative Views of Consumer Behaviour,610,10,32,2,True,
https://economicsacademy.co.uk/revision-notes/edexcel-theme-1/1-2-2-demand.html,200,,https://economicsacademy.co.uk/revision-notes/edexcel-theme-1/1-2-2-demand.html,https://economicsacademy.co.uk/revision-notes/edexcel-theme-1/1-2-2-demand.html,True,,Edexcel A-Level Economics 1.2.2 Demand,38,"Free Edexcel A-Level Economics revision notes for unit 1.2.2. Covers the law of demand, the conditions that shift the curve, and diminishing marginal utility.",158,https://economicsacademy.co.uk/revision-notes/edexcel-theme-1/1-2-2-demand.html,Edexcel A-Level Economics 1.2.2 Demand,1,Demand,658,9,50,2,True,
https://economicsacademy.co.uk/revision-notes/edexcel-theme-1/1-2-3-price-income-cross-elasticities-of-demand.html,200,,https://economicsacademy.co.uk/revision-notes/edexcel-theme-1/1-2-3-price-income-cross-elasticities-of-demand.html,https://economicsacademy.co.uk/revision-notes/edexcel-theme-1/1-2-3-price-income-cross-elasticities-of-demand.html,True,,"Edexcel A-Level Economics 1.2.3 PED, YED and XED",48,Free Edexcel A-Level Economics revision notes (1.2.3). Covers the three elasticity formulas with worked calculations and what the values mean for pricing.,154,https://economicsacademy.co.uk/revision-notes/edexcel-theme-1/1-2-3-price-income-cross-elasticities-of-demand.html,"Edexcel A-Level Economics 1.2.3 PED, YED and XED",1,"Price, Income and Cross Elasticities of Demand",1001,10,79,2,True,
https://economicsacademy.co.uk/revision-notes/edexcel-theme-1/1-2-4-supply.html,200,,https://economicsacademy.co.uk/revision-notes/edexcel-theme-1/1-2-4-supply.html,https://economicsacademy.co.uk/revision-notes/edexcel-theme-1/1-2-4-supply.html,True,,Edexcel A-Level Economics 1.2.4 Supply,38,"Revision notes for Edexcel A-Level Economics 1.2.4. Covers the law of supply, movements versus shifts, and how costs, technology and taxation change supply.",156,https://economicsacademy.co.uk/revision-notes/edexcel-theme-1/1-2-4-supply.html,Edexcel A-Level Economics 1.2.4 Supply,1,Supply,572,8,30,2,True,
https://economicsacademy.co.uk/revision-notes/edexcel-theme-1/1-2-5-price-elasticity-of-supply.html,200,,https://economicsacademy.co.uk/revision-notes/edexcel-theme-1/1-2-5-price-elasticity-of-supply.html,https://economicsacademy.co.uk/revision-notes/edexcel-theme-1/1-2-5-price-elasticity-of-supply.html,True,,Edexcel A-Level Economics 1.2.5 Price Elasticity of Supply,58,"Free Edexcel A-Level Economics revision notes (1.2.5). Covers the PES formula, interpreting values, its determinants and the short-run/long-run distinction.",156,https://economicsacademy.co.uk/revision-notes/edexcel-theme-1/1-2-5-price-elasticity-of-supply.html,Edexcel A-Level Economics 1.2.5 Price Elasticity of Supply,1,Price Elasticity of Supply,769,9,44,2,True,
https://economicsacademy.co.uk/revision-notes/edexcel-theme-1/1-2-6-price-determination.html,200,,https://economicsacademy.co.uk/revision-notes/edexcel-theme-1/1-2-6-price-determination.html,https://economicsacademy.co.uk/revision-notes/edexcel-theme-1/1-2-6-price-determination.html,True,,Edexcel A-Level Economics 1.2.6 Price Determination,51,"Free Edexcel A-Level Economics revision notes (1.2.6). Covers equilibrium price and quantity, excess demand and supply, and how shifts move the equilibrium.",156,https://economicsacademy.co.uk/revision-notes/edexcel-theme-1/1-2-6-price-determination.html,Edexcel A-Level Economics 1.2.6 Price Determination,1,Price Determination,662,9,68,2,True,
https://economicsacademy.co.uk/revision-notes/edexcel-theme-1/1-2-7-price-mechanism.html,200,,https://economicsacademy.co.uk/revision-notes/edexcel-theme-1/1-2-7-price-mechanism.html,https://economicsacademy.co.uk/revision-notes/edexcel-theme-1/1-2-7-price-mechanism.html,True,,Edexcel A-Level Economics 1.2.7 The Price Mechanism,51,"Free Edexcel A-Level Economics revision notes (1.2.7). Covers the rationing, incentive and signalling functions and how prices allocate scarce resources.",153,https://economicsacademy.co.uk/revision-notes/edexcel-theme-1/1-2-7-price-mechanism.html,Edexcel A-Level Economics 1.2.7 The Price Mechanism,1,The Price Mechanism,617,8,35,2,True,
https://economicsacademy.co.uk/revision-notes/edexcel-theme-1/1-2-8-producer-consumer-surplus.html,200,,https://economicsacademy.co.uk/revision-notes/edexcel-theme-1/1-2-8-producer-consumer-surplus.html,https://economicsacademy.co.uk/revision-notes/edexcel-theme-1/1-2-8-producer-consumer-surplus.html,True,,Edexcel A-Level Economics 1.2.8 Consumer and Producer Surplus,61,"Revision notes for Edexcel A-Level Economics 1.2.8. Covers identifying and shading surplus areas and how taxes, subsidies and price controls redistribute it.",157,https://economicsacademy.co.uk/revision-notes/edexcel-theme-1/1-2-8-producer-consumer-surplus.html,Edexcel A-Level Economics 1.2.8 Consumer and Producer Surplus,1,Producer and Consumer Surplus,746,8,37,2,True,
https://economicsacademy.co.uk/revision-notes/edexcel-theme-1/1-2-9-indirect-taxes-subsidies.html,200,,https://economicsacademy.co.uk/revision-notes/edexcel-theme-1/1-2-9-indirect-taxes-subsidies.html,https://economicsacademy.co.uk/revision-notes/edexcel-theme-1/1-2-9-indirect-taxes-subsidies.html,True,,Edexcel A-Level Economics 1.2.9 Indirect Taxes and Subsidies,60,"Revision notes for Edexcel A-Level Economics 1.2.9. Covers how taxes and subsidies shift supply, tax incidence, and the role of PED in who bears the burden.",156,https://economicsacademy.co.uk/revision-notes/edexcel-theme-1/1-2-9-indirect-taxes-subsidies.html,Edexcel A-Level Economics 1.2.9 Indirect Taxes and Subsidies,1,Indirect Taxes and Subsidies,872,9,56,2,True,
https://economicsacademy.co.uk/revision-notes/edexcel-theme-1/1-3-1-types-of-market-failure.html,200,,https://economicsacademy.co.uk/revision-notes/edexcel-theme-1/1-3-1-types-of-market-failure.html,https://economicsacademy.co.uk/revision-notes/edexcel-theme-1/1-3-1-types-of-market-failure.html,True,,Edexcel A-Level Economics 1.3.1 Types of Market Failure,55,"Revision notes for Edexcel A-Level Economics 1.3.1. Covers why free markets misallocate resources through externalities, public goods and information gaps.",155,https://economicsacademy.co.uk/revision-notes/edexcel-theme-1/1-3-1-types-of-market-failure.html,Edexcel A-Level Economics 1.3.1 Types of Market Failure,1,Types of Market Failure,553,12,33,2,True,
https://economicsacademy.co.uk/revision-notes/edexcel-theme-1/1-3-2-externalities.html,200,,https://economicsacademy.co.uk/revision-notes/edexcel-theme-1/1-3-2-externalities.html,https://economicsacademy.co.uk/revision-notes/edexcel-theme-1/1-3-2-externalities.html,True,,Edexcel A-Level Economics 1.3.2 Externalities,45,"Free Edexcel A-Level Economics revision notes (1.3.2). Covers external costs and benefits, private versus social costs, welfare loss and the social optimum.",156,https://economicsacademy.co.uk/revision-notes/edexcel-theme-1/1-3-2-externalities.html,Edexcel A-Level Economics 1.3.2 Externalities,1,Externalities,1494,9,97,2,True,
https://economicsacademy.co.uk/revision-notes/edexcel-theme-1/1-3-3-public-goods.html,200,,https://economicsacademy.co.uk/revision-notes/edexcel-theme-1/1-3-3-public-goods.html,https://economicsacademy.co.uk/revision-notes/edexcel-theme-1/1-3-3-public-goods.html,True,,Edexcel A-Level Economics 1.3.3 Public Goods,44,"Free Edexcel A-Level Economics revision notes (1.3.3). Covers non-excludability and non-rivalry, the free rider problem and the case for state provision.",153,https://economicsacademy.co.uk/revision-notes/edexcel-theme-1/1-3-3-public-goods.html,Edexcel A-Level Economics 1.3.3 Public Goods,1,Public Goods,375,8,39,2,True,
https://economicsacademy.co.uk/revision-notes/edexcel-theme-1/1-3-4-information-gaps.html,200,,https://economicsacademy.co.uk/revision-notes/edexcel-theme-1/1-3-4-information-gaps.html,https://economicsacademy.co.uk/revision-notes/edexcel-theme-1/1-3-4-information-gaps.html,True,,Edexcel A-Level Economics 1.3.4 Information Gaps,48,"Free Edexcel A-Level Economics revision notes (1.3.4). Covers asymmetric information, adverse selection and moral hazard, and the resulting market failure.",155,https://economicsacademy.co.uk/revision-notes/edexcel-theme-1/1-3-4-information-gaps.html,Edexcel A-Level Economics 1.3.4 Information Gaps,1,Information Gaps,514,10,49,2,True,
https://economicsacademy.co.uk/revision-notes/edexcel-theme-1/1-4-1-government-intervention-in-markets.html,200,,https://economicsacademy.co.uk/revision-notes/edexcel-theme-1/1-4-1-government-intervention-in-markets.html,https://economicsacademy.co.uk/revision-notes/edexcel-theme-1/1-4-1-government-intervention-in-markets.html,True,,Edexcel A-Level Economics 1.4.1 Government Intervention,55,"Free Edexcel A-Level Economics revision notes (1.4.1). Covers indirect taxes, subsidies, maximum and minimum prices, regulation and information provision.",154,https://economicsacademy.co.uk/revision-notes/edexcel-theme-1/1-4-1-government-intervention-in-markets.html,Edexcel A-Level Economics 1.4.1 Government Intervention,1,Government Intervention in Markets,1246,12,87,2,True,
https://economicsacademy.co.uk/revision-notes/edexcel-theme-1/1-4-2-government-failure.html,200,,https://economicsacademy.co.uk/revision-notes/edexcel-theme-1/1-4-2-government-failure.html,https://economicsacademy.co.uk/revision-notes/edexcel-theme-1/1-4-2-government-failure.html,True,,Edexcel A-Level Economics 1.4.2 Government Failure,50,Free Edexcel A-Level Economics revision notes for unit 1.4.2. Covers how intervention can worsen outcomes through distorted incentives and regulatory capture.,158,https://economicsacademy.co.uk/revision-notes/edexcel-theme-1/1-4-2-government-failure.html,Edexcel A-Level Economics 1.4.2 Government Failure,1,Government Failure,474,9,31,2,True,
https://economicsacademy.co.uk/revision-notes/edexcel-theme-1/index.html,200,,https://economicsacademy.co.uk/revision-notes/edexcel-theme-1/index.html,https://economicsacademy.co.uk/revision-notes/edexcel-theme-1/,False,,Edexcel Theme 1 Revision Notes | Markets & Market Failure | Economics Academy,77,"Free Edexcel A-Level Economics Theme 1 revision notes — markets, market failure, and government intervention. Every topic covered, with links to detailed notes on each subtopic.",177,https://economicsacademy.co.uk/revision-notes/edexcel-theme-1/,Edexcel Theme 1 Revision Notes | Markets & Market Failure | Economics Academy,1,Edexcel Theme 1: Introduction to Markets and Market Failure,243,25,71,1,True,
https://economicsacademy.co.uk/revision-notes/edexcel-theme-2/,200,,https://economicsacademy.co.uk/revision-notes/edexcel-theme-2/,https://economicsacademy.co.uk/revision-notes/edexcel-theme-2/,True,,Edexcel Theme 2 Revision Notes | The UK Economy | Economics Academy,67,"Free Edexcel A-Level Economics Theme 2 revision notes — the UK economy, aggregate demand and supply, national income, economic growth, and macroeconomic policies. Every topic covered, with links to detailed notes on each subtopic.",230,https://economicsacademy.co.uk/revision-notes/edexcel-theme-2/,Edexcel Theme 2 Revision Notes | The UK Economy | Economics Academy,1,Edexcel Theme 2: The UK Economy — Performance and Policies,249,27,0,1,False,
https://economicsacademy.co.uk/revision-notes/edexcel-theme-2/2-1-1-economic-growth.html,200,,https://economicsacademy.co.uk/revision-notes/edexcel-theme-2/2-1-1-economic-growth.html,https://economicsacademy.co.uk/revision-notes/edexcel-theme-2/2-1-1-economic-growth.html,True,,Edexcel A-Level Economics 2.1.1 Economic Growth,47,"Free Edexcel A-Level Economics revision notes for unit 2.1.1. Covers the expenditure and income methods, nominal versus real GDP, GDP per capita, GNI and PPP.",158,https://economicsacademy.co.uk/revision-notes/edexcel-theme-2/2-1-1-economic-growth.html,Edexcel A-Level Economics 2.1.1 Economic Growth,1,Economic Growth,650,10,56,2,True,
https://economicsacademy.co.uk/revision-notes/edexcel-theme-2/2-1-2-inflation.html,200,,https://economicsacademy.co.uk/revision-notes/edexcel-theme-2/2-1-2-inflation.html,https://economicsacademy.co.uk/revision-notes/edexcel-theme-2/2-1-2-inflation.html,True,,Edexcel A-Level Economics 2.1.2 Inflation,41,"Edexcel A-Level Economics 2.1.2 revision notes. Covers CPI and RPI measurement, the limits of CPI, and demand-pull versus cost-push inflation. With diagrams.",157,https://economicsacademy.co.uk/revision-notes/edexcel-theme-2/2-1-2-inflation.html,Edexcel A-Level Economics 2.1.2 Inflation,1,Inflation,1181,11,94,2,True,
https://economicsacademy.co.uk/revision-notes/edexcel-theme-2/2-1-3-employment-unemployment.html,200,,https://economicsacademy.co.uk/revision-notes/edexcel-theme-2/2-1-3-employment-unemployment.html,https://economicsacademy.co.uk/revision-notes/edexcel-theme-2/2-1-3-employment-unemployment.html,True,,Edexcel A-Level Economics 2.1.3 Employment and Unemployment,59,"Revision notes for Edexcel A-Level Economics 2.1.3. Covers how unemployment is measured, its types and causes, and the effect of migration on the labour market.",160,https://economicsacademy.co.uk/revision-notes/edexcel-theme-2/2-1-3-employment-unemployment.html,Edexcel A-Level Economics 2.1.3 Employment and Unemployment,1,Employment and Unemployment,986,9,50,2,True,
https://economicsacademy.co.uk/revision-notes/edexcel-theme-2/2-1-4-balance-of-payments.html,200,,https://economicsacademy.co.uk/revision-notes/edexcel-theme-2/2-1-4-balance-of-payments.html,https://economicsacademy.co.uk/revision-notes/edexcel-theme-2/2-1-4-balance-of-payments.html,True,,Edexcel A-Level Economics 2.1.4 Balance of Payments,51,"Revision notes for Edexcel A-Level Economics 2.1.4. Covers the structure of the accounts, the current account, and the trade-offs in correcting imbalances.",155,https://economicsacademy.co.uk/revision-notes/edexcel-theme-2/2-1-4-balance-of-payments.html,Edexcel A-Level Economics 2.1.4 Balance of Payments,1,Balance of Payments,826,9,34,2,True,
https://economicsacademy.co.uk/revision-notes/edexcel-theme-2/2-2-1-aggregate-demand.html,200,,https://economicsacademy.co.uk/revision-notes/edexcel-theme-2/2-2-1-aggregate-demand.html,https://economicsacademy.co.uk/revision-notes/edexcel-theme-2/2-2-1-aggregate-demand.html,True,,Edexcel A-Level Economics 2.2.1 Aggregate Demand,48,"Free Edexcel A-Level Economics revision notes for unit 2.2.1. Covers the AD formula, the relative weight of each component, and movements versus shifts of AD.",158,https://economicsacademy.co.uk/revision-notes/edexcel-theme-2/2-2-1-aggregate-demand.html,Edexcel A-Level Economics 2.2.1 Aggregate Demand,1,Aggregate Demand,841,10,62,2,True,
https://economicsacademy.co.uk/revision-notes/edexcel-theme-2/2-2-2-consumption.html,200,,https://economicsacademy.co.uk/revision-notes/edexcel-theme-2/2-2-2-consumption.html,https://economicsacademy.co.uk/revision-notes/edexcel-theme-2/2-2-2-consumption.html,True,,Edexcel A-Level Economics 2.2.2 Consumption,43,"Free Edexcel A-Level Economics revision notes (2.2.2). Covers disposable income, the savings relationship, interest rates, wealth effects and confidence.",153,https://economicsacademy.co.uk/revision-notes/edexcel-theme-2/2-2-2-consumption.html,Edexcel A-Level Economics 2.2.2 Consumption,1,Consumption,594,10,45,2,True,
https://economicsacademy.co.uk/revision-notes/edexcel-theme-2/2-2-3-investment.html,200,,https://economicsacademy.co.uk/revision-notes/edexcel-theme-2/2-2-3-investment.html,https://economicsacademy.co.uk/revision-notes/edexcel-theme-2/2-2-3-investment.html,True,,Edexcel A-Level Economics 2.2.3 Investment,42,"Revision notes for Edexcel A-Level Economics 2.2.3. Covers gross versus net investment, the influences on investment decisions and the accelerator effect.",154,https://economicsacademy.co.uk/revision-notes/edexcel-theme-2/2-2-3-investment.html,Edexcel A-Level Economics 2.2.3 Investment,1,Investment,665,10,51,2,True,
https://economicsacademy.co.uk/revision-notes/edexcel-theme-2/2-2-4-government-expenditure.html,200,,https://economicsacademy.co.uk/revision-notes/edexcel-theme-2/2-2-4-government-expenditure.html,https://economicsacademy.co.uk/revision-notes/edexcel-theme-2/2-2-4-government-expenditure.html,True,,Edexcel A-Level Economics 2.2.4 Government Expenditure,54,"Free Edexcel A-Level Economics revision notes (2.2.4). Covers the role of state spending in AD, automatic stabilisers, and the effect on the budget deficit.",156,https://economicsacademy.co.uk/revision-notes/edexcel-theme-2/2-2-4-government-expenditure.html,Edexcel A-Level Economics 2.2.4 Government Expenditure,1,Government Expenditure,486,11,46,2,True,
https://economicsacademy.co.uk/revision-notes/edexcel-theme-2/2-2-5-net-trade.html,200,,https://economicsacademy.co.uk/revision-notes/edexcel-theme-2/2-2-5-net-trade.html,https://economicsacademy.co.uk/revision-notes/edexcel-theme-2/2-2-5-net-trade.html,True,,Edexcel A-Level Economics 2.2.5 Net Trade,41,"Free Edexcel A-Level Economics revision notes for unit 2.2.5. Covers exports and imports, exchange rates, protectionism, and the Marshall-Lerner condition.",155,https://economicsacademy.co.uk/revision-notes/edexcel-theme-2/2-2-5-net-trade.html,Edexcel A-Level Economics 2.2.5 Net Trade,1,Net Trade,660,9,43,2,True,
https://economicsacademy.co.uk/revision-notes/edexcel-theme-2/2-3-1-aggregate-supply.html,200,,https://economicsacademy.co.uk/revision-notes/edexcel-theme-2/2-3-1-aggregate-supply.html,https://economicsacademy.co.uk/revision-notes/edexcel-theme-2/2-3-1-aggregate-supply.html,True,,Edexcel A-Level Economics 2.3.1 Aggregate Supply,48,"Free Edexcel A-Level Economics revision notes for unit 2.3.1. Covers SRAS and LRAS, why SRAS slopes upward, and the Classical and Keynesian views of the curve.",159,https://economicsacademy.co.uk/revision-notes/edexcel-theme-2/2-3-1-aggregate-supply.html,Edexcel A-Level Economics 2.3.1 Aggregate Supply,1,Aggregate Supply,552,8,33,2,True,
https://economicsacademy.co.uk/revision-notes/edexcel-theme-2/2-3-2-short-run-aggregate-supply.html,200,,https://economicsacademy.co.uk/revision-notes/edexcel-theme-2/2-3-2-short-run-aggregate-supply.html,https://economicsacademy.co.uk/revision-notes/edexcel-theme-2/2-3-2-short-run-aggregate-supply.html,True,,Edexcel A-Level Economics 2.3.2 Short-Run Aggregate Supply,58,"Free Edexcel A-Level Economics revision notes (2.3.2). Covers the shape of SRAS, the causes of shifts, and how cost-push shocks change output and prices.",153,https://economicsacademy.co.uk/revision-notes/edexcel-theme-2/2-3-2-short-run-aggregate-supply.html,Edexcel A-Level Economics 2.3.2 Short-Run Aggregate Supply,1,Short-Run Aggregate Supply,610,9,32,2,True,
https://economicsacademy.co.uk/revision-notes/edexcel-theme-2/2-3-3-long-run-aggregate-supply.html,200,,https://economicsacademy.co.uk/revision-notes/edexcel-theme-2/2-3-3-long-run-aggregate-supply.html,https://economicsacademy.co.uk/revision-notes/edexcel-theme-2/2-3-3-long-run-aggregate-supply.html,True,,Edexcel A-Level Economics 2.3.3 Long-Run Aggregate Supply,57,"Free Edexcel A-Level Economics revision notes for unit 2.3.3. Covers the Classical vertical LRAS, the Keynesian L-shape, and how supply-side policy shifts it.",158,https://economicsacademy.co.uk/revision-notes/edexcel-theme-2/2-3-3-long-run-aggregate-supply.html,Edexcel A-Level Economics 2.3.3 Long-Run Aggregate Supply,1,Long-Run Aggregate Supply,769,9,37,2,True,
https://economicsacademy.co.uk/revision-notes/edexcel-theme-2/2-4-1-national-income.html,200,,https://economicsacademy.co.uk/revision-notes/edexcel-theme-2/2-4-1-national-income.html,https://economicsacademy.co.uk/revision-notes/edexcel-theme-2/2-4-1-national-income.html,True,,Edexcel A-Level Economics 2.4.1 National Income,47,"Free Edexcel A-Level Economics revision notes (2.4.1). Covers the circular flow, the equilibrium condition, and income as a flow versus wealth as a stock.",154,https://economicsacademy.co.uk/revision-notes/edexcel-theme-2/2-4-1-national-income.html,Edexcel A-Level Economics 2.4.1 National Income,1,National Income,616,8,32,2,True,
https://economicsacademy.co.uk/revision-notes/edexcel-theme-2/2-4-2-injections-withdrawals.html,200,,https://economicsacademy.co.uk/revision-notes/edexcel-theme-2/2-4-2-injections-withdrawals.html,https://economicsacademy.co.uk/revision-notes/edexcel-theme-2/2-4-2-injections-withdrawals.html,True,,Edexcel A-Level Economics 2.4.2 Injections and Withdrawals,58,"Free Edexcel A-Level Economics revision notes (2.4.2). Covers investment, spending and exports against saving, taxation and imports in the circular flow.",153,https://economicsacademy.co.uk/revision-notes/edexcel-theme-2/2-4-2-injections-withdrawals.html,Edexcel A-Level Economics 2.4.2 Injections and Withdrawals,1,Injections and Withdrawals,513,9,30,2,True,
https://economicsacademy.co.uk/revision-notes/edexcel-theme-2/2-4-3-equilibrium-levels-of-real-national-output.html,200,,https://economicsacademy.co.uk/revision-notes/edexcel-theme-2/2-4-3-equilibrium-levels-of-real-national-output.html,https://economicsacademy.co.uk/revision-notes/edexcel-theme-2/2-4-3-equilibrium-levels-of-real-national-output.html,True,,Edexcel A-Level Economics 2.4.3 Equilibrium National Output,59,Free Edexcel A-Level Economics revision notes (2.4.3). Covers short-run and long-run equilibrium and how Classical and Keynesian models differ on AD shifts.,156,https://economicsacademy.co.uk/revision-notes/edexcel-theme-2/2-4-3-equilibrium-levels-of-real-national-output.html,Edexcel A-Level Economics 2.4.3 Equilibrium National Output,1,Equilibrium Levels of Real National Output,558,9,33,2,True,
https://economicsacademy.co.uk/revision-notes/edexcel-theme-2/2-4-4-the-multiplier.html,200,,https://economicsacademy.co.uk/revision-notes/edexcel-theme-2/2-4-4-the-multiplier.html,https://economicsacademy.co.uk/revision-notes/edexcel-theme-2/2-4-4-the-multiplier.html,True,,Edexcel A-Level Economics 2.4.4 The Multiplier,46,"Free Edexcel A-Level Economics revision notes for unit 2.4.4. Covers how the multiplier works, marginal propensities, the formula and what determines its size.",159,https://economicsacademy.co.uk/revision-notes/edexcel-theme-2/2-4-4-the-multiplier.html,Edexcel A-Level Economics 2.4.4 The Multiplier,1,The Multiplier,848,9,43,2,True,
https://economicsacademy.co.uk/revision-notes/edexcel-theme-2/2-5-1-causes-of-growth.html,200,,https://economicsacademy.co.uk/revision-notes/edexcel-theme-2/2-5-1-causes-of-growth.html,https://economicsacademy.co.uk/revision-notes/edexcel-theme-2/2-5-1-causes-of-growth.html,True,,Edexcel A-Level Economics 2.5.1 Causes of Growth,48,"Edexcel A-Level Economics 2.5.1 revision notes. Covers actual versus potential growth, short-run and long-run causes, and export-led growth. With diagrams.",155,https://economicsacademy.co.uk/revision-notes/edexcel-theme-2/2-5-1-causes-of-growth.html,Edexcel A-Level Economics 2.5.1 Causes of Growth,1,Causes of Growth,754,10,42,2,True,
https://economicsacademy.co.uk/revision-notes/edexcel-theme-2/2-5-2-output-gaps.html,200,,https://economicsacademy.co.uk/revision-notes/edexcel-theme-2/2-5-2-output-gaps.html,https://economicsacademy.co.uk/revision-notes/edexcel-theme-2/2-5-2-output-gaps.html,True,,Edexcel A-Level Economics 2.5.2 Output Gaps,43,"Free Edexcel A-Level Economics revision notes (2.5.2). Covers negative and positive output gaps, the two economic views, and why gaps are hard to measure.",154,https://economicsacademy.co.uk/revision-notes/edexcel-theme-2/2-5-2-output-gaps.html,Edexcel A-Level Economics 2.5.2 Output Gaps,1,Output Gaps,754,9,38,2,True,
https://economicsacademy.co.uk/revision-notes/edexcel-theme-2/2-5-3-trade-cycle.html,200,,https://economicsacademy.co.uk/revision-notes/edexcel-theme-2/2-5-3-trade-cycle.html,https://economicsacademy.co.uk/revision-notes/edexcel-theme-2/2-5-3-trade-cycle.html,True,,Edexcel A-Level Economics 2.5.3 The Trade Cycle,47,"Free Edexcel A-Level Economics revision notes (2.5.3). Covers the stages of the cycle, the character of booms and recessions, and demand-side stabilisation.",156,https://economicsacademy.co.uk/revision-notes/edexcel-theme-2/2-5-3-trade-cycle.html,Edexcel A-Level Economics 2.5.3 The Trade Cycle,1,The Trade Cycle,682,9,37,2,True,
https://economicsacademy.co.uk/revision-notes/edexcel-theme-2/2-5-4-the-impact-of-economic-growth.html,200,,https://economicsacademy.co.uk/revision-notes/edexcel-theme-2/2-5-4-the-impact-of-economic-growth.html,https://economicsacademy.co.uk/revision-notes/edexcel-theme-2/2-5-4-the-impact-of-economic-growth.html,True,,Edexcel A-Level Economics 2.5.4 Impact of Economic Growth,57,Free Edexcel A-Level Economics revision notes (2.5.4). Covers the benefits and costs of growth and its conflict with sustainability and greater equality.,153,https://economicsacademy.co.uk/revision-notes/edexcel-theme-2/2-5-4-the-impact-of-economic-growth.html,Edexcel A-Level Economics 2.5.4 Impact of Economic Growth,1,The Impact of Economic Growth,499,9,31,2,True,
https://economicsacademy.co.uk/revision-notes/edexcel-theme-2/2-6-1-possible-macroeconomic-objectives.html,200,,https://economicsacademy.co.uk/revision-notes/edexcel-theme-2/2-6-1-possible-macroeconomic-objectives.html,https://economicsacademy.co.uk/revision-notes/edexcel-theme-2/2-6-1-possible-macroeconomic-objectives.html,True,,Edexcel A-Level Economics 2.6.1 Macroeconomic Objectives,56,"Free Edexcel A-Level Economics revision notes (2.6.1). Covers growth, unemployment, inflation, the current account, the fiscal balance and the environment.",155,https://economicsacademy.co.uk/revision-notes/edexcel-theme-2/2-6-1-possible-macroeconomic-objectives.html,Edexcel A-Level Economics 2.6.1 Macroeconomic Objectives,1,Possible Macroeconomic Objectives,490,11,32,2,True,
https://economicsacademy.co.uk/revision-notes/edexcel-theme-2/2-6-2-demand-side-policies.html,200,,https://economicsacademy.co.uk/revision-notes/edexcel-theme-2/2-6-2-demand-side-policies.html,https://economicsacademy.co.uk/revision-notes/edexcel-theme-2/2-6-2-demand-side-policies.html,True,,Edexcel A-Level Economics 2.6.2 Demand-Side Policies,52,"Free Edexcel A-Level Economics revision notes for unit 2.6.2. Covers monetary and fiscal policy, the transmission mechanism and the government budget position.",159,https://economicsacademy.co.uk/revision-notes/edexcel-theme-2/2-6-2-demand-side-policies.html,Edexcel A-Level Economics 2.6.2 Demand-Side Policies,1,Demand-Side Policies,2005,12,101,2,True,
https://economicsacademy.co.uk/revision-notes/edexcel-theme-2/2-6-3-supply-side-policies.html,200,,https://economicsacademy.co.uk/revision-notes/edexcel-theme-2/2-6-3-supply-side-policies.html,https://economicsacademy.co.uk/revision-notes/edexcel-theme-2/2-6-3-supply-side-policies.html,True,,Edexcel A-Level Economics 2.6.3 Supply-Side Policies,52,Edexcel A-Level Economics 2.6.3 revision notes. Covers market-based and interventionist policies and their effect on the productive potential of the economy.,157,https://economicsacademy.co.uk/revision-notes/edexcel-theme-2/2-6-3-supply-side-policies.html,Edexcel A-Level Economics 2.6.3 Supply-Side Policies,1,Supply-Side Policies,1412,12,73,2,True,
https://economicsacademy.co.uk/revision-notes/edexcel-theme-2/2-6-4-conflicts-between-objectives-and-policies.html,200,,https://economicsacademy.co.uk/revision-notes/edexcel-theme-2/2-6-4-conflicts-between-objectives-and-policies.html,https://economicsacademy.co.uk/revision-notes/edexcel-theme-2/2-6-4-conflicts-between-objectives-and-policies.html,True,,Edexcel A-Level Economics 2.6.4 Conflicts Between Objectives,60,"Revision notes for Edexcel A-Level Economics 2.6.4. Covers why objectives conflict, growth versus inflation, and the short-run Phillips curve. With diagrams.",157,https://economicsacademy.co.uk/revision-notes/edexcel-theme-2/2-6-4-conflicts-between-objectives-and-policies.html,Edexcel A-Level Economics 2.6.4 Conflicts Between Objectives,1,Conflicts Between Objectives and Policies,617,9,46,2,True,
https://economicsacademy.co.uk/revision-notes/edexcel-theme-2/index.html,200,,https://economicsacademy.co.uk/revision-notes/edexcel-theme-2/index.html,https://economicsacademy.co.uk/revision-notes/edexcel-theme-2/,False,,Edexcel Theme 2 Revision Notes | The UK Economy | Economics Academy,67,"Free Edexcel A-Level Economics Theme 2 revision notes — the UK economy, aggregate demand and supply, national income, economic growth, and macroeconomic policies. Every topic covered, with links to detailed notes on each subtopic.",230,https://economicsacademy.co.uk/revision-notes/edexcel-theme-2/,Edexcel Theme 2 Revision Notes | The UK Economy | Economics Academy,1,Edexcel Theme 2: The UK Economy — Performance and Policies,249,27,77,1,True,
https://economicsacademy.co.uk/revision-notes/edexcel-theme-3/,200,,https://economicsacademy.co.uk/revision-notes/edexcel-theme-3/,https://economicsacademy.co.uk/revision-notes/edexcel-theme-3/,True,,Edexcel Theme 3 Revision Notes | Business Behaviour & Labour Market | Economics Academy,87,"Free Edexcel A-Level Economics Theme 3 revision notes — business growth, objectives, costs, market structures, labour markets, and government intervention. Every topic covered, with links to detailed notes on each subtopic.",223,https://economicsacademy.co.uk/revision-notes/edexcel-theme-3/,Edexcel Theme 3 Revision Notes | Business Behaviour & Labour Market | Economics Academy,1,Edexcel Theme 3: Business Behaviour and the Labour Market,233,23,0,1,False,
https://economicsacademy.co.uk/revision-notes/edexcel-theme-3/3-1-1-sizes-types-of-firms.html,200,,https://economicsacademy.co.uk/revision-notes/edexcel-theme-3/3-1-1-sizes-types-of-firms.html,https://economicsacademy.co.uk/revision-notes/edexcel-theme-3/3-1-1-sizes-types-of-firms.html,True,,Edexcel A-Level Economics 3.1.1 Sizes and Types of Firms,56,"Revision notes for Edexcel A-Level Economics 3.1.1. Covers why firms grow or stay small, the divorce of ownership and control, and not-for-profit organisations.",160,https://economicsacademy.co.uk/revision-notes/edexcel-theme-3/3-1-1-sizes-types-of-firms.html,Edexcel A-Level Economics 3.1.1 Sizes and Types of Firms,1,Sizes and Types of Firms,674,9,36,2,True,
https://economicsacademy.co.uk/revision-notes/edexcel-theme-3/3-1-2-business-growth.html,200,,https://economicsacademy.co.uk/revision-notes/edexcel-theme-3/3-1-2-business-growth.html,https://economicsacademy.co.uk/revision-notes/edexcel-theme-3/3-1-2-business-growth.html,True,,Edexcel A-Level Economics 3.1.2 Business Growth,47,"Free Edexcel A-Level Economics revision notes for unit 3.1.2. Covers organic versus inorganic growth, the types of integration, and the constraints on growth.",158,https://economicsacademy.co.uk/revision-notes/edexcel-theme-3/3-1-2-business-growth.html,Edexcel A-Level Economics 3.1.2 Business Growth,1,Business Growth,594,9,51,2,True,
https://economicsacademy.co.uk/revision-notes/edexcel-theme-3/3-1-3-demergers.html,200,,https://economicsacademy.co.uk/revision-notes/edexcel-theme-3/3-1-3-demergers.html,https://economicsacademy.co.uk/revision-notes/edexcel-theme-3/3-1-3-demergers.html,True,,Edexcel A-Level Economics 3.1.3 Demergers,41,"Free Edexcel A-Level Economics revision notes (3.1.3). Covers what a demerger is, why firms break up, and the impacts on businesses, workers and consumers.",155,https://economicsacademy.co.uk/revision-notes/edexcel-theme-3/3-1-3-demergers.html,Edexcel A-Level Economics 3.1.3 Demergers,1,Demergers,512,9,26,2,True,
https://economicsacademy.co.uk/revision-notes/edexcel-theme-3/3-2-1-business-objectives.html,200,,https://economicsacademy.co.uk/revision-notes/edexcel-theme-3/3-2-1-business-objectives.html,https://economicsacademy.co.uk/revision-notes/edexcel-theme-3/3-2-1-business-objectives.html,True,,Edexcel A-Level Economics 3.2.1 Business Objectives,51,"Edexcel A-Level Economics 3.2.1 revision notes. Covers profit, revenue and sales maximisation, satisficing and the principal-agent problem. With diagrams.",154,https://economicsacademy.co.uk/revision-notes/edexcel-theme-3/3-2-1-business-objectives.html,Edexcel A-Level Economics 3.2.1 Business Objectives,1,Business Objectives,624,10,37,2,True,
https://economicsacademy.co.uk/revision-notes/edexcel-theme-3/3-3-1-revenue.html,200,,https://economicsacademy.co.uk/revision-notes/edexcel-theme-3/3-3-1-revenue.html,https://economicsacademy.co.uk/revision-notes/edexcel-theme-3/3-3-1-revenue.html,True,,Edexcel A-Level Economics 3.3.1 Revenue,39,"Free Edexcel A-Level Economics revision notes (3.3.1). Covers total, average and marginal revenue and how the total revenue rule links to price elasticity.",155,https://economicsacademy.co.uk/revision-notes/edexcel-theme-3/3-3-1-revenue.html,Edexcel A-Level Economics 3.3.1 Revenue,1,Revenue,603,10,36,2,True,
https://economicsacademy.co.uk/revision-notes/edexcel-theme-3/3-3-2-costs.html,200,,https://economicsacademy.co.uk/revision-notes/edexcel-theme-3/3-3-2-costs.html,https://economicsacademy.co.uk/revision-notes/edexcel-theme-3/3-3-2-costs.html,True,,Edexcel A-Level Economics 3.3.2 Costs,37,"Free Edexcel A-Level Economics revision notes (3.3.2). Covers the main cost measures, the shape of the curves, and the MC, AVC, AC and LRAC relationships.",154,https://economicsacademy.co.uk/revision-notes/edexcel-theme-3/3-3-2-costs.html,Edexcel A-Level Economics 3.3.2 Costs,1,Costs,868,10,57,2,True,
https://economicsacademy.co.uk/revision-notes/edexcel-theme-3/3-3-3-economies-diseconomies-of-scale.html,200,,https://economicsacademy.co.uk/revision-notes/edexcel-theme-3/3-3-3-economies-diseconomies-of-scale.html,https://economicsacademy.co.uk/revision-notes/edexcel-theme-3/3-3-3-economies-diseconomies-of-scale.html,True,,Edexcel A-Level Economics 3.3.3 Economies of Scale,50,"Free Edexcel A-Level Economics revision notes for unit 3.3.3. Covers the LRAC curve, internal and external economies, diseconomies and minimum efficient scale.",159,https://economicsacademy.co.uk/revision-notes/edexcel-theme-3/3-3-3-economies-diseconomies-of-scale.html,Edexcel A-Level Economics 3.3.3 Economies of Scale,1,Economies and Diseconomies of Scale,1228,9,38,2,True,
https://economicsacademy.co.uk/revision-notes/edexcel-theme-3/3-3-4-normal-profits-supernormal-profits-losses.html,200,,https://economicsacademy.co.uk/revision-notes/edexcel-theme-3/3-3-4-normal-profits-supernormal-profits-losses.html,https://economicsacademy.co.uk/revision-notes/edexcel-theme-3/3-3-4-normal-profits-supernormal-profits-losses.html,True,,Edexcel A-Level Economics 3.3.4 Profits and Losses,50,"Edexcel A-Level Economics 3.3.4 revision notes. Covers normal and supernormal profit, losses, the profit maximisation rule and the shut-down rules. With diagrams.",162,https://economicsacademy.co.uk/revision-notes/edexcel-theme-3/3-3-4-normal-profits-supernormal-profits-losses.html,Edexcel A-Level Economics 3.3.4 Profits and Losses,1,"Normal Profits, Supernormal Profits and Losses",599,9,41,2,True,
https://economicsacademy.co.uk/revision-notes/edexcel-theme-3/3-4-1-efficiency.html,200,,https://economicsacademy.co.uk/revision-notes/edexcel-theme-3/3-4-1-efficiency.html,https://economicsacademy.co.uk/revision-notes/edexcel-theme-3/3-4-1-efficiency.html,True,,Edexcel A-Level Economics 3.4.1 Efficiency,42,"Revision notes for Edexcel A-Level Economics 3.4.1. Covers allocative, productive and dynamic efficiency, X-inefficiency and the static-dynamic trade-off.",154,https://economicsacademy.co.uk/revision-notes/edexcel-theme-3/3-4-1-efficiency.html,Edexcel A-Level Economics 3.4.1 Efficiency,1,Efficiency,586,10,44,2,True,
https://economicsacademy.co.uk/revision-notes/edexcel-theme-3/3-4-2-perfect-competition.html,200,,https://economicsacademy.co.uk/revision-notes/edexcel-theme-3/3-4-2-perfect-competition.html,https://economicsacademy.co.uk/revision-notes/edexcel-theme-3/3-4-2-perfect-competition.html,True,,Edexcel A-Level Economics 3.4.2 Perfect Competition,51,"Free Edexcel A-Level Economics revision notes for unit 3.4.2. Covers the assumptions, why firms are price takers, and the adjustment to long-run equilibrium.",157,https://economicsacademy.co.uk/revision-notes/edexcel-theme-3/3-4-2-perfect-competition.html,Edexcel A-Level Economics 3.4.2 Perfect Competition,1,Perfect Competition,733,9,34,2,True,
https://economicsacademy.co.uk/revision-notes/edexcel-theme-3/3-4-3-monopolistic-competition.html,200,,https://economicsacademy.co.uk/revision-notes/edexcel-theme-3/3-4-3-monopolistic-competition.html,https://economicsacademy.co.uk/revision-notes/edexcel-theme-3/3-4-3-monopolistic-competition.html,True,,Edexcel A-Level Economics 3.4.3 Monopolistic Competition,56,"Edexcel A-Level Economics 3.4.3 revision notes. Covers product differentiation, the move to long-run normal profit, and non-price competition. With diagrams.",157,https://economicsacademy.co.uk/revision-notes/edexcel-theme-3/3-4-3-monopolistic-competition.html,Edexcel A-Level Economics 3.4.3 Monopolistic Competition,1,Monopolistic Competition,876,11,30,2,True,
https://economicsacademy.co.uk/revision-notes/edexcel-theme-3/3-4-4-oligopoly.html,200,,https://economicsacademy.co.uk/revision-notes/edexcel-theme-3/3-4-4-oligopoly.html,https://economicsacademy.co.uk/revision-notes/edexcel-theme-3/3-4-4-oligopoly.html,True,,Edexcel A-Level Economics 3.4.4 Oligopoly,41,"Free Edexcel A-Level Economics revision notes for unit 3.4.4. Covers concentration ratios, interdependence, the kinked demand curve, collusion and game theory.",159,https://economicsacademy.co.uk/revision-notes/edexcel-theme-3/3-4-4-oligopoly.html,Edexcel A-Level Economics 3.4.4 Oligopoly,1,Oligopoly,1402,11,62,2,True,
https://economicsacademy.co.uk/revision-notes/edexcel-theme-3/3-4-5-monopoly.html,200,,https://economicsacademy.co.uk/revision-notes/edexcel-theme-3/3-4-5-monopoly.html,https://economicsacademy.co.uk/revision-notes/edexcel-theme-3/3-4-5-monopoly.html,True,,Edexcel A-Level Economics 3.4.5 Monopoly,40,"Free Edexcel A-Level Economics revision notes for unit 3.4.5. Covers profit maximisation, third-degree price discrimination, welfare loss and natural monopoly.",159,https://economicsacademy.co.uk/revision-notes/edexcel-theme-3/3-4-5-monopoly.html,Edexcel A-Level Economics 3.4.5 Monopoly,1,Monopoly,1181,12,50,2,True,
https://economicsacademy.co.uk/revision-notes/edexcel-theme-3/3-4-6-monopsony.html,200,,https://economicsacademy.co.uk/revision-notes/edexcel-theme-3/3-4-6-monopsony.html,https://economicsacademy.co.uk/revision-notes/edexcel-theme-3/3-4-6-monopsony.html,True,,Edexcel A-Level Economics 3.4.6 Monopsony,41,"Free Edexcel A-Level Economics revision notes (3.4.6). Covers what a monopsony is, and the costs and benefits of buyer power for consumers and suppliers.",153,https://economicsacademy.co.uk/revision-notes/edexcel-theme-3/3-4-6-monopsony.html,Edexcel A-Level Economics 3.4.6 Monopsony,1,Monopsony,466,10,33,2,True,
https://economicsacademy.co.uk/revision-notes/edexcel-theme-3/3-4-7-contestability.html,200,,https://economicsacademy.co.uk/revision-notes/edexcel-theme-3/3-4-7-contestability.html,https://economicsacademy.co.uk/revision-notes/edexcel-theme-3/3-4-7-contestability.html,True,,Edexcel A-Level Economics 3.4.7 Contestability,46,"Revision notes for Edexcel A-Level Economics 3.4.7. Covers contestability versus competition, hit-and-run entry, and the role of sunk costs. With diagrams.",155,https://economicsacademy.co.uk/revision-notes/edexcel-theme-3/3-4-7-contestability.html,Edexcel A-Level Economics 3.4.7 Contestability,1,Contestability,715,11,37,2,True,
https://economicsacademy.co.uk/revision-notes/edexcel-theme-3/3-5-1-demand-for-labour.html,200,,https://economicsacademy.co.uk/revision-notes/edexcel-theme-3/3-5-1-demand-for-labour.html,https://economicsacademy.co.uk/revision-notes/edexcel-theme-3/3-5-1-demand-for-labour.html,True,,Edexcel A-Level Economics 3.5.1 Demand for Labour,49,"Free Edexcel A-Level Economics revision notes (3.5.1). Covers derived demand, marginal revenue product theory, shifts in labour demand and wage elasticity.",155,https://economicsacademy.co.uk/revision-notes/edexcel-theme-3/3-5-1-demand-for-labour.html,Edexcel A-Level Economics 3.5.1 Demand for Labour,1,Demand for Labour,701,9,38,2,True,
https://economicsacademy.co.uk/revision-notes/edexcel-theme-3/3-5-2-supply-of-labour.html,200,,https://economicsacademy.co.uk/revision-notes/edexcel-theme-3/3-5-2-supply-of-labour.html,https://economicsacademy.co.uk/revision-notes/edexcel-theme-3/3-5-2-supply-of-labour.html,True,,Edexcel A-Level Economics 3.5.2 Supply of Labour,48,"Free Edexcel A-Level Economics revision notes (3.5.2). Covers the shape of the supply curve, geographical and occupational immobility, and mobility policy.",155,https://economicsacademy.co.uk/revision-notes/edexcel-theme-3/3-5-2-supply-of-labour.html,Edexcel A-Level Economics 3.5.2 Supply of Labour,1,Supply of Labour,834,9,47,2,True,
https://economicsacademy.co.uk/revision-notes/edexcel-theme-3/3-5-3-wage-determination.html,200,,https://economicsacademy.co.uk/revision-notes/edexcel-theme-3/3-5-3-wage-determination.html,https://economicsacademy.co.uk/revision-notes/edexcel-theme-3/3-5-3-wage-determination.html,True,,Edexcel A-Level Economics 3.5.3 Wage Determination,50,Free Edexcel A-Level Economics revision notes (3.5.3). Covers wage setting in competitive and monopsony markets and the impact of a national minimum wage.,154,https://economicsacademy.co.uk/revision-notes/edexcel-theme-3/3-5-3-wage-determination.html,Edexcel A-Level Economics 3.5.3 Wage Determination,1,Wage Determination,1368,11,51,2,True,
https://economicsacademy.co.uk/revision-notes/edexcel-theme-3/3-6-1-government-intervention.html,200,,https://economicsacademy.co.uk/revision-notes/edexcel-theme-3/3-6-1-government-intervention.html,https://economicsacademy.co.uk/revision-notes/edexcel-theme-3/3-6-1-government-intervention.html,True,,Edexcel A-Level Economics 3.6.1 Government Intervention,55,"Edexcel A-Level Economics 3.6.1 revision notes. Covers how the CMA controls monopoly power, promotes contestability and protects suppliers. With diagrams.",154,https://economicsacademy.co.uk/revision-notes/edexcel-theme-3/3-6-1-government-intervention.html,Edexcel A-Level Economics 3.6.1 Government Intervention,1,Government Intervention,1005,11,49,2,True,
https://economicsacademy.co.uk/revision-notes/edexcel-theme-3/3-6-2-the-impact-of-government-intervention.html,200,,https://economicsacademy.co.uk/revision-notes/edexcel-theme-3/3-6-2-the-impact-of-government-intervention.html,https://economicsacademy.co.uk/revision-notes/edexcel-theme-3/3-6-2-the-impact-of-government-intervention.html,True,,Edexcel A-Level Economics 3.6.2 Impact of Intervention,54,"Free Edexcel A-Level Economics revision notes for unit 3.6.2. Covers the intended outcomes of intervention, why it fails, and risks such as regulatory capture.",159,https://economicsacademy.co.uk/revision-notes/edexcel-theme-3/3-6-2-the-impact-of-government-intervention.html,Edexcel A-Level Economics 3.6.2 Impact of Intervention,1,The Impact of Government Intervention,497,12,27,2,True,
https://economicsacademy.co.uk/revision-notes/edexcel-theme-3/index.html,200,,https://economicsacademy.co.uk/revision-notes/edexcel-theme-3/index.html,https://economicsacademy.co.uk/revision-notes/edexcel-theme-3/,False,,Edexcel Theme 3 Revision Notes | Business Behaviour & Labour Market | Economics Academy,87,"Free Edexcel A-Level Economics Theme 3 revision notes — business growth, objectives, costs, market structures, labour markets, and government intervention. Every topic covered, with links to detailed notes on each subtopic.",223,https://economicsacademy.co.uk/revision-notes/edexcel-theme-3/,Edexcel Theme 3 Revision Notes | Business Behaviour & Labour Market | Economics Academy,1,Edexcel Theme 3: Business Behaviour and the Labour Market,233,23,65,1,True,
https://economicsacademy.co.uk/revision-notes/edexcel-theme-4/,200,,https://economicsacademy.co.uk/revision-notes/edexcel-theme-4/,https://economicsacademy.co.uk/revision-notes/edexcel-theme-4/,True,,Edexcel Theme 4 Revision Notes | A Global Perspective | Economics Academy,73,"Free Edexcel A-Level Economics Theme 4 revision notes — international economics, poverty and inequality, emerging economies, the financial sector, and the role of the state. Every topic covered, with links to detailed notes on each subtopic.",241,https://economicsacademy.co.uk/revision-notes/edexcel-theme-4/,Edexcel Theme 4 Revision Notes | A Global Perspective | Economics Academy,1,Edexcel Theme 4: A Global Perspective,250,24,0,1,False,
https://economicsacademy.co.uk/revision-notes/edexcel-theme-4/4-1-1-globalisation.html,200,,https://economicsacademy.co.uk/revision-notes/edexcel-theme-4/4-1-1-globalisation.html,https://economicsacademy.co.uk/revision-notes/edexcel-theme-4/4-1-1-globalisation.html,True,,Edexcel A-Level Economics 4.1.1 Globalisation,45,"Free Edexcel A-Level Economics revision notes (4.1.1). Covers the drivers of globalisation and its effects on consumers, workers, firms and the environment.",156,https://economicsacademy.co.uk/revision-notes/edexcel-theme-4/4-1-1-globalisation.html,Edexcel A-Level Economics 4.1.1 Globalisation,1,Globalisation,1053,9,37,2,True,
https://economicsacademy.co.uk/revision-notes/edexcel-theme-4/4-1-2-specialisation-trade.html,200,,https://economicsacademy.co.uk/revision-notes/edexcel-theme-4/4-1-2-specialisation-trade.html,https://economicsacademy.co.uk/revision-notes/edexcel-theme-4/4-1-2-specialisation-trade.html,True,,Edexcel A-Level Economics 4.1.2 Specialisation and Trade,56,"Free Edexcel A-Level Economics revision notes for unit 4.1.2. Covers absolute versus comparative advantage, opportunity cost, and the gains from trade on PPFs.",159,https://economicsacademy.co.uk/revision-notes/edexcel-theme-4/4-1-2-specialisation-trade.html,Edexcel A-Level Economics 4.1.2 Specialisation and Trade,1,Specialisation and Trade,912,10,35,2,True,
https://economicsacademy.co.uk/revision-notes/edexcel-theme-4/4-1-3-pattern-of-trade.html,200,,https://economicsacademy.co.uk/revision-notes/edexcel-theme-4/4-1-3-pattern-of-trade.html,https://economicsacademy.co.uk/revision-notes/edexcel-theme-4/4-1-3-pattern-of-trade.html,True,,Edexcel A-Level Economics 4.1.3 Pattern of Trade,48,"Revision notes for Edexcel A-Level Economics 4.1.3. Covers what shapes the pattern of trade, emerging economies, and the effects on industries and workers.",155,https://economicsacademy.co.uk/revision-notes/edexcel-theme-4/4-1-3-pattern-of-trade.html,Edexcel A-Level Economics 4.1.3 Pattern of Trade,1,Pattern of Trade,422,10,40,2,True,
https://economicsacademy.co.uk/revision-notes/edexcel-theme-4/4-1-4-terms-of-trade.html,200,,https://economicsacademy.co.uk/revision-notes/edexcel-theme-4/4-1-4-terms-of-trade.html,https://economicsacademy.co.uk/revision-notes/edexcel-theme-4/4-1-4-terms-of-trade.html,True,,Edexcel A-Level Economics 4.1.4 Terms of Trade,46,Free Edexcel A-Level Economics revision notes (4.1.4). Covers how the terms of trade are calculated and their effect on export revenue and living standards.,156,https://economicsacademy.co.uk/revision-notes/edexcel-theme-4/4-1-4-terms-of-trade.html,Edexcel A-Level Economics 4.1.4 Terms of Trade,1,Terms of Trade,685,10,30,2,True,
https://economicsacademy.co.uk/revision-notes/edexcel-theme-4/4-1-5-trading-blocs-and-the-world-trade-organisation.html,200,,https://economicsacademy.co.uk/revision-notes/edexcel-theme-4/4-1-5-trading-blocs-and-the-world-trade-organisation.html,https://economicsacademy.co.uk/revision-notes/edexcel-theme-4/4-1-5-trading-blocs-and-the-world-trade-organisation.html,True,,Edexcel A-Level Economics 4.1.5 Trading Blocs and the WTO,57,"Free Edexcel A-Level Economics revision notes for unit 4.1.5. Covers free trade areas, customs and monetary unions, trade creation and diversion, and the WTO.",158,https://economicsacademy.co.uk/revision-notes/edexcel-theme-4/4-1-5-trading-blocs-and-the-world-trade-organisation.html,Edexcel A-Level Economics 4.1.5 Trading Blocs and the WTO,1,Trading Blocs and the World Trade Organisation,664,11,50,2,True,
https://economicsacademy.co.uk/revision-notes/edexcel-theme-4/4-1-6-restrictions-on-free-trade.html,200,,https://economicsacademy.co.uk/revision-notes/edexcel-theme-4/4-1-6-restrictions-on-free-trade.html,https://economicsacademy.co.uk/revision-notes/edexcel-theme-4/4-1-6-restrictions-on-free-trade.html,True,,Edexcel A-Level Economics 4.1.6 Restrictions on Free Trade,58,"Free Edexcel A-Level Economics revision notes (4.1.6). Covers tariffs, quotas, subsidies and non-tariff barriers, and the case for and against protection.",154,https://economicsacademy.co.uk/revision-notes/edexcel-theme-4/4-1-6-restrictions-on-free-trade.html,Edexcel A-Level Economics 4.1.6 Restrictions on Free Trade,1,Restrictions on Free Trade,684,10,42,2,True,
https://economicsacademy.co.uk/revision-notes/edexcel-theme-4/4-1-7-balance-of-payments.html,200,,https://economicsacademy.co.uk/revision-notes/edexcel-theme-4/4-1-7-balance-of-payments.html,https://economicsacademy.co.uk/revision-notes/edexcel-theme-4/4-1-7-balance-of-payments.html,True,,Edexcel A-Level Economics 4.1.7 Balance of Payments,51,"Free Edexcel A-Level Economics revision notes for unit 4.1.7. Covers the three accounts, current account deficits and surpluses, and policies to correct them.",158,https://economicsacademy.co.uk/revision-notes/edexcel-theme-4/4-1-7-balance-of-payments.html,Edexcel A-Level Economics 4.1.7 Balance of Payments,1,Balance of Payments,1021,11,37,2,True,
https://economicsacademy.co.uk/revision-notes/edexcel-theme-4/4-1-8-exchange-rates.html,200,,https://economicsacademy.co.uk/revision-notes/edexcel-theme-4/4-1-8-exchange-rates.html,https://economicsacademy.co.uk/revision-notes/edexcel-theme-4/4-1-8-exchange-rates.html,True,,Edexcel A-Level Economics 4.1.8 Exchange Rates,46,"Edexcel A-Level Economics 4.1.8 revision notes. Covers floating, fixed and managed systems, appreciation and depreciation, and the J-curve. With diagrams.",154,https://economicsacademy.co.uk/revision-notes/edexcel-theme-4/4-1-8-exchange-rates.html,Edexcel A-Level Economics 4.1.8 Exchange Rates,1,Exchange Rates,1170,9,69,2,True,
https://economicsacademy.co.uk/revision-notes/edexcel-theme-4/4-1-9-international-competitiveness.html,200,,https://economicsacademy.co.uk/revision-notes/edexcel-theme-4/4-1-9-international-competitiveness.html,https://economicsacademy.co.uk/revision-notes/edexcel-theme-4/4-1-9-international-competitiveness.html,True,,Edexcel A-Level Economics 4.1.9 International Competitiveness,61,"Revision notes for Edexcel A-Level Economics 4.1.9. Covers how competitiveness is measured, unit labour costs, and its significance for exports and growth.",155,https://economicsacademy.co.uk/revision-notes/edexcel-theme-4/4-1-9-international-competitiveness.html,Edexcel A-Level Economics 4.1.9 International Competitiveness,1,International Competitiveness,577,9,43,2,True,
https://economicsacademy.co.uk/revision-notes/edexcel-theme-4/4-2-1-absolute-relative-poverty.html,200,,https://economicsacademy.co.uk/revision-notes/edexcel-theme-4/4-2-1-absolute-relative-poverty.html,https://economicsacademy.co.uk/revision-notes/edexcel-theme-4/4-2-1-absolute-relative-poverty.html,True,,Edexcel A-Level Economics 4.2.1 Absolute and Relative Poverty,61,"Free Edexcel A-Level Economics revision notes for unit 4.2.1. Covers the difference between the two measures, what changes poverty, and the link with growth.",157,https://economicsacademy.co.uk/revision-notes/edexcel-theme-4/4-2-1-absolute-relative-poverty.html,Edexcel A-Level Economics 4.2.1 Absolute and Relative Poverty,1,Absolute and Relative Poverty,406,9,30,2,True,
https://economicsacademy.co.uk/revision-notes/edexcel-theme-4/4-2-2-inequality.html,200,,https://economicsacademy.co.uk/revision-notes/edexcel-theme-4/4-2-2-inequality.html,https://economicsacademy.co.uk/revision-notes/edexcel-theme-4/4-2-2-inequality.html,True,,Edexcel A-Level Economics 4.2.2 Inequality,42,"Edexcel A-Level Economics 4.2.2 revision notes. Covers the Lorenz curve and Gini coefficient, the causes of inequality and the Kuznets curve. With diagrams.",156,https://economicsacademy.co.uk/revision-notes/edexcel-theme-4/4-2-2-inequality.html,Edexcel A-Level Economics 4.2.2 Inequality,1,Inequality,1005,9,54,2,True,
https://economicsacademy.co.uk/revision-notes/edexcel-theme-4/4-3-1-measures-of-development.html,200,,https://economicsacademy.co.uk/revision-notes/edexcel-theme-4/4-3-1-measures-of-development.html,https://economicsacademy.co.uk/revision-notes/edexcel-theme-4/4-3-1-measures-of-development.html,True,,Edexcel A-Level Economics 4.3.1 Measures of Development,55,"Free Edexcel A-Level Economics revision notes for unit 4.3.1. Covers growth versus development, single and composite indicators, HDI, and the IHDI and MPI.",155,https://economicsacademy.co.uk/revision-notes/edexcel-theme-4/4-3-1-measures-of-development.html,Edexcel A-Level Economics 4.3.1 Measures of Development,1,Measures of Development,607,8,32,2,True,
https://economicsacademy.co.uk/revision-notes/edexcel-theme-4/4-3-2-factors-influencing-growth-development.html,200,,https://economicsacademy.co.uk/revision-notes/edexcel-theme-4/4-3-2-factors-influencing-growth-development.html,https://economicsacademy.co.uk/revision-notes/edexcel-theme-4/4-3-2-factors-influencing-growth-development.html,True,,Edexcel A-Level Economics 4.3.2 Influences on Development,57,Edexcel A-Level Economics 4.3.2 revision notes. Covers the economic and non-economic factors behind development. With key definitions and evaluation points.,156,https://economicsacademy.co.uk/revision-notes/edexcel-theme-4/4-3-2-factors-influencing-growth-development.html,Edexcel A-Level Economics 4.3.2 Influences on Development,1,Factors Influencing Growth and Development,890,9,57,2,True,
https://economicsacademy.co.uk/revision-notes/edexcel-theme-4/4-3-3-strategies-influencing-growth-development.html,200,,https://economicsacademy.co.uk/revision-notes/edexcel-theme-4/4-3-3-strategies-influencing-growth-development.html,https://economicsacademy.co.uk/revision-notes/edexcel-theme-4/4-3-3-strategies-influencing-growth-development.html,True,,Edexcel A-Level Economics 4.3.3 Strategies for Development,58,"Edexcel A-Level Economics 4.3.3 revision notes. Covers market-orientated and interventionist strategies, aid, and international institutions. With diagrams.",156,https://economicsacademy.co.uk/revision-notes/edexcel-theme-4/4-3-3-strategies-influencing-growth-development.html,Edexcel A-Level Economics 4.3.3 Strategies for Development,1,Strategies Influencing Growth and Development,1456,10,68,2,True,
https://economicsacademy.co.uk/revision-notes/edexcel-theme-4/4-4-1-role-of-financial-markets.html,200,,https://economicsacademy.co.uk/revision-notes/edexcel-theme-4/4-4-1-role-of-financial-markets.html,https://economicsacademy.co.uk/revision-notes/edexcel-theme-4/4-4-1-role-of-financial-markets.html,True,,Edexcel A-Level Economics 4.4.1 Role of Financial Markets,57,"Free Edexcel A-Level Economics revision notes for unit 4.4.1. Covers the functions of financial markets, capital allocation and the case for regulation.",152,https://economicsacademy.co.uk/revision-notes/edexcel-theme-4/4-4-1-role-of-financial-markets.html,Edexcel A-Level Economics 4.4.1 Role of Financial Markets,1,Role of Financial Markets,406,9,34,2,True,
https://economicsacademy.co.uk/revision-notes/edexcel-theme-4/4-4-2-market-failure-in-the-financial-sector.html,200,,https://economicsacademy.co.uk/revision-notes/edexcel-theme-4/4-4-2-market-failure-in-the-financial-sector.html,https://economicsacademy.co.uk/revision-notes/edexcel-theme-4/4-4-2-market-failure-in-the-financial-sector.html,True,,Edexcel A-Level Economics 4.4.2 Financial Market Failure,56,"Free Edexcel A-Level Economics revision notes for unit 4.4.2. Covers systemic risk, moral hazard, speculation, and the consequences for the wider economy.",154,https://economicsacademy.co.uk/revision-notes/edexcel-theme-4/4-4-2-market-failure-in-the-financial-sector.html,Edexcel A-Level Economics 4.4.2 Financial Market Failure,1,Market Failure in the Financial Sector,654,11,32,2,True,
https://economicsacademy.co.uk/revision-notes/edexcel-theme-4/4-4-3-role-of-central-banks.html,200,,https://economicsacademy.co.uk/revision-notes/edexcel-theme-4/4-4-3-role-of-central-banks.html,https://economicsacademy.co.uk/revision-notes/edexcel-theme-4/4-4-3-role-of-central-banks.html,True,,Edexcel A-Level Economics 4.4.3 Role of Central Banks,53,"Free Edexcel A-Level Economics revision notes for unit 4.4.3. Covers the functions of a central bank, financial stability, and the limits of its policy tools.",158,https://economicsacademy.co.uk/revision-notes/edexcel-theme-4/4-4-3-role-of-central-banks.html,Edexcel A-Level Economics 4.4.3 Role of Central Banks,1,Role of Central Banks,576,9,27,2,True,
https://economicsacademy.co.uk/revision-notes/edexcel-theme-4/4-5-1-public-expenditure.html,200,,https://economicsacademy.co.uk/revision-notes/edexcel-theme-4/4-5-1-public-expenditure.html,https://economicsacademy.co.uk/revision-notes/edexcel-theme-4/4-5-1-public-expenditure.html,True,,Edexcel A-Level Economics 4.5.1 Public Expenditure,50,"Free Edexcel A-Level Economics revision notes for unit 4.5.1. Covers current, capital and transfer spending and why its size and composition change over time.",158,https://economicsacademy.co.uk/revision-notes/edexcel-theme-4/4-5-1-public-expenditure.html,Edexcel A-Level Economics 4.5.1 Public Expenditure,1,Public Expenditure,534,9,33,2,True,
https://economicsacademy.co.uk/revision-notes/edexcel-theme-4/4-5-2-taxation.html,200,,https://economicsacademy.co.uk/revision-notes/edexcel-theme-4/4-5-2-taxation.html,https://economicsacademy.co.uk/revision-notes/edexcel-theme-4/4-5-2-taxation.html,True,,Edexcel A-Level Economics 4.5.2 Taxation,40,"Revision notes for Edexcel A-Level Economics 4.5.2. Covers progressive, proportional and regressive taxes, direct and indirect taxes, and the Laffer curve. With diagrams.",170,https://economicsacademy.co.uk/revision-notes/edexcel-theme-4/4-5-2-taxation.html,Edexcel A-Level Economics 4.5.2 Taxation,1,Taxation,811,9,50,2,True,
https://economicsacademy.co.uk/revision-notes/edexcel-theme-4/4-5-3-public-sector-finances.html,200,,https://economicsacademy.co.uk/revision-notes/edexcel-theme-4/4-5-3-public-sector-finances.html,https://economicsacademy.co.uk/revision-notes/edexcel-theme-4/4-5-3-public-sector-finances.html,True,,Edexcel A-Level Economics 4.5.3 Public Sector Finances,54,"Free Edexcel A-Level Economics revision notes for unit 4.5.3. Covers fiscal deficits versus national debt, automatic stabilisers, and structural deficits.",154,https://economicsacademy.co.uk/revision-notes/edexcel-theme-4/4-5-3-public-sector-finances.html,Edexcel A-Level Economics 4.5.3 Public Sector Finances,1,Public Sector Finances,688,9,52,2,True,
https://economicsacademy.co.uk/revision-notes/edexcel-theme-4/4-5-4-macroeconomic-policies-in-a-global-context.html,200,,https://economicsacademy.co.uk/revision-notes/edexcel-theme-4/4-5-4-macroeconomic-policies-in-a-global-context.html,https://economicsacademy.co.uk/revision-notes/edexcel-theme-4/4-5-4-macroeconomic-policies-in-a-global-context.html,True,,Edexcel A-Level Economics 4.5.4 Global Macroeconomic Policy,59,Free Edexcel A-Level Economics revision notes (4.5.4). Covers how globalisation constrains national policy and the difficulty of controlling global firms.,154,https://economicsacademy.co.uk/revision-notes/edexcel-theme-4/4-5-4-macroeconomic-policies-in-a-global-context.html,Edexcel A-Level Economics 4.5.4 Global Macroeconomic Policy,1,Macroeconomic Policies in a Global Context,1109,12,27,2,True,
https://economicsacademy.co.uk/revision-notes/edexcel-theme-4/index.html,200,,https://economicsacademy.co.uk/revision-notes/edexcel-theme-4/index.html,https://economicsacademy.co.uk/revision-notes/edexcel-theme-4/,False,,Edexcel Theme 4 Revision Notes | A Global Perspective | Economics Academy,73,"Free Edexcel A-Level Economics Theme 4 revision notes — international economics, poverty and inequality, emerging economies, the financial sector, and the role of the state. Every topic covered, with links to detailed notes on each subtopic.",241,https://economicsacademy.co.uk/revision-notes/edexcel-theme-4/,Edexcel Theme 4 Revision Notes | A Global Perspective | Economics Academy,1,Edexcel Theme 4: A Global Perspective,250,24,68,1,True,
https://economicsacademy.co.uk/revision-notes/glossary/,200,,https://economicsacademy.co.uk/revision-notes/glossary/,https://economicsacademy.co.uk/revision-notes/glossary/,True,,A-Level Economics Glossary — Key Terms & Formulae | Economics Academy,69,"Free A-Level Economics glossary. Choose your exam board for every definition and formula you need, taken from our Edexcel and AQA revision notes.",145,https://economicsacademy.co.uk/revision-notes/glossary/,A-Level Economics Glossary — Key Terms & Formulae | Economics Academy,1,A-Level Economics Glossary,178,10,6,2,True,
https://economicsacademy.co.uk/revision-notes/glossary/aqa/,200,,https://economicsacademy.co.uk/revision-notes/glossary/aqa/,https://economicsacademy.co.uk/revision-notes/glossary/aqa/,True,,AQA A-Level Economics Glossary — Key Terms & Formulae | Economics Academy,73,"Every key term and formula for AQA A-Level Economics (7136), taken from our microeconomics and macroeconomics revision notes. Search or print.",142,https://economicsacademy.co.uk/revision-notes/glossary/aqa/,AQA A-Level Economics Glossary — Key Terms & Formulae | Economics Academy,1,AQA A-Level Economics Glossary,11059,375,3,2,True,
https://economicsacademy.co.uk/revision-notes/glossary/edexcel-a/,200,,https://economicsacademy.co.uk/revision-notes/glossary/edexcel-a/,https://economicsacademy.co.uk/revision-notes/glossary/edexcel-a/,True,,Edexcel A-Level Economics A Glossary — Key Terms & Formulae | Economics Academy,79,"Every key term and formula for Edexcel A-Level Economics (9EC0), taken from our Theme 1-4 revision notes. Search, browse A-Z or print.",134,https://economicsacademy.co.uk/revision-notes/glossary/edexcel-a/,Edexcel A-Level Economics A Glossary — Key Terms & Formulae | Economics Academy,1,Edexcel A-Level Economics A Glossary,9744,336,3,2,True,
https://economicsacademy.co.uk/revision-notes/index.html,200,,https://economicsacademy.co.uk/revision-notes/index.html,https://economicsacademy.co.uk/revision-notes/,False,,A-Level Economics Revision Notes | Free Edexcel & AQA Resources,63,"Free A-Level Economics revision notes for Edexcel (Themes 1–4) and AQA (Microeconomics and Macroeconomics). Every specification topic covered, with key definitions, analysis, and exam tips — written by an expert tutor.",218,https://economicsacademy.co.uk/revision-notes/,Free A-Level Economics Revision Notes | Edexcel & AQA | Economics Academy,1,Free A-Level Economics Revision Notes,139,13,348,1,True,
https://economicsacademy.co.uk/revision-notes/macro-application/,200,,https://economicsacademy.co.uk/revision-notes/macro-application/,https://economicsacademy.co.uk/revision-notes/macro-application/,True,,Macroeconomic Application | A-Level Economics Revision Notes | Economics Academy,80,"Real-world UK and South Africa macroeconomic data and worked examples for A-Level Economics. Use application points on growth, inflation, unemployment, trade, inequality, and policy in essays and data responses.",211,https://economicsacademy.co.uk/revision-notes/macro-application/,Macroeconomic Application | A-Level Economics Revision Notes,1,Macroeconomic Application,9331,2,0,0,False,
https://economicsacademy.co.uk/revision-notes/macro-application/index.html,200,,https://economicsacademy.co.uk/revision-notes/macro-application/index.html,https://economicsacademy.co.uk/revision-notes/macro-application/,False,,Macroeconomic Application | A-Level Economics Revision Notes | Economics Academy,80,"Real-world UK and South Africa macroeconomic data and worked examples for A-Level Economics. Use application points on growth, inflation, unemployment, trade, inequality, and policy in essays and data responses.",211,https://economicsacademy.co.uk/revision-notes/macro-application/,Macroeconomic Application | A-Level Economics Revision Notes,1,Macroeconomic Application,9331,2,2,0,True,
https://economicsacademy.co.uk/revision-notes/macroeconomics-diagrams.html,200,,https://economicsacademy.co.uk/revision-notes/macroeconomics-diagrams.html,https://economicsacademy.co.uk/revision-notes/macroeconomics-diagrams.html,True,,Edexcel A-Level Economics Macroeconomics Diagrams,49,"Free Edexcel A-Level Economics revision notes: every macroeconomics diagram used across Themes 2 and 4, each with a short explanation and an exam prompt.",153,https://economicsacademy.co.uk/revision-notes/macroeconomics-diagrams.html,Edexcel A-Level Economics Macroeconomics Diagrams,1,Macroeconomics Diagrams,2283,47,1,2,True,
https://economicsacademy.co.uk/revision-notes/microeconomics-diagrams.html,200,,https://economicsacademy.co.uk/revision-notes/microeconomics-diagrams.html,https://economicsacademy.co.uk/revision-notes/microeconomics-diagrams.html,True,,Edexcel A-Level Economics Microeconomics Diagrams,49,"Free Edexcel A-Level Economics revision notes: every microeconomics diagram used across Themes 1 and 3, each with a short explanation and an exam prompt.",153,https://economicsacademy.co.uk/revision-notes/microeconomics-diagrams.html,Edexcel A-Level Economics Microeconomics Diagrams,1,Microeconomics Diagrams,3703,70,1,2,True,
https://economicsacademy.co.uk/tutoring.html,200,,https://economicsacademy.co.uk/tutoring.html,https://economicsacademy.co.uk/tutoring.html,True,,Online A-Level Economics Tutor | Expert 1-on-1 Tutoring | Economics Academy,75,"Expert online 1-on-1 A-Level Economics tutoring from Eliot King. First-Class Economics graduate, 6+ years experience, 100+ students tutored. Edexcel, AQA & OCR. Book a free intro call.",184,https://economicsacademy.co.uk/tutoring.html,Online A-Level Economics Tutor | Expert 1-on-1 Tutoring | Economics Academy,1,Online A-Level Economics Tutor,478,10,530,1,True,
