page,canonical_url,dir_status,dir_location,dir_index_status,dir_index_location,html_status,html_location,extensionless_status,extensionless_location,www_status,www_location,http_status,http_location
404.html,https://economicsacademy.co.uk/404.html,,,404,,200,,200,,301,https://economicsacademy.co.uk/404.html,301,https://economicsacademy.co.uk/404.html
about.html,https://economicsacademy.co.uk/about.html,,,404,,200,,200,,301,https://economicsacademy.co.uk/about.html,301,https://economicsacademy.co.uk/about.html
confirmation.html,https://economicsacademy.co.uk/confirmation.html,,,404,,200,,200,,301,https://economicsacademy.co.uk/confirmation.html,301,https://economicsacademy.co.uk/confirmation.html
contact.html,https://economicsacademy.co.uk/contact.html,,,404,,200,,200,,301,https://economicsacademy.co.uk/contact.html,301,https://economicsacademy.co.uk/contact.html
faq.html,https://economicsacademy.co.uk/faq.html,,,404,,200,,200,,301,https://economicsacademy.co.uk/faq.html,301,https://economicsacademy.co.uk/faq.html
flashcards/aqa/macro/index.html,https://economicsacademy.co.uk/flashcards/aqa/macro/,200,,200,,,,301,https://economicsacademy.co.uk/flashcards/aqa/macro/,301,https://economicsacademy.co.uk/flashcards/aqa/macro/,301,https://economicsacademy.co.uk/flashcards/aqa/macro/
flashcards/aqa/micro/index.html,https://economicsacademy.co.uk/flashcards/aqa/micro/,200,,200,,,,301,https://economicsacademy.co.uk/flashcards/aqa/micro/,301,https://economicsacademy.co.uk/flashcards/aqa/micro/,301,https://economicsacademy.co.uk/flashcards/aqa/micro/
flashcards/edexcel-a/theme-1/index.html,https://economicsacademy.co.uk/flashcards/edexcel-a/theme-1/,200,,200,,,,301,https://economicsacademy.co.uk/flashcards/edexcel-a/theme-1/,301,https://economicsacademy.co.uk/flashcards/edexcel-a/theme-1/,301,https://economicsacademy.co.uk/flashcards/edexcel-a/theme-1/
flashcards/edexcel-a/theme-2/index.html,https://economicsacademy.co.uk/flashcards/edexcel-a/theme-2/,200,,200,,,,301,https://economicsacademy.co.uk/flashcards/edexcel-a/theme-2/,301,https://economicsacademy.co.uk/flashcards/edexcel-a/theme-2/,301,https://economicsacademy.co.uk/flashcards/edexcel-a/theme-2/
flashcards/edexcel-a/theme-3/index.html,https://economicsacademy.co.uk/flashcards/edexcel-a/theme-3/,200,,200,,,,301,https://economicsacademy.co.uk/flashcards/edexcel-a/theme-3/,301,https://economicsacademy.co.uk/flashcards/edexcel-a/theme-3/,301,https://economicsacademy.co.uk/flashcards/edexcel-a/theme-3/
flashcards/edexcel-a/theme-4/index.html,https://economicsacademy.co.uk/flashcards/edexcel-a/theme-4/,200,,200,,,,301,https://economicsacademy.co.uk/flashcards/edexcel-a/theme-4/,301,https://economicsacademy.co.uk/flashcards/edexcel-a/theme-4/,301,https://economicsacademy.co.uk/flashcards/edexcel-a/theme-4/
flashcards/index.html,https://economicsacademy.co.uk/flashcards/,200,,200,,,,301,https://economicsacademy.co.uk/flashcards/,301,https://economicsacademy.co.uk/flashcards/,301,https://economicsacademy.co.uk/flashcards/
index.html,https://economicsacademy.co.uk/,200,,200,,,,,,301,https://economicsacademy.co.uk/,301,https://economicsacademy.co.uk/
marking.html,https://economicsacademy.co.uk/marking.html,,,404,,200,,200,,301,https://economicsacademy.co.uk/marking.html,301,https://economicsacademy.co.uk/marking.html
past-paper-questions/aqa/1-3-1-the-determinants-of-the-demand-for-goods-and-services/index.html,https://economicsacademy.co.uk/past-paper-questions/aqa/1-3-1-the-determinants-of-the-demand-for-goods-and-services/,200,,200,,,,301,https://economicsacademy.co.uk/past-paper-questions/aqa/1-3-1-the-determinants-of-the-demand-for-goods-and-services/,301,https://economicsacademy.co.uk/past-paper-questions/aqa/1-3-1-the-determinants-of-the-demand-for-goods-and-services/,301,https://economicsacademy.co.uk/past-paper-questions/aqa/1-3-1-the-determinants-of-the-demand-for-goods-and-services/
past-paper-questions/aqa/1-3-5-the-determination-of-equilibrium-market-prices/index.html,https://economicsacademy.co.uk/past-paper-questions/aqa/1-3-5-the-determination-of-equilibrium-market-prices/,200,,200,,,,301,https://economicsacademy.co.uk/past-paper-questions/aqa/1-3-5-the-determination-of-equilibrium-market-prices/,301,https://economicsacademy.co.uk/past-paper-questions/aqa/1-3-5-the-determination-of-equilibrium-market-prices/,301,https://economicsacademy.co.uk/past-paper-questions/aqa/1-3-5-the-determination-of-equilibrium-market-prices/
past-paper-questions/aqa/1-4-7-profit/index.html,https://economicsacademy.co.uk/past-paper-questions/aqa/1-4-7-profit/,200,,200,,,,301,https://economicsacademy.co.uk/past-paper-questions/aqa/1-4-7-profit/,301,https://economicsacademy.co.uk/past-paper-questions/aqa/1-4-7-profit/,301,https://economicsacademy.co.uk/past-paper-questions/aqa/1-4-7-profit/
past-paper-questions/aqa/1-4-8-technological-change/index.html,https://economicsacademy.co.uk/past-paper-questions/aqa/1-4-8-technological-change/,200,,200,,,,301,https://economicsacademy.co.uk/past-paper-questions/aqa/1-4-8-technological-change/,301,https://economicsacademy.co.uk/past-paper-questions/aqa/1-4-8-technological-change/,301,https://economicsacademy.co.uk/past-paper-questions/aqa/1-4-8-technological-change/
past-paper-questions/aqa/1-5-10-market-structure-efficiency-resource-allocation/index.html,https://economicsacademy.co.uk/past-paper-questions/aqa/1-5-10-market-structure-efficiency-resource-allocation/,200,,200,,,,301,https://economicsacademy.co.uk/past-paper-questions/aqa/1-5-10-market-structure-efficiency-resource-allocation/,301,https://economicsacademy.co.uk/past-paper-questions/aqa/1-5-10-market-structure-efficiency-resource-allocation/,301,https://economicsacademy.co.uk/past-paper-questions/aqa/1-5-10-market-structure-efficiency-resource-allocation/
past-paper-questions/aqa/1-5-5-oligopoly/index.html,https://economicsacademy.co.uk/past-paper-questions/aqa/1-5-5-oligopoly/,200,,200,,,,301,https://economicsacademy.co.uk/past-paper-questions/aqa/1-5-5-oligopoly/,301,https://economicsacademy.co.uk/past-paper-questions/aqa/1-5-5-oligopoly/,301,https://economicsacademy.co.uk/past-paper-questions/aqa/1-5-5-oligopoly/
past-paper-questions/aqa/1-5-6-monopoly-and-monopoly-power/index.html,https://economicsacademy.co.uk/past-paper-questions/aqa/1-5-6-monopoly-and-monopoly-power/,200,,200,,,,301,https://economicsacademy.co.uk/past-paper-questions/aqa/1-5-6-monopoly-and-monopoly-power/,301,https://economicsacademy.co.uk/past-paper-questions/aqa/1-5-6-monopoly-and-monopoly-power/,301,https://economicsacademy.co.uk/past-paper-questions/aqa/1-5-6-monopoly-and-monopoly-power/
past-paper-questions/aqa/1-5-8-the-dynamics-of-competition-and-competitive-market-processes/index.html,https://economicsacademy.co.uk/past-paper-questions/aqa/1-5-8-the-dynamics-of-competition-and-competitive-market-processes/,200,,200,,,,301,https://economicsacademy.co.uk/past-paper-questions/aqa/1-5-8-the-dynamics-of-competition-and-competitive-market-processes/,301,https://economicsacademy.co.uk/past-paper-questions/aqa/1-5-8-the-dynamics-of-competition-and-competitive-market-processes/,301,https://economicsacademy.co.uk/past-paper-questions/aqa/1-5-8-the-dynamics-of-competition-and-competitive-market-processes/
past-paper-questions/aqa/1-6-2-influence-upon-the-supply-of-labour-to-different-markets/index.html,https://economicsacademy.co.uk/past-paper-questions/aqa/1-6-2-influence-upon-the-supply-of-labour-to-different-markets/,200,,200,,,,301,https://economicsacademy.co.uk/past-paper-questions/aqa/1-6-2-influence-upon-the-supply-of-labour-to-different-markets/,301,https://economicsacademy.co.uk/past-paper-questions/aqa/1-6-2-influence-upon-the-supply-of-labour-to-different-markets/,301,https://economicsacademy.co.uk/past-paper-questions/aqa/1-6-2-influence-upon-the-supply-of-labour-to-different-markets/
past-paper-questions/aqa/1-6-5-the-influence-of-trade-unions-in-determining-wages-and-levels-of-employment/index.html,https://economicsacademy.co.uk/past-paper-questions/aqa/1-6-5-the-influence-of-trade-unions-in-determining-wages-and-levels-of-employment/,200,,200,,,,301,https://economicsacademy.co.uk/past-paper-questions/aqa/1-6-5-the-influence-of-trade-unions-in-determining-wages-and-levels-of-employment/,301,https://economicsacademy.co.uk/past-paper-questions/aqa/1-6-5-the-influence-of-trade-unions-in-determining-wages-and-levels-of-employment/,301,https://economicsacademy.co.uk/past-paper-questions/aqa/1-6-5-the-influence-of-trade-unions-in-determining-wages-and-levels-of-employment/
past-paper-questions/aqa/1-6-7-discrimination-in-the-labour-market/index.html,https://economicsacademy.co.uk/past-paper-questions/aqa/1-6-7-discrimination-in-the-labour-market/,200,,200,,,,301,https://economicsacademy.co.uk/past-paper-questions/aqa/1-6-7-discrimination-in-the-labour-market/,301,https://economicsacademy.co.uk/past-paper-questions/aqa/1-6-7-discrimination-in-the-labour-market/,301,https://economicsacademy.co.uk/past-paper-questions/aqa/1-6-7-discrimination-in-the-labour-market/
past-paper-questions/aqa/1-7-1-the-distribution-of-income-and-wealth/index.html,https://economicsacademy.co.uk/past-paper-questions/aqa/1-7-1-the-distribution-of-income-and-wealth/,200,,200,,,,301,https://economicsacademy.co.uk/past-paper-questions/aqa/1-7-1-the-distribution-of-income-and-wealth/,301,https://economicsacademy.co.uk/past-paper-questions/aqa/1-7-1-the-distribution-of-income-and-wealth/,301,https://economicsacademy.co.uk/past-paper-questions/aqa/1-7-1-the-distribution-of-income-and-wealth/
past-paper-questions/aqa/1-7-2-the-problem-of-poverty/index.html,https://economicsacademy.co.uk/past-paper-questions/aqa/1-7-2-the-problem-of-poverty/,200,,200,,,,301,https://economicsacademy.co.uk/past-paper-questions/aqa/1-7-2-the-problem-of-poverty/,301,https://economicsacademy.co.uk/past-paper-questions/aqa/1-7-2-the-problem-of-poverty/,301,https://economicsacademy.co.uk/past-paper-questions/aqa/1-7-2-the-problem-of-poverty/
past-paper-questions/aqa/1-7-3-government-policies-poverty-income-distribution/index.html,https://economicsacademy.co.uk/past-paper-questions/aqa/1-7-3-government-policies-poverty-income-distribution/,200,,200,,,,301,https://economicsacademy.co.uk/past-paper-questions/aqa/1-7-3-government-policies-poverty-income-distribution/,301,https://economicsacademy.co.uk/past-paper-questions/aqa/1-7-3-government-policies-poverty-income-distribution/,301,https://economicsacademy.co.uk/past-paper-questions/aqa/1-7-3-government-policies-poverty-income-distribution/
past-paper-questions/aqa/1-8-4-positive-and-negative-externalities-in-consumption-and-production/index.html,https://economicsacademy.co.uk/past-paper-questions/aqa/1-8-4-positive-and-negative-externalities-in-consumption-and-production/,200,,200,,,,301,https://economicsacademy.co.uk/past-paper-questions/aqa/1-8-4-positive-and-negative-externalities-in-consumption-and-production/,301,https://economicsacademy.co.uk/past-paper-questions/aqa/1-8-4-positive-and-negative-externalities-in-consumption-and-production/,301,https://economicsacademy.co.uk/past-paper-questions/aqa/1-8-4-positive-and-negative-externalities-in-consumption-and-production/
past-paper-questions/aqa/1-8-7-competition-policy/index.html,https://economicsacademy.co.uk/past-paper-questions/aqa/1-8-7-competition-policy/,200,,200,,,,301,https://economicsacademy.co.uk/past-paper-questions/aqa/1-8-7-competition-policy/,301,https://economicsacademy.co.uk/past-paper-questions/aqa/1-8-7-competition-policy/,301,https://economicsacademy.co.uk/past-paper-questions/aqa/1-8-7-competition-policy/
past-paper-questions/aqa/1-8-8-public-ownership-privatisation-regulation-and-deregulation-of-markets/index.html,https://economicsacademy.co.uk/past-paper-questions/aqa/1-8-8-public-ownership-privatisation-regulation-and-deregulation-of-markets/,200,,200,,,,301,https://economicsacademy.co.uk/past-paper-questions/aqa/1-8-8-public-ownership-privatisation-regulation-and-deregulation-of-markets/,301,https://economicsacademy.co.uk/past-paper-questions/aqa/1-8-8-public-ownership-privatisation-regulation-and-deregulation-of-markets/,301,https://economicsacademy.co.uk/past-paper-questions/aqa/1-8-8-public-ownership-privatisation-regulation-and-deregulation-of-markets/
past-paper-questions/aqa/1-8-9-government-intervention-in-markets/index.html,https://economicsacademy.co.uk/past-paper-questions/aqa/1-8-9-government-intervention-in-markets/,200,,200,,,,301,https://economicsacademy.co.uk/past-paper-questions/aqa/1-8-9-government-intervention-in-markets/,301,https://economicsacademy.co.uk/past-paper-questions/aqa/1-8-9-government-intervention-in-markets/,301,https://economicsacademy.co.uk/past-paper-questions/aqa/1-8-9-government-intervention-in-markets/
past-paper-questions/aqa/2-1-2-macroeconomic-indicators/index.html,https://economicsacademy.co.uk/past-paper-questions/aqa/2-1-2-macroeconomic-indicators/,200,,200,,,,301,https://economicsacademy.co.uk/past-paper-questions/aqa/2-1-2-macroeconomic-indicators/,301,https://economicsacademy.co.uk/past-paper-questions/aqa/2-1-2-macroeconomic-indicators/,301,https://economicsacademy.co.uk/past-paper-questions/aqa/2-1-2-macroeconomic-indicators/
past-paper-questions/aqa/2-1-4-uses-of-national-income-data/index.html,https://economicsacademy.co.uk/past-paper-questions/aqa/2-1-4-uses-of-national-income-data/,200,,200,,,,301,https://economicsacademy.co.uk/past-paper-questions/aqa/2-1-4-uses-of-national-income-data/,301,https://economicsacademy.co.uk/past-paper-questions/aqa/2-1-4-uses-of-national-income-data/,301,https://economicsacademy.co.uk/past-paper-questions/aqa/2-1-4-uses-of-national-income-data/
past-paper-questions/aqa/2-2-3-the-determinants-of-aggregate-demand/index.html,https://economicsacademy.co.uk/past-paper-questions/aqa/2-2-3-the-determinants-of-aggregate-demand/,200,,200,,,,301,https://economicsacademy.co.uk/past-paper-questions/aqa/2-2-3-the-determinants-of-aggregate-demand/,301,https://economicsacademy.co.uk/past-paper-questions/aqa/2-2-3-the-determinants-of-aggregate-demand/,301,https://economicsacademy.co.uk/past-paper-questions/aqa/2-2-3-the-determinants-of-aggregate-demand/
past-paper-questions/aqa/2-2-6-determinants-of-long-run-aggregate-supply/index.html,https://economicsacademy.co.uk/past-paper-questions/aqa/2-2-6-determinants-of-long-run-aggregate-supply/,200,,200,,,,301,https://economicsacademy.co.uk/past-paper-questions/aqa/2-2-6-determinants-of-long-run-aggregate-supply/,301,https://economicsacademy.co.uk/past-paper-questions/aqa/2-2-6-determinants-of-long-run-aggregate-supply/,301,https://economicsacademy.co.uk/past-paper-questions/aqa/2-2-6-determinants-of-long-run-aggregate-supply/
past-paper-questions/aqa/2-3-1-economic-growth-and-the-economic-cycle/index.html,https://economicsacademy.co.uk/past-paper-questions/aqa/2-3-1-economic-growth-and-the-economic-cycle/,200,,200,,,,301,https://economicsacademy.co.uk/past-paper-questions/aqa/2-3-1-economic-growth-and-the-economic-cycle/,301,https://economicsacademy.co.uk/past-paper-questions/aqa/2-3-1-economic-growth-and-the-economic-cycle/,301,https://economicsacademy.co.uk/past-paper-questions/aqa/2-3-1-economic-growth-and-the-economic-cycle/
past-paper-questions/aqa/2-3-2-employment-and-unemployment/index.html,https://economicsacademy.co.uk/past-paper-questions/aqa/2-3-2-employment-and-unemployment/,200,,200,,,,301,https://economicsacademy.co.uk/past-paper-questions/aqa/2-3-2-employment-and-unemployment/,301,https://economicsacademy.co.uk/past-paper-questions/aqa/2-3-2-employment-and-unemployment/,301,https://economicsacademy.co.uk/past-paper-questions/aqa/2-3-2-employment-and-unemployment/
past-paper-questions/aqa/2-3-3-inflation-and-deflation/index.html,https://economicsacademy.co.uk/past-paper-questions/aqa/2-3-3-inflation-and-deflation/,200,,200,,,,301,https://economicsacademy.co.uk/past-paper-questions/aqa/2-3-3-inflation-and-deflation/,301,https://economicsacademy.co.uk/past-paper-questions/aqa/2-3-3-inflation-and-deflation/,301,https://economicsacademy.co.uk/past-paper-questions/aqa/2-3-3-inflation-and-deflation/
past-paper-questions/aqa/2-3-4-possible-conflicts-between-macroeconomic-policy-objectives/index.html,https://economicsacademy.co.uk/past-paper-questions/aqa/2-3-4-possible-conflicts-between-macroeconomic-policy-objectives/,200,,200,,,,301,https://economicsacademy.co.uk/past-paper-questions/aqa/2-3-4-possible-conflicts-between-macroeconomic-policy-objectives/,301,https://economicsacademy.co.uk/past-paper-questions/aqa/2-3-4-possible-conflicts-between-macroeconomic-policy-objectives/,301,https://economicsacademy.co.uk/past-paper-questions/aqa/2-3-4-possible-conflicts-between-macroeconomic-policy-objectives/
past-paper-questions/aqa/2-4-3-central-banks-and-monetary-policy/index.html,https://economicsacademy.co.uk/past-paper-questions/aqa/2-4-3-central-banks-and-monetary-policy/,200,,200,,,,301,https://economicsacademy.co.uk/past-paper-questions/aqa/2-4-3-central-banks-and-monetary-policy/,301,https://economicsacademy.co.uk/past-paper-questions/aqa/2-4-3-central-banks-and-monetary-policy/,301,https://economicsacademy.co.uk/past-paper-questions/aqa/2-4-3-central-banks-and-monetary-policy/
past-paper-questions/aqa/2-5-1-fiscal-policy/index.html,https://economicsacademy.co.uk/past-paper-questions/aqa/2-5-1-fiscal-policy/,200,,200,,,,301,https://economicsacademy.co.uk/past-paper-questions/aqa/2-5-1-fiscal-policy/,301,https://economicsacademy.co.uk/past-paper-questions/aqa/2-5-1-fiscal-policy/,301,https://economicsacademy.co.uk/past-paper-questions/aqa/2-5-1-fiscal-policy/
past-paper-questions/aqa/2-5-2-supply-side-policies/index.html,https://economicsacademy.co.uk/past-paper-questions/aqa/2-5-2-supply-side-policies/,200,,200,,,,301,https://economicsacademy.co.uk/past-paper-questions/aqa/2-5-2-supply-side-policies/,301,https://economicsacademy.co.uk/past-paper-questions/aqa/2-5-2-supply-side-policies/,301,https://economicsacademy.co.uk/past-paper-questions/aqa/2-5-2-supply-side-policies/
past-paper-questions/aqa/2-6-1-globalisation/index.html,https://economicsacademy.co.uk/past-paper-questions/aqa/2-6-1-globalisation/,200,,200,,,,301,https://economicsacademy.co.uk/past-paper-questions/aqa/2-6-1-globalisation/,301,https://economicsacademy.co.uk/past-paper-questions/aqa/2-6-1-globalisation/,301,https://economicsacademy.co.uk/past-paper-questions/aqa/2-6-1-globalisation/
past-paper-questions/aqa/2-6-2-trade/index.html,https://economicsacademy.co.uk/past-paper-questions/aqa/2-6-2-trade/,200,,200,,,,301,https://economicsacademy.co.uk/past-paper-questions/aqa/2-6-2-trade/,301,https://economicsacademy.co.uk/past-paper-questions/aqa/2-6-2-trade/,301,https://economicsacademy.co.uk/past-paper-questions/aqa/2-6-2-trade/
past-paper-questions/aqa/2-6-3-the-balance-of-payments/index.html,https://economicsacademy.co.uk/past-paper-questions/aqa/2-6-3-the-balance-of-payments/,200,,200,,,,301,https://economicsacademy.co.uk/past-paper-questions/aqa/2-6-3-the-balance-of-payments/,301,https://economicsacademy.co.uk/past-paper-questions/aqa/2-6-3-the-balance-of-payments/,301,https://economicsacademy.co.uk/past-paper-questions/aqa/2-6-3-the-balance-of-payments/
past-paper-questions/aqa/2-6-4-exchange-rate-systems/index.html,https://economicsacademy.co.uk/past-paper-questions/aqa/2-6-4-exchange-rate-systems/,200,,200,,,,301,https://economicsacademy.co.uk/past-paper-questions/aqa/2-6-4-exchange-rate-systems/,301,https://economicsacademy.co.uk/past-paper-questions/aqa/2-6-4-exchange-rate-systems/,301,https://economicsacademy.co.uk/past-paper-questions/aqa/2-6-4-exchange-rate-systems/
past-paper-questions/aqa/2-6-5-economic-growth-and-development/index.html,https://economicsacademy.co.uk/past-paper-questions/aqa/2-6-5-economic-growth-and-development/,200,,200,,,,301,https://economicsacademy.co.uk/past-paper-questions/aqa/2-6-5-economic-growth-and-development/,301,https://economicsacademy.co.uk/past-paper-questions/aqa/2-6-5-economic-growth-and-development/,301,https://economicsacademy.co.uk/past-paper-questions/aqa/2-6-5-economic-growth-and-development/
past-paper-questions/aqa/index.html,https://economicsacademy.co.uk/past-paper-questions/aqa/,200,,200,,,,301,https://economicsacademy.co.uk/past-paper-questions/aqa/,301,https://economicsacademy.co.uk/past-paper-questions/aqa/,301,https://economicsacademy.co.uk/past-paper-questions/aqa/
past-paper-questions/aqa/macroeconomics/index.html,https://economicsacademy.co.uk/past-paper-questions/aqa/macroeconomics/,200,,200,,,,301,https://economicsacademy.co.uk/past-paper-questions/aqa/macroeconomics/,301,https://economicsacademy.co.uk/past-paper-questions/aqa/macroeconomics/,301,https://economicsacademy.co.uk/past-paper-questions/aqa/macroeconomics/
past-paper-questions/aqa/microeconomics/index.html,https://economicsacademy.co.uk/past-paper-questions/aqa/microeconomics/,200,,200,,,,301,https://economicsacademy.co.uk/past-paper-questions/aqa/microeconomics/,301,https://economicsacademy.co.uk/past-paper-questions/aqa/microeconomics/,301,https://economicsacademy.co.uk/past-paper-questions/aqa/microeconomics/
past-paper-questions/edexcel/1-1-3-the-economic-problem/index.html,https://economicsacademy.co.uk/past-paper-questions/edexcel/1-1-3-the-economic-problem/,200,,200,,,,301,https://economicsacademy.co.uk/past-paper-questions/edexcel/1-1-3-the-economic-problem/,301,https://economicsacademy.co.uk/past-paper-questions/edexcel/1-1-3-the-economic-problem/,301,https://economicsacademy.co.uk/past-paper-questions/edexcel/1-1-3-the-economic-problem/
past-paper-questions/edexcel/1-1-6-types-of-economies/index.html,https://economicsacademy.co.uk/past-paper-questions/edexcel/1-1-6-types-of-economies/,200,,200,,,,301,https://economicsacademy.co.uk/past-paper-questions/edexcel/1-1-6-types-of-economies/,301,https://economicsacademy.co.uk/past-paper-questions/edexcel/1-1-6-types-of-economies/,301,https://economicsacademy.co.uk/past-paper-questions/edexcel/1-1-6-types-of-economies/
past-paper-questions/edexcel/1-2-1-rational-decision-making/index.html,https://economicsacademy.co.uk/past-paper-questions/edexcel/1-2-1-rational-decision-making/,200,,200,,,,301,https://economicsacademy.co.uk/past-paper-questions/edexcel/1-2-1-rational-decision-making/,301,https://economicsacademy.co.uk/past-paper-questions/edexcel/1-2-1-rational-decision-making/,301,https://economicsacademy.co.uk/past-paper-questions/edexcel/1-2-1-rational-decision-making/
past-paper-questions/edexcel/1-2-10-alternative-views-of-consumer-behaviour/index.html,https://economicsacademy.co.uk/past-paper-questions/edexcel/1-2-10-alternative-views-of-consumer-behaviour/,200,,200,,,,301,https://economicsacademy.co.uk/past-paper-questions/edexcel/1-2-10-alternative-views-of-consumer-behaviour/,301,https://economicsacademy.co.uk/past-paper-questions/edexcel/1-2-10-alternative-views-of-consumer-behaviour/,301,https://economicsacademy.co.uk/past-paper-questions/edexcel/1-2-10-alternative-views-of-consumer-behaviour/
past-paper-questions/edexcel/1-2-2-demand/index.html,https://economicsacademy.co.uk/past-paper-questions/edexcel/1-2-2-demand/,200,,200,,,,301,https://economicsacademy.co.uk/past-paper-questions/edexcel/1-2-2-demand/,301,https://economicsacademy.co.uk/past-paper-questions/edexcel/1-2-2-demand/,301,https://economicsacademy.co.uk/past-paper-questions/edexcel/1-2-2-demand/
past-paper-questions/edexcel/1-2-3-price-income-cross-elasticities-of-demand/index.html,https://economicsacademy.co.uk/past-paper-questions/edexcel/1-2-3-price-income-cross-elasticities-of-demand/,200,,200,,,,301,https://economicsacademy.co.uk/past-paper-questions/edexcel/1-2-3-price-income-cross-elasticities-of-demand/,301,https://economicsacademy.co.uk/past-paper-questions/edexcel/1-2-3-price-income-cross-elasticities-of-demand/,301,https://economicsacademy.co.uk/past-paper-questions/edexcel/1-2-3-price-income-cross-elasticities-of-demand/
past-paper-questions/edexcel/1-2-5-price-elasticity-of-supply/index.html,https://economicsacademy.co.uk/past-paper-questions/edexcel/1-2-5-price-elasticity-of-supply/,200,,200,,,,301,https://economicsacademy.co.uk/past-paper-questions/edexcel/1-2-5-price-elasticity-of-supply/,301,https://economicsacademy.co.uk/past-paper-questions/edexcel/1-2-5-price-elasticity-of-supply/,301,https://economicsacademy.co.uk/past-paper-questions/edexcel/1-2-5-price-elasticity-of-supply/
past-paper-questions/edexcel/1-2-6-price-determination/index.html,https://economicsacademy.co.uk/past-paper-questions/edexcel/1-2-6-price-determination/,200,,200,,,,301,https://economicsacademy.co.uk/past-paper-questions/edexcel/1-2-6-price-determination/,301,https://economicsacademy.co.uk/past-paper-questions/edexcel/1-2-6-price-determination/,301,https://economicsacademy.co.uk/past-paper-questions/edexcel/1-2-6-price-determination/
past-paper-questions/edexcel/1-2-9-indirect-taxes-subsidies/index.html,https://economicsacademy.co.uk/past-paper-questions/edexcel/1-2-9-indirect-taxes-subsidies/,200,,200,,,,301,https://economicsacademy.co.uk/past-paper-questions/edexcel/1-2-9-indirect-taxes-subsidies/,301,https://economicsacademy.co.uk/past-paper-questions/edexcel/1-2-9-indirect-taxes-subsidies/,301,https://economicsacademy.co.uk/past-paper-questions/edexcel/1-2-9-indirect-taxes-subsidies/
past-paper-questions/edexcel/1-3-1-types-of-market-failure/index.html,https://economicsacademy.co.uk/past-paper-questions/edexcel/1-3-1-types-of-market-failure/,200,,200,,,,301,https://economicsacademy.co.uk/past-paper-questions/edexcel/1-3-1-types-of-market-failure/,301,https://economicsacademy.co.uk/past-paper-questions/edexcel/1-3-1-types-of-market-failure/,301,https://economicsacademy.co.uk/past-paper-questions/edexcel/1-3-1-types-of-market-failure/
past-paper-questions/edexcel/1-3-2-externalities/index.html,https://economicsacademy.co.uk/past-paper-questions/edexcel/1-3-2-externalities/,200,,200,,,,301,https://economicsacademy.co.uk/past-paper-questions/edexcel/1-3-2-externalities/,301,https://economicsacademy.co.uk/past-paper-questions/edexcel/1-3-2-externalities/,301,https://economicsacademy.co.uk/past-paper-questions/edexcel/1-3-2-externalities/
past-paper-questions/edexcel/1-3-4-information-gaps/index.html,https://economicsacademy.co.uk/past-paper-questions/edexcel/1-3-4-information-gaps/,200,,200,,,,301,https://economicsacademy.co.uk/past-paper-questions/edexcel/1-3-4-information-gaps/,301,https://economicsacademy.co.uk/past-paper-questions/edexcel/1-3-4-information-gaps/,301,https://economicsacademy.co.uk/past-paper-questions/edexcel/1-3-4-information-gaps/
past-paper-questions/edexcel/1-4-1-government-intervention-in-markets/index.html,https://economicsacademy.co.uk/past-paper-questions/edexcel/1-4-1-government-intervention-in-markets/,200,,200,,,,301,https://economicsacademy.co.uk/past-paper-questions/edexcel/1-4-1-government-intervention-in-markets/,301,https://economicsacademy.co.uk/past-paper-questions/edexcel/1-4-1-government-intervention-in-markets/,301,https://economicsacademy.co.uk/past-paper-questions/edexcel/1-4-1-government-intervention-in-markets/
past-paper-questions/edexcel/2-1-1-economic-growth/index.html,https://economicsacademy.co.uk/past-paper-questions/edexcel/2-1-1-economic-growth/,200,,200,,,,301,https://economicsacademy.co.uk/past-paper-questions/edexcel/2-1-1-economic-growth/,301,https://economicsacademy.co.uk/past-paper-questions/edexcel/2-1-1-economic-growth/,301,https://economicsacademy.co.uk/past-paper-questions/edexcel/2-1-1-economic-growth/
past-paper-questions/edexcel/2-1-2-inflation/index.html,https://economicsacademy.co.uk/past-paper-questions/edexcel/2-1-2-inflation/,200,,200,,,,301,https://economicsacademy.co.uk/past-paper-questions/edexcel/2-1-2-inflation/,301,https://economicsacademy.co.uk/past-paper-questions/edexcel/2-1-2-inflation/,301,https://economicsacademy.co.uk/past-paper-questions/edexcel/2-1-2-inflation/
past-paper-questions/edexcel/2-1-3-employment-unemployment/index.html,https://economicsacademy.co.uk/past-paper-questions/edexcel/2-1-3-employment-unemployment/,200,,200,,,,301,https://economicsacademy.co.uk/past-paper-questions/edexcel/2-1-3-employment-unemployment/,301,https://economicsacademy.co.uk/past-paper-questions/edexcel/2-1-3-employment-unemployment/,301,https://economicsacademy.co.uk/past-paper-questions/edexcel/2-1-3-employment-unemployment/
past-paper-questions/edexcel/2-2-1-aggregate-demand/index.html,https://economicsacademy.co.uk/past-paper-questions/edexcel/2-2-1-aggregate-demand/,200,,200,,,,301,https://economicsacademy.co.uk/past-paper-questions/edexcel/2-2-1-aggregate-demand/,301,https://economicsacademy.co.uk/past-paper-questions/edexcel/2-2-1-aggregate-demand/,301,https://economicsacademy.co.uk/past-paper-questions/edexcel/2-2-1-aggregate-demand/
past-paper-questions/edexcel/2-2-2-consumption/index.html,https://economicsacademy.co.uk/past-paper-questions/edexcel/2-2-2-consumption/,200,,200,,,,301,https://economicsacademy.co.uk/past-paper-questions/edexcel/2-2-2-consumption/,301,https://economicsacademy.co.uk/past-paper-questions/edexcel/2-2-2-consumption/,301,https://economicsacademy.co.uk/past-paper-questions/edexcel/2-2-2-consumption/
past-paper-questions/edexcel/2-2-3-investment/index.html,https://economicsacademy.co.uk/past-paper-questions/edexcel/2-2-3-investment/,200,,200,,,,301,https://economicsacademy.co.uk/past-paper-questions/edexcel/2-2-3-investment/,301,https://economicsacademy.co.uk/past-paper-questions/edexcel/2-2-3-investment/,301,https://economicsacademy.co.uk/past-paper-questions/edexcel/2-2-3-investment/
past-paper-questions/edexcel/2-2-4-government-expenditure/index.html,https://economicsacademy.co.uk/past-paper-questions/edexcel/2-2-4-government-expenditure/,200,,200,,,,301,https://economicsacademy.co.uk/past-paper-questions/edexcel/2-2-4-government-expenditure/,301,https://economicsacademy.co.uk/past-paper-questions/edexcel/2-2-4-government-expenditure/,301,https://economicsacademy.co.uk/past-paper-questions/edexcel/2-2-4-government-expenditure/
past-paper-questions/edexcel/2-2-5-net-trade/index.html,https://economicsacademy.co.uk/past-paper-questions/edexcel/2-2-5-net-trade/,200,,200,,,,301,https://economicsacademy.co.uk/past-paper-questions/edexcel/2-2-5-net-trade/,301,https://economicsacademy.co.uk/past-paper-questions/edexcel/2-2-5-net-trade/,301,https://economicsacademy.co.uk/past-paper-questions/edexcel/2-2-5-net-trade/
past-paper-questions/edexcel/2-5-1-causes-of-growth/index.html,https://economicsacademy.co.uk/past-paper-questions/edexcel/2-5-1-causes-of-growth/,200,,200,,,,301,https://economicsacademy.co.uk/past-paper-questions/edexcel/2-5-1-causes-of-growth/,301,https://economicsacademy.co.uk/past-paper-questions/edexcel/2-5-1-causes-of-growth/,301,https://economicsacademy.co.uk/past-paper-questions/edexcel/2-5-1-causes-of-growth/
past-paper-questions/edexcel/2-6-2-demand-side-policies/index.html,https://economicsacademy.co.uk/past-paper-questions/edexcel/2-6-2-demand-side-policies/,200,,200,,,,301,https://economicsacademy.co.uk/past-paper-questions/edexcel/2-6-2-demand-side-policies/,301,https://economicsacademy.co.uk/past-paper-questions/edexcel/2-6-2-demand-side-policies/,301,https://economicsacademy.co.uk/past-paper-questions/edexcel/2-6-2-demand-side-policies/
past-paper-questions/edexcel/2-6-3-supply-side-policies/index.html,https://economicsacademy.co.uk/past-paper-questions/edexcel/2-6-3-supply-side-policies/,200,,200,,,,301,https://economicsacademy.co.uk/past-paper-questions/edexcel/2-6-3-supply-side-policies/,301,https://economicsacademy.co.uk/past-paper-questions/edexcel/2-6-3-supply-side-policies/,301,https://economicsacademy.co.uk/past-paper-questions/edexcel/2-6-3-supply-side-policies/
past-paper-questions/edexcel/2-6-4-conflicts-between-objectives-and-policies/index.html,https://economicsacademy.co.uk/past-paper-questions/edexcel/2-6-4-conflicts-between-objectives-and-policies/,200,,200,,,,301,https://economicsacademy.co.uk/past-paper-questions/edexcel/2-6-4-conflicts-between-objectives-and-policies/,301,https://economicsacademy.co.uk/past-paper-questions/edexcel/2-6-4-conflicts-between-objectives-and-policies/,301,https://economicsacademy.co.uk/past-paper-questions/edexcel/2-6-4-conflicts-between-objectives-and-policies/
past-paper-questions/edexcel/3-1-2-business-growth/index.html,https://economicsacademy.co.uk/past-paper-questions/edexcel/3-1-2-business-growth/,200,,200,,,,301,https://economicsacademy.co.uk/past-paper-questions/edexcel/3-1-2-business-growth/,301,https://economicsacademy.co.uk/past-paper-questions/edexcel/3-1-2-business-growth/,301,https://economicsacademy.co.uk/past-paper-questions/edexcel/3-1-2-business-growth/
past-paper-questions/edexcel/3-3-1-revenue/index.html,https://economicsacademy.co.uk/past-paper-questions/edexcel/3-3-1-revenue/,200,,200,,,,301,https://economicsacademy.co.uk/past-paper-questions/edexcel/3-3-1-revenue/,301,https://economicsacademy.co.uk/past-paper-questions/edexcel/3-3-1-revenue/,301,https://economicsacademy.co.uk/past-paper-questions/edexcel/3-3-1-revenue/
past-paper-questions/edexcel/3-3-2-costs/index.html,https://economicsacademy.co.uk/past-paper-questions/edexcel/3-3-2-costs/,200,,200,,,,301,https://economicsacademy.co.uk/past-paper-questions/edexcel/3-3-2-costs/,301,https://economicsacademy.co.uk/past-paper-questions/edexcel/3-3-2-costs/,301,https://economicsacademy.co.uk/past-paper-questions/edexcel/3-3-2-costs/
past-paper-questions/edexcel/3-3-4-normal-profits-supernormal-profits-losses/index.html,https://economicsacademy.co.uk/past-paper-questions/edexcel/3-3-4-normal-profits-supernormal-profits-losses/,200,,200,,,,301,https://economicsacademy.co.uk/past-paper-questions/edexcel/3-3-4-normal-profits-supernormal-profits-losses/,301,https://economicsacademy.co.uk/past-paper-questions/edexcel/3-3-4-normal-profits-supernormal-profits-losses/,301,https://economicsacademy.co.uk/past-paper-questions/edexcel/3-3-4-normal-profits-supernormal-profits-losses/
past-paper-questions/edexcel/3-4-4-oligopoly/index.html,https://economicsacademy.co.uk/past-paper-questions/edexcel/3-4-4-oligopoly/,200,,200,,,,301,https://economicsacademy.co.uk/past-paper-questions/edexcel/3-4-4-oligopoly/,301,https://economicsacademy.co.uk/past-paper-questions/edexcel/3-4-4-oligopoly/,301,https://economicsacademy.co.uk/past-paper-questions/edexcel/3-4-4-oligopoly/
past-paper-questions/edexcel/3-4-5-monopoly/index.html,https://economicsacademy.co.uk/past-paper-questions/edexcel/3-4-5-monopoly/,200,,200,,,,301,https://economicsacademy.co.uk/past-paper-questions/edexcel/3-4-5-monopoly/,301,https://economicsacademy.co.uk/past-paper-questions/edexcel/3-4-5-monopoly/,301,https://economicsacademy.co.uk/past-paper-questions/edexcel/3-4-5-monopoly/
past-paper-questions/edexcel/3-4-7-contestability/index.html,https://economicsacademy.co.uk/past-paper-questions/edexcel/3-4-7-contestability/,200,,200,,,,301,https://economicsacademy.co.uk/past-paper-questions/edexcel/3-4-7-contestability/,301,https://economicsacademy.co.uk/past-paper-questions/edexcel/3-4-7-contestability/,301,https://economicsacademy.co.uk/past-paper-questions/edexcel/3-4-7-contestability/
past-paper-questions/edexcel/3-5-2-supply-of-labour/index.html,https://economicsacademy.co.uk/past-paper-questions/edexcel/3-5-2-supply-of-labour/,200,,200,,,,301,https://economicsacademy.co.uk/past-paper-questions/edexcel/3-5-2-supply-of-labour/,301,https://economicsacademy.co.uk/past-paper-questions/edexcel/3-5-2-supply-of-labour/,301,https://economicsacademy.co.uk/past-paper-questions/edexcel/3-5-2-supply-of-labour/
past-paper-questions/edexcel/3-5-3-wage-determination/index.html,https://economicsacademy.co.uk/past-paper-questions/edexcel/3-5-3-wage-determination/,200,,200,,,,301,https://economicsacademy.co.uk/past-paper-questions/edexcel/3-5-3-wage-determination/,301,https://economicsacademy.co.uk/past-paper-questions/edexcel/3-5-3-wage-determination/,301,https://economicsacademy.co.uk/past-paper-questions/edexcel/3-5-3-wage-determination/
past-paper-questions/edexcel/3-6-1-government-intervention/index.html,https://economicsacademy.co.uk/past-paper-questions/edexcel/3-6-1-government-intervention/,200,,200,,,,301,https://economicsacademy.co.uk/past-paper-questions/edexcel/3-6-1-government-intervention/,301,https://economicsacademy.co.uk/past-paper-questions/edexcel/3-6-1-government-intervention/,301,https://economicsacademy.co.uk/past-paper-questions/edexcel/3-6-1-government-intervention/
past-paper-questions/edexcel/4-1-1-globalisation/index.html,https://economicsacademy.co.uk/past-paper-questions/edexcel/4-1-1-globalisation/,200,,200,,,,301,https://economicsacademy.co.uk/past-paper-questions/edexcel/4-1-1-globalisation/,301,https://economicsacademy.co.uk/past-paper-questions/edexcel/4-1-1-globalisation/,301,https://economicsacademy.co.uk/past-paper-questions/edexcel/4-1-1-globalisation/
past-paper-questions/edexcel/4-1-3-pattern-of-trade/index.html,https://economicsacademy.co.uk/past-paper-questions/edexcel/4-1-3-pattern-of-trade/,200,,200,,,,301,https://economicsacademy.co.uk/past-paper-questions/edexcel/4-1-3-pattern-of-trade/,301,https://economicsacademy.co.uk/past-paper-questions/edexcel/4-1-3-pattern-of-trade/,301,https://economicsacademy.co.uk/past-paper-questions/edexcel/4-1-3-pattern-of-trade/
past-paper-questions/edexcel/4-1-5-trading-blocs-and-the-world-trade-organisation/index.html,https://economicsacademy.co.uk/past-paper-questions/edexcel/4-1-5-trading-blocs-and-the-world-trade-organisation/,200,,200,,,,301,https://economicsacademy.co.uk/past-paper-questions/edexcel/4-1-5-trading-blocs-and-the-world-trade-organisation/,301,https://economicsacademy.co.uk/past-paper-questions/edexcel/4-1-5-trading-blocs-and-the-world-trade-organisation/,301,https://economicsacademy.co.uk/past-paper-questions/edexcel/4-1-5-trading-blocs-and-the-world-trade-organisation/
past-paper-questions/edexcel/4-1-8-exchange-rates/index.html,https://economicsacademy.co.uk/past-paper-questions/edexcel/4-1-8-exchange-rates/,200,,200,,,,301,https://economicsacademy.co.uk/past-paper-questions/edexcel/4-1-8-exchange-rates/,301,https://economicsacademy.co.uk/past-paper-questions/edexcel/4-1-8-exchange-rates/,301,https://economicsacademy.co.uk/past-paper-questions/edexcel/4-1-8-exchange-rates/
past-paper-questions/edexcel/4-1-9-international-competitiveness/index.html,https://economicsacademy.co.uk/past-paper-questions/edexcel/4-1-9-international-competitiveness/,200,,200,,,,301,https://economicsacademy.co.uk/past-paper-questions/edexcel/4-1-9-international-competitiveness/,301,https://economicsacademy.co.uk/past-paper-questions/edexcel/4-1-9-international-competitiveness/,301,https://economicsacademy.co.uk/past-paper-questions/edexcel/4-1-9-international-competitiveness/
past-paper-questions/edexcel/4-2-2-inequality/index.html,https://economicsacademy.co.uk/past-paper-questions/edexcel/4-2-2-inequality/,200,,200,,,,301,https://economicsacademy.co.uk/past-paper-questions/edexcel/4-2-2-inequality/,301,https://economicsacademy.co.uk/past-paper-questions/edexcel/4-2-2-inequality/,301,https://economicsacademy.co.uk/past-paper-questions/edexcel/4-2-2-inequality/
past-paper-questions/edexcel/4-3-2-factors-influencing-growth-development/index.html,https://economicsacademy.co.uk/past-paper-questions/edexcel/4-3-2-factors-influencing-growth-development/,200,,200,,,,301,https://economicsacademy.co.uk/past-paper-questions/edexcel/4-3-2-factors-influencing-growth-development/,301,https://economicsacademy.co.uk/past-paper-questions/edexcel/4-3-2-factors-influencing-growth-development/,301,https://economicsacademy.co.uk/past-paper-questions/edexcel/4-3-2-factors-influencing-growth-development/
past-paper-questions/edexcel/4-3-3-strategies-influencing-growth-development/index.html,https://economicsacademy.co.uk/past-paper-questions/edexcel/4-3-3-strategies-influencing-growth-development/,200,,200,,,,301,https://economicsacademy.co.uk/past-paper-questions/edexcel/4-3-3-strategies-influencing-growth-development/,301,https://economicsacademy.co.uk/past-paper-questions/edexcel/4-3-3-strategies-influencing-growth-development/,301,https://economicsacademy.co.uk/past-paper-questions/edexcel/4-3-3-strategies-influencing-growth-development/
past-paper-questions/edexcel/4-4-1-role-of-financial-markets/index.html,https://economicsacademy.co.uk/past-paper-questions/edexcel/4-4-1-role-of-financial-markets/,200,,200,,,,301,https://economicsacademy.co.uk/past-paper-questions/edexcel/4-4-1-role-of-financial-markets/,301,https://economicsacademy.co.uk/past-paper-questions/edexcel/4-4-1-role-of-financial-markets/,301,https://economicsacademy.co.uk/past-paper-questions/edexcel/4-4-1-role-of-financial-markets/
past-paper-questions/edexcel/4-4-3-role-of-central-banks/index.html,https://economicsacademy.co.uk/past-paper-questions/edexcel/4-4-3-role-of-central-banks/,200,,200,,,,301,https://economicsacademy.co.uk/past-paper-questions/edexcel/4-4-3-role-of-central-banks/,301,https://economicsacademy.co.uk/past-paper-questions/edexcel/4-4-3-role-of-central-banks/,301,https://economicsacademy.co.uk/past-paper-questions/edexcel/4-4-3-role-of-central-banks/
past-paper-questions/edexcel/4-5-2-taxation/index.html,https://economicsacademy.co.uk/past-paper-questions/edexcel/4-5-2-taxation/,200,,200,,,,301,https://economicsacademy.co.uk/past-paper-questions/edexcel/4-5-2-taxation/,301,https://economicsacademy.co.uk/past-paper-questions/edexcel/4-5-2-taxation/,301,https://economicsacademy.co.uk/past-paper-questions/edexcel/4-5-2-taxation/
past-paper-questions/edexcel/4-5-3-public-sector-finances/index.html,https://economicsacademy.co.uk/past-paper-questions/edexcel/4-5-3-public-sector-finances/,200,,200,,,,301,https://economicsacademy.co.uk/past-paper-questions/edexcel/4-5-3-public-sector-finances/,301,https://economicsacademy.co.uk/past-paper-questions/edexcel/4-5-3-public-sector-finances/,301,https://economicsacademy.co.uk/past-paper-questions/edexcel/4-5-3-public-sector-finances/
past-paper-questions/edexcel/index.html,https://economicsacademy.co.uk/past-paper-questions/edexcel/,200,,200,,,,301,https://economicsacademy.co.uk/past-paper-questions/edexcel/,301,https://economicsacademy.co.uk/past-paper-questions/edexcel/,301,https://economicsacademy.co.uk/past-paper-questions/edexcel/
past-paper-questions/edexcel/theme-1/index.html,https://economicsacademy.co.uk/past-paper-questions/edexcel/theme-1/,200,,200,,,,301,https://economicsacademy.co.uk/past-paper-questions/edexcel/theme-1/,301,https://economicsacademy.co.uk/past-paper-questions/edexcel/theme-1/,301,https://economicsacademy.co.uk/past-paper-questions/edexcel/theme-1/
past-paper-questions/edexcel/theme-2/index.html,https://economicsacademy.co.uk/past-paper-questions/edexcel/theme-2/,200,,200,,,,301,https://economicsacademy.co.uk/past-paper-questions/edexcel/theme-2/,301,https://economicsacademy.co.uk/past-paper-questions/edexcel/theme-2/,301,https://economicsacademy.co.uk/past-paper-questions/edexcel/theme-2/
past-paper-questions/edexcel/theme-3/index.html,https://economicsacademy.co.uk/past-paper-questions/edexcel/theme-3/,200,,200,,,,301,https://economicsacademy.co.uk/past-paper-questions/edexcel/theme-3/,301,https://economicsacademy.co.uk/past-paper-questions/edexcel/theme-3/,301,https://economicsacademy.co.uk/past-paper-questions/edexcel/theme-3/
past-paper-questions/edexcel/theme-4/index.html,https://economicsacademy.co.uk/past-paper-questions/edexcel/theme-4/,200,,200,,,,301,https://economicsacademy.co.uk/past-paper-questions/edexcel/theme-4/,301,https://economicsacademy.co.uk/past-paper-questions/edexcel/theme-4/,301,https://economicsacademy.co.uk/past-paper-questions/edexcel/theme-4/
past-paper-questions/index.html,https://economicsacademy.co.uk/past-paper-questions/,200,,200,,,,301,https://economicsacademy.co.uk/past-paper-questions/,301,https://economicsacademy.co.uk/past-paper-questions/,301,https://economicsacademy.co.uk/past-paper-questions/
past-papers/aqa/index.html,https://economicsacademy.co.uk/past-papers/aqa/,200,,200,,,,301,https://economicsacademy.co.uk/past-papers/aqa/,301,https://economicsacademy.co.uk/past-papers/aqa/,301,https://economicsacademy.co.uk/past-papers/aqa/
past-papers/edexcel-b/index.html,https://economicsacademy.co.uk/past-papers/edexcel-b/,200,,200,,,,301,https://economicsacademy.co.uk/past-papers/edexcel-b/,301,https://economicsacademy.co.uk/past-papers/edexcel-b/,301,https://economicsacademy.co.uk/past-papers/edexcel-b/
past-papers/edexcel/index.html,https://economicsacademy.co.uk/past-papers/edexcel/,200,,200,,,,301,https://economicsacademy.co.uk/past-papers/edexcel/,301,https://economicsacademy.co.uk/past-papers/edexcel/,301,https://economicsacademy.co.uk/past-papers/edexcel/
past-papers/index.html,https://economicsacademy.co.uk/past-papers/,200,,200,,,,301,https://economicsacademy.co.uk/past-papers/,301,https://economicsacademy.co.uk/past-papers/,301,https://economicsacademy.co.uk/past-papers/
past-papers/ocr/index.html,https://economicsacademy.co.uk/past-papers/ocr/,200,,200,,,,301,https://economicsacademy.co.uk/past-papers/ocr/,301,https://economicsacademy.co.uk/past-papers/ocr/,301,https://economicsacademy.co.uk/past-papers/ocr/
practice-questions/aqa-a2-macro/2-1-1-the-objectives-of-government-economic-policy.html,https://economicsacademy.co.uk/practice-questions/aqa-a2-macro/2-1-1-the-objectives-of-government-economic-policy.html,,,404,,200,,200,,301,https://economicsacademy.co.uk/practice-questions/aqa-a2-macro/2-1-1-the-objectives-of-government-economic-policy.html,301,https://economicsacademy.co.uk/practice-questions/aqa-a2-macro/2-1-1-the-objectives-of-government-economic-policy.html
practice-questions/aqa-a2-macro/2-1-2-macroeconomic-indicators.html,https://economicsacademy.co.uk/practice-questions/aqa-a2-macro/2-1-2-macroeconomic-indicators.html,,,404,,200,,200,,301,https://economicsacademy.co.uk/practice-questions/aqa-a2-macro/2-1-2-macroeconomic-indicators.html,301,https://economicsacademy.co.uk/practice-questions/aqa-a2-macro/2-1-2-macroeconomic-indicators.html
practice-questions/aqa-a2-macro/2-1-3-uses-of-index-numbers.html,https://economicsacademy.co.uk/practice-questions/aqa-a2-macro/2-1-3-uses-of-index-numbers.html,,,404,,200,,200,,301,https://economicsacademy.co.uk/practice-questions/aqa-a2-macro/2-1-3-uses-of-index-numbers.html,301,https://economicsacademy.co.uk/practice-questions/aqa-a2-macro/2-1-3-uses-of-index-numbers.html
practice-questions/aqa-a2-macro/2-1-4-uses-of-national-income-data.html,https://economicsacademy.co.uk/practice-questions/aqa-a2-macro/2-1-4-uses-of-national-income-data.html,,,404,,200,,200,,301,https://economicsacademy.co.uk/practice-questions/aqa-a2-macro/2-1-4-uses-of-national-income-data.html,301,https://economicsacademy.co.uk/practice-questions/aqa-a2-macro/2-1-4-uses-of-national-income-data.html
practice-questions/aqa-a2-macro/2-2-1-the-circular-flow-of-income.html,https://economicsacademy.co.uk/practice-questions/aqa-a2-macro/2-2-1-the-circular-flow-of-income.html,,,404,,200,,200,,301,https://economicsacademy.co.uk/practice-questions/aqa-a2-macro/2-2-1-the-circular-flow-of-income.html,301,https://economicsacademy.co.uk/practice-questions/aqa-a2-macro/2-2-1-the-circular-flow-of-income.html
practice-questions/aqa-a2-macro/2-2-2-aggregate-demand-and-aggregate-supply-analysis.html,https://economicsacademy.co.uk/practice-questions/aqa-a2-macro/2-2-2-aggregate-demand-and-aggregate-supply-analysis.html,,,404,,200,,200,,301,https://economicsacademy.co.uk/practice-questions/aqa-a2-macro/2-2-2-aggregate-demand-and-aggregate-supply-analysis.html,301,https://economicsacademy.co.uk/practice-questions/aqa-a2-macro/2-2-2-aggregate-demand-and-aggregate-supply-analysis.html
practice-questions/aqa-a2-macro/2-2-3-the-determinants-of-aggregate-demand.html,https://economicsacademy.co.uk/practice-questions/aqa-a2-macro/2-2-3-the-determinants-of-aggregate-demand.html,,,404,,200,,200,,301,https://economicsacademy.co.uk/practice-questions/aqa-a2-macro/2-2-3-the-determinants-of-aggregate-demand.html,301,https://economicsacademy.co.uk/practice-questions/aqa-a2-macro/2-2-3-the-determinants-of-aggregate-demand.html
practice-questions/aqa-a2-macro/2-2-4-aggregate-demand-and-the-level-of-economic-activity.html,https://economicsacademy.co.uk/practice-questions/aqa-a2-macro/2-2-4-aggregate-demand-and-the-level-of-economic-activity.html,,,404,,200,,200,,301,https://economicsacademy.co.uk/practice-questions/aqa-a2-macro/2-2-4-aggregate-demand-and-the-level-of-economic-activity.html,301,https://economicsacademy.co.uk/practice-questions/aqa-a2-macro/2-2-4-aggregate-demand-and-the-level-of-economic-activity.html
practice-questions/aqa-a2-macro/2-2-5-determinants-of-short-run-aggregate-supply.html,https://economicsacademy.co.uk/practice-questions/aqa-a2-macro/2-2-5-determinants-of-short-run-aggregate-supply.html,,,404,,200,,200,,301,https://economicsacademy.co.uk/practice-questions/aqa-a2-macro/2-2-5-determinants-of-short-run-aggregate-supply.html,301,https://economicsacademy.co.uk/practice-questions/aqa-a2-macro/2-2-5-determinants-of-short-run-aggregate-supply.html
practice-questions/aqa-a2-macro/2-2-6-determinants-of-long-run-aggregate-supply.html,https://economicsacademy.co.uk/practice-questions/aqa-a2-macro/2-2-6-determinants-of-long-run-aggregate-supply.html,,,404,,200,,200,,301,https://economicsacademy.co.uk/practice-questions/aqa-a2-macro/2-2-6-determinants-of-long-run-aggregate-supply.html,301,https://economicsacademy.co.uk/practice-questions/aqa-a2-macro/2-2-6-determinants-of-long-run-aggregate-supply.html
practice-questions/aqa-a2-macro/2-3-1-economic-growth-and-the-economic-cycle.html,https://economicsacademy.co.uk/practice-questions/aqa-a2-macro/2-3-1-economic-growth-and-the-economic-cycle.html,,,404,,200,,200,,301,https://economicsacademy.co.uk/practice-questions/aqa-a2-macro/2-3-1-economic-growth-and-the-economic-cycle.html,301,https://economicsacademy.co.uk/practice-questions/aqa-a2-macro/2-3-1-economic-growth-and-the-economic-cycle.html
practice-questions/aqa-a2-macro/2-3-2-employment-and-unemployment.html,https://economicsacademy.co.uk/practice-questions/aqa-a2-macro/2-3-2-employment-and-unemployment.html,,,404,,200,,200,,301,https://economicsacademy.co.uk/practice-questions/aqa-a2-macro/2-3-2-employment-and-unemployment.html,301,https://economicsacademy.co.uk/practice-questions/aqa-a2-macro/2-3-2-employment-and-unemployment.html
practice-questions/aqa-a2-macro/2-3-3-inflation-and-deflation.html,https://economicsacademy.co.uk/practice-questions/aqa-a2-macro/2-3-3-inflation-and-deflation.html,,,404,,200,,200,,301,https://economicsacademy.co.uk/practice-questions/aqa-a2-macro/2-3-3-inflation-and-deflation.html,301,https://economicsacademy.co.uk/practice-questions/aqa-a2-macro/2-3-3-inflation-and-deflation.html
practice-questions/aqa-a2-macro/2-3-4-possible-conflicts-between-macroeconomic-policy-objectives.html,https://economicsacademy.co.uk/practice-questions/aqa-a2-macro/2-3-4-possible-conflicts-between-macroeconomic-policy-objectives.html,,,404,,200,,200,,301,https://economicsacademy.co.uk/practice-questions/aqa-a2-macro/2-3-4-possible-conflicts-between-macroeconomic-policy-objectives.html,301,https://economicsacademy.co.uk/practice-questions/aqa-a2-macro/2-3-4-possible-conflicts-between-macroeconomic-policy-objectives.html
practice-questions/aqa-a2-macro/2-4-1-the-structure-of-financial-markets-and-financial-assets.html,https://economicsacademy.co.uk/practice-questions/aqa-a2-macro/2-4-1-the-structure-of-financial-markets-and-financial-assets.html,,,404,,200,,200,,301,https://economicsacademy.co.uk/practice-questions/aqa-a2-macro/2-4-1-the-structure-of-financial-markets-and-financial-assets.html,301,https://economicsacademy.co.uk/practice-questions/aqa-a2-macro/2-4-1-the-structure-of-financial-markets-and-financial-assets.html
practice-questions/aqa-a2-macro/2-4-2-commercial-banks-and-investment-banks.html,https://economicsacademy.co.uk/practice-questions/aqa-a2-macro/2-4-2-commercial-banks-and-investment-banks.html,,,404,,200,,200,,301,https://economicsacademy.co.uk/practice-questions/aqa-a2-macro/2-4-2-commercial-banks-and-investment-banks.html,301,https://economicsacademy.co.uk/practice-questions/aqa-a2-macro/2-4-2-commercial-banks-and-investment-banks.html
practice-questions/aqa-a2-macro/2-4-3-central-banks-and-monetary-policy.html,https://economicsacademy.co.uk/practice-questions/aqa-a2-macro/2-4-3-central-banks-and-monetary-policy.html,,,404,,200,,200,,301,https://economicsacademy.co.uk/practice-questions/aqa-a2-macro/2-4-3-central-banks-and-monetary-policy.html,301,https://economicsacademy.co.uk/practice-questions/aqa-a2-macro/2-4-3-central-banks-and-monetary-policy.html
practice-questions/aqa-a2-macro/2-4-4-the-regulation-of-the-financial-system.html,https://economicsacademy.co.uk/practice-questions/aqa-a2-macro/2-4-4-the-regulation-of-the-financial-system.html,,,404,,200,,200,,301,https://economicsacademy.co.uk/practice-questions/aqa-a2-macro/2-4-4-the-regulation-of-the-financial-system.html,301,https://economicsacademy.co.uk/practice-questions/aqa-a2-macro/2-4-4-the-regulation-of-the-financial-system.html
practice-questions/aqa-a2-macro/2-5-1-fiscal-policy.html,https://economicsacademy.co.uk/practice-questions/aqa-a2-macro/2-5-1-fiscal-policy.html,,,404,,200,,200,,301,https://economicsacademy.co.uk/practice-questions/aqa-a2-macro/2-5-1-fiscal-policy.html,301,https://economicsacademy.co.uk/practice-questions/aqa-a2-macro/2-5-1-fiscal-policy.html
practice-questions/aqa-a2-macro/2-5-2-supply-side-policies.html,https://economicsacademy.co.uk/practice-questions/aqa-a2-macro/2-5-2-supply-side-policies.html,,,404,,200,,200,,301,https://economicsacademy.co.uk/practice-questions/aqa-a2-macro/2-5-2-supply-side-policies.html,301,https://economicsacademy.co.uk/practice-questions/aqa-a2-macro/2-5-2-supply-side-policies.html
practice-questions/aqa-a2-macro/2-6-1-globalisation.html,https://economicsacademy.co.uk/practice-questions/aqa-a2-macro/2-6-1-globalisation.html,,,404,,200,,200,,301,https://economicsacademy.co.uk/practice-questions/aqa-a2-macro/2-6-1-globalisation.html,301,https://economicsacademy.co.uk/practice-questions/aqa-a2-macro/2-6-1-globalisation.html
practice-questions/aqa-a2-macro/2-6-2-trade.html,https://economicsacademy.co.uk/practice-questions/aqa-a2-macro/2-6-2-trade.html,,,404,,200,,200,,301,https://economicsacademy.co.uk/practice-questions/aqa-a2-macro/2-6-2-trade.html,301,https://economicsacademy.co.uk/practice-questions/aqa-a2-macro/2-6-2-trade.html
practice-questions/aqa-a2-macro/2-6-3-the-balance-of-payments.html,https://economicsacademy.co.uk/practice-questions/aqa-a2-macro/2-6-3-the-balance-of-payments.html,,,404,,200,,200,,301,https://economicsacademy.co.uk/practice-questions/aqa-a2-macro/2-6-3-the-balance-of-payments.html,301,https://economicsacademy.co.uk/practice-questions/aqa-a2-macro/2-6-3-the-balance-of-payments.html
practice-questions/aqa-a2-macro/2-6-4-exchange-rate-systems.html,https://economicsacademy.co.uk/practice-questions/aqa-a2-macro/2-6-4-exchange-rate-systems.html,,,404,,200,,200,,301,https://economicsacademy.co.uk/practice-questions/aqa-a2-macro/2-6-4-exchange-rate-systems.html,301,https://economicsacademy.co.uk/practice-questions/aqa-a2-macro/2-6-4-exchange-rate-systems.html
practice-questions/aqa-a2-macro/2-6-5-economic-growth-and-development.html,https://economicsacademy.co.uk/practice-questions/aqa-a2-macro/2-6-5-economic-growth-and-development.html,,,404,,200,,200,,301,https://economicsacademy.co.uk/practice-questions/aqa-a2-macro/2-6-5-economic-growth-and-development.html,301,https://economicsacademy.co.uk/practice-questions/aqa-a2-macro/2-6-5-economic-growth-and-development.html
practice-questions/aqa-a2-macro/index.html,https://economicsacademy.co.uk/practice-questions/aqa-a2-macro/,200,,200,,,,301,https://economicsacademy.co.uk/practice-questions/aqa-a2-macro/,301,https://economicsacademy.co.uk/practice-questions/aqa-a2-macro/,301,https://economicsacademy.co.uk/practice-questions/aqa-a2-macro/
practice-questions/aqa-a2-micro/1-1-1-economic-methodology.html,https://economicsacademy.co.uk/practice-questions/aqa-a2-micro/1-1-1-economic-methodology.html,,,404,,200,,200,,301,https://economicsacademy.co.uk/practice-questions/aqa-a2-micro/1-1-1-economic-methodology.html,301,https://economicsacademy.co.uk/practice-questions/aqa-a2-micro/1-1-1-economic-methodology.html
practice-questions/aqa-a2-micro/1-1-2-the-nature-and-purpose-of-economic-activity.html,https://economicsacademy.co.uk/practice-questions/aqa-a2-micro/1-1-2-the-nature-and-purpose-of-economic-activity.html,,,404,,200,,200,,301,https://economicsacademy.co.uk/practice-questions/aqa-a2-micro/1-1-2-the-nature-and-purpose-of-economic-activity.html,301,https://economicsacademy.co.uk/practice-questions/aqa-a2-micro/1-1-2-the-nature-and-purpose-of-economic-activity.html
practice-questions/aqa-a2-micro/1-1-3-economic-resources.html,https://economicsacademy.co.uk/practice-questions/aqa-a2-micro/1-1-3-economic-resources.html,,,404,,200,,200,,301,https://economicsacademy.co.uk/practice-questions/aqa-a2-micro/1-1-3-economic-resources.html,301,https://economicsacademy.co.uk/practice-questions/aqa-a2-micro/1-1-3-economic-resources.html
practice-questions/aqa-a2-micro/1-1-4-scarcity-choice-and-the-allocation-of-resources.html,https://economicsacademy.co.uk/practice-questions/aqa-a2-micro/1-1-4-scarcity-choice-and-the-allocation-of-resources.html,,,404,,200,,200,,301,https://economicsacademy.co.uk/practice-questions/aqa-a2-micro/1-1-4-scarcity-choice-and-the-allocation-of-resources.html,301,https://economicsacademy.co.uk/practice-questions/aqa-a2-micro/1-1-4-scarcity-choice-and-the-allocation-of-resources.html
practice-questions/aqa-a2-micro/1-1-5-production-possibility-diagrams.html,https://economicsacademy.co.uk/practice-questions/aqa-a2-micro/1-1-5-production-possibility-diagrams.html,,,404,,200,,200,,301,https://economicsacademy.co.uk/practice-questions/aqa-a2-micro/1-1-5-production-possibility-diagrams.html,301,https://economicsacademy.co.uk/practice-questions/aqa-a2-micro/1-1-5-production-possibility-diagrams.html
practice-questions/aqa-a2-micro/1-2-1-consumer-behaviour.html,https://economicsacademy.co.uk/practice-questions/aqa-a2-micro/1-2-1-consumer-behaviour.html,,,404,,200,,200,,301,https://economicsacademy.co.uk/practice-questions/aqa-a2-micro/1-2-1-consumer-behaviour.html,301,https://economicsacademy.co.uk/practice-questions/aqa-a2-micro/1-2-1-consumer-behaviour.html
practice-questions/aqa-a2-micro/1-2-2-imperfect-information.html,https://economicsacademy.co.uk/practice-questions/aqa-a2-micro/1-2-2-imperfect-information.html,,,404,,200,,200,,301,https://economicsacademy.co.uk/practice-questions/aqa-a2-micro/1-2-2-imperfect-information.html,301,https://economicsacademy.co.uk/practice-questions/aqa-a2-micro/1-2-2-imperfect-information.html
practice-questions/aqa-a2-micro/1-2-3-aspects-of-behavioural-economic-theory.html,https://economicsacademy.co.uk/practice-questions/aqa-a2-micro/1-2-3-aspects-of-behavioural-economic-theory.html,,,404,,200,,200,,301,https://economicsacademy.co.uk/practice-questions/aqa-a2-micro/1-2-3-aspects-of-behavioural-economic-theory.html,301,https://economicsacademy.co.uk/practice-questions/aqa-a2-micro/1-2-3-aspects-of-behavioural-economic-theory.html
practice-questions/aqa-a2-micro/1-2-4-behavioural-economics-and-economic-policy.html,https://economicsacademy.co.uk/practice-questions/aqa-a2-micro/1-2-4-behavioural-economics-and-economic-policy.html,,,404,,200,,200,,301,https://economicsacademy.co.uk/practice-questions/aqa-a2-micro/1-2-4-behavioural-economics-and-economic-policy.html,301,https://economicsacademy.co.uk/practice-questions/aqa-a2-micro/1-2-4-behavioural-economics-and-economic-policy.html
practice-questions/aqa-a2-micro/1-3-1-the-determinants-of-the-demand-for-goods-and-services.html,https://economicsacademy.co.uk/practice-questions/aqa-a2-micro/1-3-1-the-determinants-of-the-demand-for-goods-and-services.html,,,404,,200,,200,,301,https://economicsacademy.co.uk/practice-questions/aqa-a2-micro/1-3-1-the-determinants-of-the-demand-for-goods-and-services.html,301,https://economicsacademy.co.uk/practice-questions/aqa-a2-micro/1-3-1-the-determinants-of-the-demand-for-goods-and-services.html
practice-questions/aqa-a2-micro/1-3-2-price-income-and-cross-elasticities-of-demand.html,https://economicsacademy.co.uk/practice-questions/aqa-a2-micro/1-3-2-price-income-and-cross-elasticities-of-demand.html,,,404,,200,,200,,301,https://economicsacademy.co.uk/practice-questions/aqa-a2-micro/1-3-2-price-income-and-cross-elasticities-of-demand.html,301,https://economicsacademy.co.uk/practice-questions/aqa-a2-micro/1-3-2-price-income-and-cross-elasticities-of-demand.html
practice-questions/aqa-a2-micro/1-3-3-the-determinants-of-the-supply-of-goods-and-services.html,https://economicsacademy.co.uk/practice-questions/aqa-a2-micro/1-3-3-the-determinants-of-the-supply-of-goods-and-services.html,,,404,,200,,200,,301,https://economicsacademy.co.uk/practice-questions/aqa-a2-micro/1-3-3-the-determinants-of-the-supply-of-goods-and-services.html,301,https://economicsacademy.co.uk/practice-questions/aqa-a2-micro/1-3-3-the-determinants-of-the-supply-of-goods-and-services.html
practice-questions/aqa-a2-micro/1-3-4-price-elasticity-of-supply.html,https://economicsacademy.co.uk/practice-questions/aqa-a2-micro/1-3-4-price-elasticity-of-supply.html,,,404,,200,,200,,301,https://economicsacademy.co.uk/practice-questions/aqa-a2-micro/1-3-4-price-elasticity-of-supply.html,301,https://economicsacademy.co.uk/practice-questions/aqa-a2-micro/1-3-4-price-elasticity-of-supply.html
practice-questions/aqa-a2-micro/1-3-5-the-determination-of-equilibrium-market-prices.html,https://economicsacademy.co.uk/practice-questions/aqa-a2-micro/1-3-5-the-determination-of-equilibrium-market-prices.html,,,404,,200,,200,,301,https://economicsacademy.co.uk/practice-questions/aqa-a2-micro/1-3-5-the-determination-of-equilibrium-market-prices.html,301,https://economicsacademy.co.uk/practice-questions/aqa-a2-micro/1-3-5-the-determination-of-equilibrium-market-prices.html
practice-questions/aqa-a2-micro/1-3-6-the-interrelationship-between-markets.html,https://economicsacademy.co.uk/practice-questions/aqa-a2-micro/1-3-6-the-interrelationship-between-markets.html,,,404,,200,,200,,301,https://economicsacademy.co.uk/practice-questions/aqa-a2-micro/1-3-6-the-interrelationship-between-markets.html,301,https://economicsacademy.co.uk/practice-questions/aqa-a2-micro/1-3-6-the-interrelationship-between-markets.html
practice-questions/aqa-a2-micro/1-4-1-production-and-productivity.html,https://economicsacademy.co.uk/practice-questions/aqa-a2-micro/1-4-1-production-and-productivity.html,,,404,,200,,200,,301,https://economicsacademy.co.uk/practice-questions/aqa-a2-micro/1-4-1-production-and-productivity.html,301,https://economicsacademy.co.uk/practice-questions/aqa-a2-micro/1-4-1-production-and-productivity.html
practice-questions/aqa-a2-micro/1-4-2-specialisation-division-of-labour-and-exchange.html,https://economicsacademy.co.uk/practice-questions/aqa-a2-micro/1-4-2-specialisation-division-of-labour-and-exchange.html,,,404,,200,,200,,301,https://economicsacademy.co.uk/practice-questions/aqa-a2-micro/1-4-2-specialisation-division-of-labour-and-exchange.html,301,https://economicsacademy.co.uk/practice-questions/aqa-a2-micro/1-4-2-specialisation-division-of-labour-and-exchange.html
practice-questions/aqa-a2-micro/1-4-3-the-law-of-diminishing-returns-and-returns-to-scale.html,https://economicsacademy.co.uk/practice-questions/aqa-a2-micro/1-4-3-the-law-of-diminishing-returns-and-returns-to-scale.html,,,404,,200,,200,,301,https://economicsacademy.co.uk/practice-questions/aqa-a2-micro/1-4-3-the-law-of-diminishing-returns-and-returns-to-scale.html,301,https://economicsacademy.co.uk/practice-questions/aqa-a2-micro/1-4-3-the-law-of-diminishing-returns-and-returns-to-scale.html
practice-questions/aqa-a2-micro/1-4-4-costs-of-production.html,https://economicsacademy.co.uk/practice-questions/aqa-a2-micro/1-4-4-costs-of-production.html,,,404,,200,,200,,301,https://economicsacademy.co.uk/practice-questions/aqa-a2-micro/1-4-4-costs-of-production.html,301,https://economicsacademy.co.uk/practice-questions/aqa-a2-micro/1-4-4-costs-of-production.html
practice-questions/aqa-a2-micro/1-4-5-economies-and-diseconomies-of-scale.html,https://economicsacademy.co.uk/practice-questions/aqa-a2-micro/1-4-5-economies-and-diseconomies-of-scale.html,,,404,,200,,200,,301,https://economicsacademy.co.uk/practice-questions/aqa-a2-micro/1-4-5-economies-and-diseconomies-of-scale.html,301,https://economicsacademy.co.uk/practice-questions/aqa-a2-micro/1-4-5-economies-and-diseconomies-of-scale.html
practice-questions/aqa-a2-micro/1-4-6-marginal-average-and-total-revenue.html,https://economicsacademy.co.uk/practice-questions/aqa-a2-micro/1-4-6-marginal-average-and-total-revenue.html,,,404,,200,,200,,301,https://economicsacademy.co.uk/practice-questions/aqa-a2-micro/1-4-6-marginal-average-and-total-revenue.html,301,https://economicsacademy.co.uk/practice-questions/aqa-a2-micro/1-4-6-marginal-average-and-total-revenue.html
practice-questions/aqa-a2-micro/1-4-7-profit.html,https://economicsacademy.co.uk/practice-questions/aqa-a2-micro/1-4-7-profit.html,,,404,,200,,200,,301,https://economicsacademy.co.uk/practice-questions/aqa-a2-micro/1-4-7-profit.html,301,https://economicsacademy.co.uk/practice-questions/aqa-a2-micro/1-4-7-profit.html
practice-questions/aqa-a2-micro/1-4-8-technological-change.html,https://economicsacademy.co.uk/practice-questions/aqa-a2-micro/1-4-8-technological-change.html,,,404,,200,,200,,301,https://economicsacademy.co.uk/practice-questions/aqa-a2-micro/1-4-8-technological-change.html,301,https://economicsacademy.co.uk/practice-questions/aqa-a2-micro/1-4-8-technological-change.html
practice-questions/aqa-a2-micro/1-5-1-market-structures.html,https://economicsacademy.co.uk/practice-questions/aqa-a2-micro/1-5-1-market-structures.html,,,404,,200,,200,,301,https://economicsacademy.co.uk/practice-questions/aqa-a2-micro/1-5-1-market-structures.html,301,https://economicsacademy.co.uk/practice-questions/aqa-a2-micro/1-5-1-market-structures.html
practice-questions/aqa-a2-micro/1-5-10-market-structure-efficiency-resource-allocation.html,https://economicsacademy.co.uk/practice-questions/aqa-a2-micro/1-5-10-market-structure-efficiency-resource-allocation.html,,,404,,200,,200,,301,https://economicsacademy.co.uk/practice-questions/aqa-a2-micro/1-5-10-market-structure-efficiency-resource-allocation.html,301,https://economicsacademy.co.uk/practice-questions/aqa-a2-micro/1-5-10-market-structure-efficiency-resource-allocation.html
practice-questions/aqa-a2-micro/1-5-11-consumer-and-producer-surplus.html,https://economicsacademy.co.uk/practice-questions/aqa-a2-micro/1-5-11-consumer-and-producer-surplus.html,,,404,,200,,200,,301,https://economicsacademy.co.uk/practice-questions/aqa-a2-micro/1-5-11-consumer-and-producer-surplus.html,301,https://economicsacademy.co.uk/practice-questions/aqa-a2-micro/1-5-11-consumer-and-producer-surplus.html
practice-questions/aqa-a2-micro/1-5-2-the-objectives-of-firms.html,https://economicsacademy.co.uk/practice-questions/aqa-a2-micro/1-5-2-the-objectives-of-firms.html,,,404,,200,,200,,301,https://economicsacademy.co.uk/practice-questions/aqa-a2-micro/1-5-2-the-objectives-of-firms.html,301,https://economicsacademy.co.uk/practice-questions/aqa-a2-micro/1-5-2-the-objectives-of-firms.html
practice-questions/aqa-a2-micro/1-5-3-perfect-competition.html,https://economicsacademy.co.uk/practice-questions/aqa-a2-micro/1-5-3-perfect-competition.html,,,404,,200,,200,,301,https://economicsacademy.co.uk/practice-questions/aqa-a2-micro/1-5-3-perfect-competition.html,301,https://economicsacademy.co.uk/practice-questions/aqa-a2-micro/1-5-3-perfect-competition.html
practice-questions/aqa-a2-micro/1-5-4-monopolistic-competition.html,https://economicsacademy.co.uk/practice-questions/aqa-a2-micro/1-5-4-monopolistic-competition.html,,,404,,200,,200,,301,https://economicsacademy.co.uk/practice-questions/aqa-a2-micro/1-5-4-monopolistic-competition.html,301,https://economicsacademy.co.uk/practice-questions/aqa-a2-micro/1-5-4-monopolistic-competition.html
practice-questions/aqa-a2-micro/1-5-5-oligopoly.html,https://economicsacademy.co.uk/practice-questions/aqa-a2-micro/1-5-5-oligopoly.html,,,404,,200,,200,,301,https://economicsacademy.co.uk/practice-questions/aqa-a2-micro/1-5-5-oligopoly.html,301,https://economicsacademy.co.uk/practice-questions/aqa-a2-micro/1-5-5-oligopoly.html
practice-questions/aqa-a2-micro/1-5-6-monopoly-and-monopoly-power.html,https://economicsacademy.co.uk/practice-questions/aqa-a2-micro/1-5-6-monopoly-and-monopoly-power.html,,,404,,200,,200,,301,https://economicsacademy.co.uk/practice-questions/aqa-a2-micro/1-5-6-monopoly-and-monopoly-power.html,301,https://economicsacademy.co.uk/practice-questions/aqa-a2-micro/1-5-6-monopoly-and-monopoly-power.html
practice-questions/aqa-a2-micro/1-5-7-price-discrimination.html,https://economicsacademy.co.uk/practice-questions/aqa-a2-micro/1-5-7-price-discrimination.html,,,404,,200,,200,,301,https://economicsacademy.co.uk/practice-questions/aqa-a2-micro/1-5-7-price-discrimination.html,301,https://economicsacademy.co.uk/practice-questions/aqa-a2-micro/1-5-7-price-discrimination.html
practice-questions/aqa-a2-micro/1-5-8-the-dynamics-of-competition-and-competitive-market-processes.html,https://economicsacademy.co.uk/practice-questions/aqa-a2-micro/1-5-8-the-dynamics-of-competition-and-competitive-market-processes.html,,,404,,200,,200,,301,https://economicsacademy.co.uk/practice-questions/aqa-a2-micro/1-5-8-the-dynamics-of-competition-and-competitive-market-processes.html,301,https://economicsacademy.co.uk/practice-questions/aqa-a2-micro/1-5-8-the-dynamics-of-competition-and-competitive-market-processes.html
practice-questions/aqa-a2-micro/1-5-9-contestable-and-non-contestable-markets.html,https://economicsacademy.co.uk/practice-questions/aqa-a2-micro/1-5-9-contestable-and-non-contestable-markets.html,,,404,,200,,200,,301,https://economicsacademy.co.uk/practice-questions/aqa-a2-micro/1-5-9-contestable-and-non-contestable-markets.html,301,https://economicsacademy.co.uk/practice-questions/aqa-a2-micro/1-5-9-contestable-and-non-contestable-markets.html
practice-questions/aqa-a2-micro/1-6-1-the-demand-for-labour-marginal-productivity-theory.html,https://economicsacademy.co.uk/practice-questions/aqa-a2-micro/1-6-1-the-demand-for-labour-marginal-productivity-theory.html,,,404,,200,,200,,301,https://economicsacademy.co.uk/practice-questions/aqa-a2-micro/1-6-1-the-demand-for-labour-marginal-productivity-theory.html,301,https://economicsacademy.co.uk/practice-questions/aqa-a2-micro/1-6-1-the-demand-for-labour-marginal-productivity-theory.html
practice-questions/aqa-a2-micro/1-6-2-influence-upon-the-supply-of-labour-to-different-markets.html,https://economicsacademy.co.uk/practice-questions/aqa-a2-micro/1-6-2-influence-upon-the-supply-of-labour-to-different-markets.html,,,404,,200,,200,,301,https://economicsacademy.co.uk/practice-questions/aqa-a2-micro/1-6-2-influence-upon-the-supply-of-labour-to-different-markets.html,301,https://economicsacademy.co.uk/practice-questions/aqa-a2-micro/1-6-2-influence-upon-the-supply-of-labour-to-different-markets.html
practice-questions/aqa-a2-micro/1-6-3-wage-determination-perfectly-competitive-labour-markets.html,https://economicsacademy.co.uk/practice-questions/aqa-a2-micro/1-6-3-wage-determination-perfectly-competitive-labour-markets.html,,,404,,200,,200,,301,https://economicsacademy.co.uk/practice-questions/aqa-a2-micro/1-6-3-wage-determination-perfectly-competitive-labour-markets.html,301,https://economicsacademy.co.uk/practice-questions/aqa-a2-micro/1-6-3-wage-determination-perfectly-competitive-labour-markets.html
practice-questions/aqa-a2-micro/1-6-4-wage-determination-imperfectly-competitive-labour-markets.html,https://economicsacademy.co.uk/practice-questions/aqa-a2-micro/1-6-4-wage-determination-imperfectly-competitive-labour-markets.html,,,404,,200,,200,,301,https://economicsacademy.co.uk/practice-questions/aqa-a2-micro/1-6-4-wage-determination-imperfectly-competitive-labour-markets.html,301,https://economicsacademy.co.uk/practice-questions/aqa-a2-micro/1-6-4-wage-determination-imperfectly-competitive-labour-markets.html
practice-questions/aqa-a2-micro/1-6-5-the-influence-of-trade-unions-in-determining-wages-and-levels-of-employment.html,https://economicsacademy.co.uk/practice-questions/aqa-a2-micro/1-6-5-the-influence-of-trade-unions-in-determining-wages-and-levels-of-employment.html,,,404,,200,,200,,301,https://economicsacademy.co.uk/practice-questions/aqa-a2-micro/1-6-5-the-influence-of-trade-unions-in-determining-wages-and-levels-of-employment.html,301,https://economicsacademy.co.uk/practice-questions/aqa-a2-micro/1-6-5-the-influence-of-trade-unions-in-determining-wages-and-levels-of-employment.html
practice-questions/aqa-a2-micro/1-6-6-the-national-minimum-wage.html,https://economicsacademy.co.uk/practice-questions/aqa-a2-micro/1-6-6-the-national-minimum-wage.html,,,404,,200,,200,,301,https://economicsacademy.co.uk/practice-questions/aqa-a2-micro/1-6-6-the-national-minimum-wage.html,301,https://economicsacademy.co.uk/practice-questions/aqa-a2-micro/1-6-6-the-national-minimum-wage.html
practice-questions/aqa-a2-micro/1-6-7-discrimination-in-the-labour-market.html,https://economicsacademy.co.uk/practice-questions/aqa-a2-micro/1-6-7-discrimination-in-the-labour-market.html,,,404,,200,,200,,301,https://economicsacademy.co.uk/practice-questions/aqa-a2-micro/1-6-7-discrimination-in-the-labour-market.html,301,https://economicsacademy.co.uk/practice-questions/aqa-a2-micro/1-6-7-discrimination-in-the-labour-market.html
practice-questions/aqa-a2-micro/1-7-1-the-distribution-of-income-and-wealth.html,https://economicsacademy.co.uk/practice-questions/aqa-a2-micro/1-7-1-the-distribution-of-income-and-wealth.html,,,404,,200,,200,,301,https://economicsacademy.co.uk/practice-questions/aqa-a2-micro/1-7-1-the-distribution-of-income-and-wealth.html,301,https://economicsacademy.co.uk/practice-questions/aqa-a2-micro/1-7-1-the-distribution-of-income-and-wealth.html
practice-questions/aqa-a2-micro/1-7-2-the-problem-of-poverty.html,https://economicsacademy.co.uk/practice-questions/aqa-a2-micro/1-7-2-the-problem-of-poverty.html,,,404,,200,,200,,301,https://economicsacademy.co.uk/practice-questions/aqa-a2-micro/1-7-2-the-problem-of-poverty.html,301,https://economicsacademy.co.uk/practice-questions/aqa-a2-micro/1-7-2-the-problem-of-poverty.html
practice-questions/aqa-a2-micro/1-7-3-government-policies-poverty-income-distribution.html,https://economicsacademy.co.uk/practice-questions/aqa-a2-micro/1-7-3-government-policies-poverty-income-distribution.html,,,404,,200,,200,,301,https://economicsacademy.co.uk/practice-questions/aqa-a2-micro/1-7-3-government-policies-poverty-income-distribution.html,301,https://economicsacademy.co.uk/practice-questions/aqa-a2-micro/1-7-3-government-policies-poverty-income-distribution.html
practice-questions/aqa-a2-micro/1-8-1-how-markets-and-prices-allocate-resources.html,https://economicsacademy.co.uk/practice-questions/aqa-a2-micro/1-8-1-how-markets-and-prices-allocate-resources.html,,,404,,200,,200,,301,https://economicsacademy.co.uk/practice-questions/aqa-a2-micro/1-8-1-how-markets-and-prices-allocate-resources.html,301,https://economicsacademy.co.uk/practice-questions/aqa-a2-micro/1-8-1-how-markets-and-prices-allocate-resources.html
practice-questions/aqa-a2-micro/1-8-10-government-failure.html,https://economicsacademy.co.uk/practice-questions/aqa-a2-micro/1-8-10-government-failure.html,,,404,,200,,200,,301,https://economicsacademy.co.uk/practice-questions/aqa-a2-micro/1-8-10-government-failure.html,301,https://economicsacademy.co.uk/practice-questions/aqa-a2-micro/1-8-10-government-failure.html
practice-questions/aqa-a2-micro/1-8-2-the-meaning-of-market-failure.html,https://economicsacademy.co.uk/practice-questions/aqa-a2-micro/1-8-2-the-meaning-of-market-failure.html,,,404,,200,,200,,301,https://economicsacademy.co.uk/practice-questions/aqa-a2-micro/1-8-2-the-meaning-of-market-failure.html,301,https://economicsacademy.co.uk/practice-questions/aqa-a2-micro/1-8-2-the-meaning-of-market-failure.html
practice-questions/aqa-a2-micro/1-8-3-public-goods-private-goods-and-quasi-public-goods.html,https://economicsacademy.co.uk/practice-questions/aqa-a2-micro/1-8-3-public-goods-private-goods-and-quasi-public-goods.html,,,404,,200,,200,,301,https://economicsacademy.co.uk/practice-questions/aqa-a2-micro/1-8-3-public-goods-private-goods-and-quasi-public-goods.html,301,https://economicsacademy.co.uk/practice-questions/aqa-a2-micro/1-8-3-public-goods-private-goods-and-quasi-public-goods.html
practice-questions/aqa-a2-micro/1-8-4-positive-and-negative-externalities-in-consumption-and-production.html,https://economicsacademy.co.uk/practice-questions/aqa-a2-micro/1-8-4-positive-and-negative-externalities-in-consumption-and-production.html,,,404,,200,,200,,301,https://economicsacademy.co.uk/practice-questions/aqa-a2-micro/1-8-4-positive-and-negative-externalities-in-consumption-and-production.html,301,https://economicsacademy.co.uk/practice-questions/aqa-a2-micro/1-8-4-positive-and-negative-externalities-in-consumption-and-production.html
practice-questions/aqa-a2-micro/1-8-5-merit-and-demerit-goods.html,https://economicsacademy.co.uk/practice-questions/aqa-a2-micro/1-8-5-merit-and-demerit-goods.html,,,404,,200,,200,,301,https://economicsacademy.co.uk/practice-questions/aqa-a2-micro/1-8-5-merit-and-demerit-goods.html,301,https://economicsacademy.co.uk/practice-questions/aqa-a2-micro/1-8-5-merit-and-demerit-goods.html
practice-questions/aqa-a2-micro/1-8-6-market-imperfections.html,https://economicsacademy.co.uk/practice-questions/aqa-a2-micro/1-8-6-market-imperfections.html,,,404,,200,,200,,301,https://economicsacademy.co.uk/practice-questions/aqa-a2-micro/1-8-6-market-imperfections.html,301,https://economicsacademy.co.uk/practice-questions/aqa-a2-micro/1-8-6-market-imperfections.html
practice-questions/aqa-a2-micro/1-8-7-competition-policy.html,https://economicsacademy.co.uk/practice-questions/aqa-a2-micro/1-8-7-competition-policy.html,,,404,,200,,200,,301,https://economicsacademy.co.uk/practice-questions/aqa-a2-micro/1-8-7-competition-policy.html,301,https://economicsacademy.co.uk/practice-questions/aqa-a2-micro/1-8-7-competition-policy.html
practice-questions/aqa-a2-micro/1-8-8-public-ownership-privatisation-regulation-and-deregulation-of-markets.html,https://economicsacademy.co.uk/practice-questions/aqa-a2-micro/1-8-8-public-ownership-privatisation-regulation-and-deregulation-of-markets.html,,,404,,200,,200,,301,https://economicsacademy.co.uk/practice-questions/aqa-a2-micro/1-8-8-public-ownership-privatisation-regulation-and-deregulation-of-markets.html,301,https://economicsacademy.co.uk/practice-questions/aqa-a2-micro/1-8-8-public-ownership-privatisation-regulation-and-deregulation-of-markets.html
practice-questions/aqa-a2-micro/1-8-9-government-intervention-in-markets.html,https://economicsacademy.co.uk/practice-questions/aqa-a2-micro/1-8-9-government-intervention-in-markets.html,,,404,,200,,200,,301,https://economicsacademy.co.uk/practice-questions/aqa-a2-micro/1-8-9-government-intervention-in-markets.html,301,https://economicsacademy.co.uk/practice-questions/aqa-a2-micro/1-8-9-government-intervention-in-markets.html
practice-questions/aqa-a2-micro/index.html,https://economicsacademy.co.uk/practice-questions/aqa-a2-micro/,200,,200,,,,301,https://economicsacademy.co.uk/practice-questions/aqa-a2-micro/,301,https://economicsacademy.co.uk/practice-questions/aqa-a2-micro/,301,https://economicsacademy.co.uk/practice-questions/aqa-a2-micro/
practice-questions/edexcel-theme-1/1-1-1-economics-as-a-social-science.html,https://economicsacademy.co.uk/practice-questions/edexcel-theme-1/1-1-1-economics-as-a-social-science.html,,,404,,200,,200,,301,https://economicsacademy.co.uk/practice-questions/edexcel-theme-1/1-1-1-economics-as-a-social-science.html,301,https://economicsacademy.co.uk/practice-questions/edexcel-theme-1/1-1-1-economics-as-a-social-science.html
practice-questions/edexcel-theme-1/1-1-2-positive-normative-statements.html,https://economicsacademy.co.uk/practice-questions/edexcel-theme-1/1-1-2-positive-normative-statements.html,,,404,,200,,200,,301,https://economicsacademy.co.uk/practice-questions/edexcel-theme-1/1-1-2-positive-normative-statements.html,301,https://economicsacademy.co.uk/practice-questions/edexcel-theme-1/1-1-2-positive-normative-statements.html
practice-questions/edexcel-theme-1/1-1-3-the-economic-problem.html,https://economicsacademy.co.uk/practice-questions/edexcel-theme-1/1-1-3-the-economic-problem.html,,,404,,200,,200,,301,https://economicsacademy.co.uk/practice-questions/edexcel-theme-1/1-1-3-the-economic-problem.html,301,https://economicsacademy.co.uk/practice-questions/edexcel-theme-1/1-1-3-the-economic-problem.html
practice-questions/edexcel-theme-1/1-1-4-production-possibility-frontiers.html,https://economicsacademy.co.uk/practice-questions/edexcel-theme-1/1-1-4-production-possibility-frontiers.html,,,404,,200,,200,,301,https://economicsacademy.co.uk/practice-questions/edexcel-theme-1/1-1-4-production-possibility-frontiers.html,301,https://economicsacademy.co.uk/practice-questions/edexcel-theme-1/1-1-4-production-possibility-frontiers.html
practice-questions/edexcel-theme-1/1-1-5-specialisation-division-of-labour.html,https://economicsacademy.co.uk/practice-questions/edexcel-theme-1/1-1-5-specialisation-division-of-labour.html,,,404,,200,,200,,301,https://economicsacademy.co.uk/practice-questions/edexcel-theme-1/1-1-5-specialisation-division-of-labour.html,301,https://economicsacademy.co.uk/practice-questions/edexcel-theme-1/1-1-5-specialisation-division-of-labour.html
practice-questions/edexcel-theme-1/1-1-6-types-of-economies.html,https://economicsacademy.co.uk/practice-questions/edexcel-theme-1/1-1-6-types-of-economies.html,,,404,,200,,200,,301,https://economicsacademy.co.uk/practice-questions/edexcel-theme-1/1-1-6-types-of-economies.html,301,https://economicsacademy.co.uk/practice-questions/edexcel-theme-1/1-1-6-types-of-economies.html
practice-questions/edexcel-theme-1/1-2-1-rational-decision-making.html,https://economicsacademy.co.uk/practice-questions/edexcel-theme-1/1-2-1-rational-decision-making.html,,,404,,200,,200,,301,https://economicsacademy.co.uk/practice-questions/edexcel-theme-1/1-2-1-rational-decision-making.html,301,https://economicsacademy.co.uk/practice-questions/edexcel-theme-1/1-2-1-rational-decision-making.html
practice-questions/edexcel-theme-1/1-2-10-alternative-views-of-consumer-behaviour.html,https://economicsacademy.co.uk/practice-questions/edexcel-theme-1/1-2-10-alternative-views-of-consumer-behaviour.html,,,404,,200,,200,,301,https://economicsacademy.co.uk/practice-questions/edexcel-theme-1/1-2-10-alternative-views-of-consumer-behaviour.html,301,https://economicsacademy.co.uk/practice-questions/edexcel-theme-1/1-2-10-alternative-views-of-consumer-behaviour.html
practice-questions/edexcel-theme-1/1-2-2-demand.html,https://economicsacademy.co.uk/practice-questions/edexcel-theme-1/1-2-2-demand.html,,,404,,200,,200,,301,https://economicsacademy.co.uk/practice-questions/edexcel-theme-1/1-2-2-demand.html,301,https://economicsacademy.co.uk/practice-questions/edexcel-theme-1/1-2-2-demand.html
practice-questions/edexcel-theme-1/1-2-3-price-income-cross-elasticities-of-demand.html,https://economicsacademy.co.uk/practice-questions/edexcel-theme-1/1-2-3-price-income-cross-elasticities-of-demand.html,,,404,,200,,200,,301,https://economicsacademy.co.uk/practice-questions/edexcel-theme-1/1-2-3-price-income-cross-elasticities-of-demand.html,301,https://economicsacademy.co.uk/practice-questions/edexcel-theme-1/1-2-3-price-income-cross-elasticities-of-demand.html
practice-questions/edexcel-theme-1/1-2-4-supply.html,https://economicsacademy.co.uk/practice-questions/edexcel-theme-1/1-2-4-supply.html,,,404,,200,,200,,301,https://economicsacademy.co.uk/practice-questions/edexcel-theme-1/1-2-4-supply.html,301,https://economicsacademy.co.uk/practice-questions/edexcel-theme-1/1-2-4-supply.html
practice-questions/edexcel-theme-1/1-2-5-price-elasticity-of-supply.html,https://economicsacademy.co.uk/practice-questions/edexcel-theme-1/1-2-5-price-elasticity-of-supply.html,,,404,,200,,200,,301,https://economicsacademy.co.uk/practice-questions/edexcel-theme-1/1-2-5-price-elasticity-of-supply.html,301,https://economicsacademy.co.uk/practice-questions/edexcel-theme-1/1-2-5-price-elasticity-of-supply.html
practice-questions/edexcel-theme-1/1-2-6-price-determination.html,https://economicsacademy.co.uk/practice-questions/edexcel-theme-1/1-2-6-price-determination.html,,,404,,200,,200,,301,https://economicsacademy.co.uk/practice-questions/edexcel-theme-1/1-2-6-price-determination.html,301,https://economicsacademy.co.uk/practice-questions/edexcel-theme-1/1-2-6-price-determination.html
practice-questions/edexcel-theme-1/1-2-7-price-mechanism.html,https://economicsacademy.co.uk/practice-questions/edexcel-theme-1/1-2-7-price-mechanism.html,,,404,,200,,200,,301,https://economicsacademy.co.uk/practice-questions/edexcel-theme-1/1-2-7-price-mechanism.html,301,https://economicsacademy.co.uk/practice-questions/edexcel-theme-1/1-2-7-price-mechanism.html
practice-questions/edexcel-theme-1/1-2-8-producer-consumer-surplus.html,https://economicsacademy.co.uk/practice-questions/edexcel-theme-1/1-2-8-producer-consumer-surplus.html,,,404,,200,,200,,301,https://economicsacademy.co.uk/practice-questions/edexcel-theme-1/1-2-8-producer-consumer-surplus.html,301,https://economicsacademy.co.uk/practice-questions/edexcel-theme-1/1-2-8-producer-consumer-surplus.html
practice-questions/edexcel-theme-1/1-2-9-indirect-taxes-subsidies.html,https://economicsacademy.co.uk/practice-questions/edexcel-theme-1/1-2-9-indirect-taxes-subsidies.html,,,404,,200,,200,,301,https://economicsacademy.co.uk/practice-questions/edexcel-theme-1/1-2-9-indirect-taxes-subsidies.html,301,https://economicsacademy.co.uk/practice-questions/edexcel-theme-1/1-2-9-indirect-taxes-subsidies.html
practice-questions/edexcel-theme-1/1-3-1-types-of-market-failure.html,https://economicsacademy.co.uk/practice-questions/edexcel-theme-1/1-3-1-types-of-market-failure.html,,,404,,200,,200,,301,https://economicsacademy.co.uk/practice-questions/edexcel-theme-1/1-3-1-types-of-market-failure.html,301,https://economicsacademy.co.uk/practice-questions/edexcel-theme-1/1-3-1-types-of-market-failure.html
practice-questions/edexcel-theme-1/1-3-2-externalities.html,https://economicsacademy.co.uk/practice-questions/edexcel-theme-1/1-3-2-externalities.html,,,404,,200,,200,,301,https://economicsacademy.co.uk/practice-questions/edexcel-theme-1/1-3-2-externalities.html,301,https://economicsacademy.co.uk/practice-questions/edexcel-theme-1/1-3-2-externalities.html
practice-questions/edexcel-theme-1/1-3-3-public-goods.html,https://economicsacademy.co.uk/practice-questions/edexcel-theme-1/1-3-3-public-goods.html,,,404,,200,,200,,301,https://economicsacademy.co.uk/practice-questions/edexcel-theme-1/1-3-3-public-goods.html,301,https://economicsacademy.co.uk/practice-questions/edexcel-theme-1/1-3-3-public-goods.html
practice-questions/edexcel-theme-1/1-3-4-information-gaps.html,https://economicsacademy.co.uk/practice-questions/edexcel-theme-1/1-3-4-information-gaps.html,,,404,,200,,200,,301,https://economicsacademy.co.uk/practice-questions/edexcel-theme-1/1-3-4-information-gaps.html,301,https://economicsacademy.co.uk/practice-questions/edexcel-theme-1/1-3-4-information-gaps.html
practice-questions/edexcel-theme-1/1-4-1-government-intervention-in-markets.html,https://economicsacademy.co.uk/practice-questions/edexcel-theme-1/1-4-1-government-intervention-in-markets.html,,,404,,200,,200,,301,https://economicsacademy.co.uk/practice-questions/edexcel-theme-1/1-4-1-government-intervention-in-markets.html,301,https://economicsacademy.co.uk/practice-questions/edexcel-theme-1/1-4-1-government-intervention-in-markets.html
practice-questions/edexcel-theme-1/1-4-2-government-failure.html,https://economicsacademy.co.uk/practice-questions/edexcel-theme-1/1-4-2-government-failure.html,,,404,,200,,200,,301,https://economicsacademy.co.uk/practice-questions/edexcel-theme-1/1-4-2-government-failure.html,301,https://economicsacademy.co.uk/practice-questions/edexcel-theme-1/1-4-2-government-failure.html
practice-questions/edexcel-theme-1/index.html,https://economicsacademy.co.uk/practice-questions/edexcel-theme-1/,200,,200,,,,301,https://economicsacademy.co.uk/practice-questions/edexcel-theme-1/,301,https://economicsacademy.co.uk/practice-questions/edexcel-theme-1/,301,https://economicsacademy.co.uk/practice-questions/edexcel-theme-1/
practice-questions/edexcel-theme-2/2-1-1-economic-growth.html,https://economicsacademy.co.uk/practice-questions/edexcel-theme-2/2-1-1-economic-growth.html,,,404,,200,,200,,301,https://economicsacademy.co.uk/practice-questions/edexcel-theme-2/2-1-1-economic-growth.html,301,https://economicsacademy.co.uk/practice-questions/edexcel-theme-2/2-1-1-economic-growth.html
practice-questions/edexcel-theme-2/2-1-2-inflation.html,https://economicsacademy.co.uk/practice-questions/edexcel-theme-2/2-1-2-inflation.html,,,404,,200,,200,,301,https://economicsacademy.co.uk/practice-questions/edexcel-theme-2/2-1-2-inflation.html,301,https://economicsacademy.co.uk/practice-questions/edexcel-theme-2/2-1-2-inflation.html
practice-questions/edexcel-theme-2/2-1-3-employment-unemployment.html,https://economicsacademy.co.uk/practice-questions/edexcel-theme-2/2-1-3-employment-unemployment.html,,,404,,200,,200,,301,https://economicsacademy.co.uk/practice-questions/edexcel-theme-2/2-1-3-employment-unemployment.html,301,https://economicsacademy.co.uk/practice-questions/edexcel-theme-2/2-1-3-employment-unemployment.html
practice-questions/edexcel-theme-2/2-1-4-balance-of-payments.html,https://economicsacademy.co.uk/practice-questions/edexcel-theme-2/2-1-4-balance-of-payments.html,,,404,,200,,200,,301,https://economicsacademy.co.uk/practice-questions/edexcel-theme-2/2-1-4-balance-of-payments.html,301,https://economicsacademy.co.uk/practice-questions/edexcel-theme-2/2-1-4-balance-of-payments.html
practice-questions/edexcel-theme-2/2-2-1-aggregate-demand.html,https://economicsacademy.co.uk/practice-questions/edexcel-theme-2/2-2-1-aggregate-demand.html,,,404,,200,,200,,301,https://economicsacademy.co.uk/practice-questions/edexcel-theme-2/2-2-1-aggregate-demand.html,301,https://economicsacademy.co.uk/practice-questions/edexcel-theme-2/2-2-1-aggregate-demand.html
practice-questions/edexcel-theme-2/2-2-2-consumption.html,https://economicsacademy.co.uk/practice-questions/edexcel-theme-2/2-2-2-consumption.html,,,404,,200,,200,,301,https://economicsacademy.co.uk/practice-questions/edexcel-theme-2/2-2-2-consumption.html,301,https://economicsacademy.co.uk/practice-questions/edexcel-theme-2/2-2-2-consumption.html
practice-questions/edexcel-theme-2/2-2-3-investment.html,https://economicsacademy.co.uk/practice-questions/edexcel-theme-2/2-2-3-investment.html,,,404,,200,,200,,301,https://economicsacademy.co.uk/practice-questions/edexcel-theme-2/2-2-3-investment.html,301,https://economicsacademy.co.uk/practice-questions/edexcel-theme-2/2-2-3-investment.html
practice-questions/edexcel-theme-2/2-2-4-government-expenditure.html,https://economicsacademy.co.uk/practice-questions/edexcel-theme-2/2-2-4-government-expenditure.html,,,404,,200,,200,,301,https://economicsacademy.co.uk/practice-questions/edexcel-theme-2/2-2-4-government-expenditure.html,301,https://economicsacademy.co.uk/practice-questions/edexcel-theme-2/2-2-4-government-expenditure.html
practice-questions/edexcel-theme-2/2-2-5-net-trade.html,https://economicsacademy.co.uk/practice-questions/edexcel-theme-2/2-2-5-net-trade.html,,,404,,200,,200,,301,https://economicsacademy.co.uk/practice-questions/edexcel-theme-2/2-2-5-net-trade.html,301,https://economicsacademy.co.uk/practice-questions/edexcel-theme-2/2-2-5-net-trade.html
practice-questions/edexcel-theme-2/2-3-1-aggregate-supply.html,https://economicsacademy.co.uk/practice-questions/edexcel-theme-2/2-3-1-aggregate-supply.html,,,404,,200,,200,,301,https://economicsacademy.co.uk/practice-questions/edexcel-theme-2/2-3-1-aggregate-supply.html,301,https://economicsacademy.co.uk/practice-questions/edexcel-theme-2/2-3-1-aggregate-supply.html
practice-questions/edexcel-theme-2/2-3-2-short-run-aggregate-supply.html,https://economicsacademy.co.uk/practice-questions/edexcel-theme-2/2-3-2-short-run-aggregate-supply.html,,,404,,200,,200,,301,https://economicsacademy.co.uk/practice-questions/edexcel-theme-2/2-3-2-short-run-aggregate-supply.html,301,https://economicsacademy.co.uk/practice-questions/edexcel-theme-2/2-3-2-short-run-aggregate-supply.html
practice-questions/edexcel-theme-2/2-3-3-long-run-aggregate-supply.html,https://economicsacademy.co.uk/practice-questions/edexcel-theme-2/2-3-3-long-run-aggregate-supply.html,,,404,,200,,200,,301,https://economicsacademy.co.uk/practice-questions/edexcel-theme-2/2-3-3-long-run-aggregate-supply.html,301,https://economicsacademy.co.uk/practice-questions/edexcel-theme-2/2-3-3-long-run-aggregate-supply.html
practice-questions/edexcel-theme-2/2-4-1-national-income.html,https://economicsacademy.co.uk/practice-questions/edexcel-theme-2/2-4-1-national-income.html,,,404,,200,,200,,301,https://economicsacademy.co.uk/practice-questions/edexcel-theme-2/2-4-1-national-income.html,301,https://economicsacademy.co.uk/practice-questions/edexcel-theme-2/2-4-1-national-income.html
practice-questions/edexcel-theme-2/2-4-2-injections-withdrawals.html,https://economicsacademy.co.uk/practice-questions/edexcel-theme-2/2-4-2-injections-withdrawals.html,,,404,,200,,200,,301,https://economicsacademy.co.uk/practice-questions/edexcel-theme-2/2-4-2-injections-withdrawals.html,301,https://economicsacademy.co.uk/practice-questions/edexcel-theme-2/2-4-2-injections-withdrawals.html
practice-questions/edexcel-theme-2/2-4-3-equilibrium-levels-of-real-national-output.html,https://economicsacademy.co.uk/practice-questions/edexcel-theme-2/2-4-3-equilibrium-levels-of-real-national-output.html,,,404,,200,,200,,301,https://economicsacademy.co.uk/practice-questions/edexcel-theme-2/2-4-3-equilibrium-levels-of-real-national-output.html,301,https://economicsacademy.co.uk/practice-questions/edexcel-theme-2/2-4-3-equilibrium-levels-of-real-national-output.html
practice-questions/edexcel-theme-2/2-4-4-the-multiplier.html,https://economicsacademy.co.uk/practice-questions/edexcel-theme-2/2-4-4-the-multiplier.html,,,404,,200,,200,,301,https://economicsacademy.co.uk/practice-questions/edexcel-theme-2/2-4-4-the-multiplier.html,301,https://economicsacademy.co.uk/practice-questions/edexcel-theme-2/2-4-4-the-multiplier.html
practice-questions/edexcel-theme-2/2-5-1-causes-of-growth.html,https://economicsacademy.co.uk/practice-questions/edexcel-theme-2/2-5-1-causes-of-growth.html,,,404,,200,,200,,301,https://economicsacademy.co.uk/practice-questions/edexcel-theme-2/2-5-1-causes-of-growth.html,301,https://economicsacademy.co.uk/practice-questions/edexcel-theme-2/2-5-1-causes-of-growth.html
practice-questions/edexcel-theme-2/2-5-2-output-gaps.html,https://economicsacademy.co.uk/practice-questions/edexcel-theme-2/2-5-2-output-gaps.html,,,404,,200,,200,,301,https://economicsacademy.co.uk/practice-questions/edexcel-theme-2/2-5-2-output-gaps.html,301,https://economicsacademy.co.uk/practice-questions/edexcel-theme-2/2-5-2-output-gaps.html
practice-questions/edexcel-theme-2/2-5-3-trade-cycle.html,https://economicsacademy.co.uk/practice-questions/edexcel-theme-2/2-5-3-trade-cycle.html,,,404,,200,,200,,301,https://economicsacademy.co.uk/practice-questions/edexcel-theme-2/2-5-3-trade-cycle.html,301,https://economicsacademy.co.uk/practice-questions/edexcel-theme-2/2-5-3-trade-cycle.html
practice-questions/edexcel-theme-2/2-5-4-the-impact-of-economic-growth.html,https://economicsacademy.co.uk/practice-questions/edexcel-theme-2/2-5-4-the-impact-of-economic-growth.html,,,404,,200,,200,,301,https://economicsacademy.co.uk/practice-questions/edexcel-theme-2/2-5-4-the-impact-of-economic-growth.html,301,https://economicsacademy.co.uk/practice-questions/edexcel-theme-2/2-5-4-the-impact-of-economic-growth.html
practice-questions/edexcel-theme-2/2-6-1-possible-macroeconomic-objectives.html,https://economicsacademy.co.uk/practice-questions/edexcel-theme-2/2-6-1-possible-macroeconomic-objectives.html,,,404,,200,,200,,301,https://economicsacademy.co.uk/practice-questions/edexcel-theme-2/2-6-1-possible-macroeconomic-objectives.html,301,https://economicsacademy.co.uk/practice-questions/edexcel-theme-2/2-6-1-possible-macroeconomic-objectives.html
practice-questions/edexcel-theme-2/2-6-2-demand-side-policies.html,https://economicsacademy.co.uk/practice-questions/edexcel-theme-2/2-6-2-demand-side-policies.html,,,404,,200,,200,,301,https://economicsacademy.co.uk/practice-questions/edexcel-theme-2/2-6-2-demand-side-policies.html,301,https://economicsacademy.co.uk/practice-questions/edexcel-theme-2/2-6-2-demand-side-policies.html
practice-questions/edexcel-theme-2/2-6-3-supply-side-policies.html,https://economicsacademy.co.uk/practice-questions/edexcel-theme-2/2-6-3-supply-side-policies.html,,,404,,200,,200,,301,https://economicsacademy.co.uk/practice-questions/edexcel-theme-2/2-6-3-supply-side-policies.html,301,https://economicsacademy.co.uk/practice-questions/edexcel-theme-2/2-6-3-supply-side-policies.html
practice-questions/edexcel-theme-2/2-6-4-conflicts-between-objectives-and-policies.html,https://economicsacademy.co.uk/practice-questions/edexcel-theme-2/2-6-4-conflicts-between-objectives-and-policies.html,,,404,,200,,200,,301,https://economicsacademy.co.uk/practice-questions/edexcel-theme-2/2-6-4-conflicts-between-objectives-and-policies.html,301,https://economicsacademy.co.uk/practice-questions/edexcel-theme-2/2-6-4-conflicts-between-objectives-and-policies.html
practice-questions/edexcel-theme-2/index.html,https://economicsacademy.co.uk/practice-questions/edexcel-theme-2/,200,,200,,,,301,https://economicsacademy.co.uk/practice-questions/edexcel-theme-2/,301,https://economicsacademy.co.uk/practice-questions/edexcel-theme-2/,301,https://economicsacademy.co.uk/practice-questions/edexcel-theme-2/
practice-questions/edexcel-theme-3/3-1-1-sizes-types-of-firms.html,https://economicsacademy.co.uk/practice-questions/edexcel-theme-3/3-1-1-sizes-types-of-firms.html,,,404,,200,,200,,301,https://economicsacademy.co.uk/practice-questions/edexcel-theme-3/3-1-1-sizes-types-of-firms.html,301,https://economicsacademy.co.uk/practice-questions/edexcel-theme-3/3-1-1-sizes-types-of-firms.html
practice-questions/edexcel-theme-3/3-1-2-business-growth.html,https://economicsacademy.co.uk/practice-questions/edexcel-theme-3/3-1-2-business-growth.html,,,404,,200,,200,,301,https://economicsacademy.co.uk/practice-questions/edexcel-theme-3/3-1-2-business-growth.html,301,https://economicsacademy.co.uk/practice-questions/edexcel-theme-3/3-1-2-business-growth.html
practice-questions/edexcel-theme-3/3-1-3-demergers.html,https://economicsacademy.co.uk/practice-questions/edexcel-theme-3/3-1-3-demergers.html,,,404,,200,,200,,301,https://economicsacademy.co.uk/practice-questions/edexcel-theme-3/3-1-3-demergers.html,301,https://economicsacademy.co.uk/practice-questions/edexcel-theme-3/3-1-3-demergers.html
practice-questions/edexcel-theme-3/3-2-1-business-objectives.html,https://economicsacademy.co.uk/practice-questions/edexcel-theme-3/3-2-1-business-objectives.html,,,404,,200,,200,,301,https://economicsacademy.co.uk/practice-questions/edexcel-theme-3/3-2-1-business-objectives.html,301,https://economicsacademy.co.uk/practice-questions/edexcel-theme-3/3-2-1-business-objectives.html
practice-questions/edexcel-theme-3/3-3-1-revenue.html,https://economicsacademy.co.uk/practice-questions/edexcel-theme-3/3-3-1-revenue.html,,,404,,200,,200,,301,https://economicsacademy.co.uk/practice-questions/edexcel-theme-3/3-3-1-revenue.html,301,https://economicsacademy.co.uk/practice-questions/edexcel-theme-3/3-3-1-revenue.html
practice-questions/edexcel-theme-3/3-3-2-costs.html,https://economicsacademy.co.uk/practice-questions/edexcel-theme-3/3-3-2-costs.html,,,404,,200,,200,,301,https://economicsacademy.co.uk/practice-questions/edexcel-theme-3/3-3-2-costs.html,301,https://economicsacademy.co.uk/practice-questions/edexcel-theme-3/3-3-2-costs.html
practice-questions/edexcel-theme-3/3-3-3-economies-diseconomies-of-scale.html,https://economicsacademy.co.uk/practice-questions/edexcel-theme-3/3-3-3-economies-diseconomies-of-scale.html,,,404,,200,,200,,301,https://economicsacademy.co.uk/practice-questions/edexcel-theme-3/3-3-3-economies-diseconomies-of-scale.html,301,https://economicsacademy.co.uk/practice-questions/edexcel-theme-3/3-3-3-economies-diseconomies-of-scale.html
practice-questions/edexcel-theme-3/3-3-4-normal-profits-supernormal-profits-losses.html,https://economicsacademy.co.uk/practice-questions/edexcel-theme-3/3-3-4-normal-profits-supernormal-profits-losses.html,,,404,,200,,200,,301,https://economicsacademy.co.uk/practice-questions/edexcel-theme-3/3-3-4-normal-profits-supernormal-profits-losses.html,301,https://economicsacademy.co.uk/practice-questions/edexcel-theme-3/3-3-4-normal-profits-supernormal-profits-losses.html
practice-questions/edexcel-theme-3/3-4-1-efficiency.html,https://economicsacademy.co.uk/practice-questions/edexcel-theme-3/3-4-1-efficiency.html,,,404,,200,,200,,301,https://economicsacademy.co.uk/practice-questions/edexcel-theme-3/3-4-1-efficiency.html,301,https://economicsacademy.co.uk/practice-questions/edexcel-theme-3/3-4-1-efficiency.html
practice-questions/edexcel-theme-3/3-4-2-perfect-competition.html,https://economicsacademy.co.uk/practice-questions/edexcel-theme-3/3-4-2-perfect-competition.html,,,404,,200,,200,,301,https://economicsacademy.co.uk/practice-questions/edexcel-theme-3/3-4-2-perfect-competition.html,301,https://economicsacademy.co.uk/practice-questions/edexcel-theme-3/3-4-2-perfect-competition.html
practice-questions/edexcel-theme-3/3-4-3-monopolistic-competition.html,https://economicsacademy.co.uk/practice-questions/edexcel-theme-3/3-4-3-monopolistic-competition.html,,,404,,200,,200,,301,https://economicsacademy.co.uk/practice-questions/edexcel-theme-3/3-4-3-monopolistic-competition.html,301,https://economicsacademy.co.uk/practice-questions/edexcel-theme-3/3-4-3-monopolistic-competition.html
practice-questions/edexcel-theme-3/3-4-4-oligopoly.html,https://economicsacademy.co.uk/practice-questions/edexcel-theme-3/3-4-4-oligopoly.html,,,404,,200,,200,,301,https://economicsacademy.co.uk/practice-questions/edexcel-theme-3/3-4-4-oligopoly.html,301,https://economicsacademy.co.uk/practice-questions/edexcel-theme-3/3-4-4-oligopoly.html
practice-questions/edexcel-theme-3/3-4-5-monopoly.html,https://economicsacademy.co.uk/practice-questions/edexcel-theme-3/3-4-5-monopoly.html,,,404,,200,,200,,301,https://economicsacademy.co.uk/practice-questions/edexcel-theme-3/3-4-5-monopoly.html,301,https://economicsacademy.co.uk/practice-questions/edexcel-theme-3/3-4-5-monopoly.html
practice-questions/edexcel-theme-3/3-4-6-monopsony.html,https://economicsacademy.co.uk/practice-questions/edexcel-theme-3/3-4-6-monopsony.html,,,404,,200,,200,,301,https://economicsacademy.co.uk/practice-questions/edexcel-theme-3/3-4-6-monopsony.html,301,https://economicsacademy.co.uk/practice-questions/edexcel-theme-3/3-4-6-monopsony.html
practice-questions/edexcel-theme-3/3-4-7-contestability.html,https://economicsacademy.co.uk/practice-questions/edexcel-theme-3/3-4-7-contestability.html,,,404,,200,,200,,301,https://economicsacademy.co.uk/practice-questions/edexcel-theme-3/3-4-7-contestability.html,301,https://economicsacademy.co.uk/practice-questions/edexcel-theme-3/3-4-7-contestability.html
practice-questions/edexcel-theme-3/3-5-1-demand-for-labour.html,https://economicsacademy.co.uk/practice-questions/edexcel-theme-3/3-5-1-demand-for-labour.html,,,404,,200,,200,,301,https://economicsacademy.co.uk/practice-questions/edexcel-theme-3/3-5-1-demand-for-labour.html,301,https://economicsacademy.co.uk/practice-questions/edexcel-theme-3/3-5-1-demand-for-labour.html
practice-questions/edexcel-theme-3/3-5-2-supply-of-labour.html,https://economicsacademy.co.uk/practice-questions/edexcel-theme-3/3-5-2-supply-of-labour.html,,,404,,200,,200,,301,https://economicsacademy.co.uk/practice-questions/edexcel-theme-3/3-5-2-supply-of-labour.html,301,https://economicsacademy.co.uk/practice-questions/edexcel-theme-3/3-5-2-supply-of-labour.html
practice-questions/edexcel-theme-3/3-5-3-wage-determination.html,https://economicsacademy.co.uk/practice-questions/edexcel-theme-3/3-5-3-wage-determination.html,,,404,,200,,200,,301,https://economicsacademy.co.uk/practice-questions/edexcel-theme-3/3-5-3-wage-determination.html,301,https://economicsacademy.co.uk/practice-questions/edexcel-theme-3/3-5-3-wage-determination.html
practice-questions/edexcel-theme-3/3-6-1-government-intervention.html,https://economicsacademy.co.uk/practice-questions/edexcel-theme-3/3-6-1-government-intervention.html,,,404,,200,,200,,301,https://economicsacademy.co.uk/practice-questions/edexcel-theme-3/3-6-1-government-intervention.html,301,https://economicsacademy.co.uk/practice-questions/edexcel-theme-3/3-6-1-government-intervention.html
practice-questions/edexcel-theme-3/3-6-2-the-impact-of-government-intervention.html,https://economicsacademy.co.uk/practice-questions/edexcel-theme-3/3-6-2-the-impact-of-government-intervention.html,,,404,,200,,200,,301,https://economicsacademy.co.uk/practice-questions/edexcel-theme-3/3-6-2-the-impact-of-government-intervention.html,301,https://economicsacademy.co.uk/practice-questions/edexcel-theme-3/3-6-2-the-impact-of-government-intervention.html
practice-questions/edexcel-theme-3/index.html,https://economicsacademy.co.uk/practice-questions/edexcel-theme-3/,200,,200,,,,301,https://economicsacademy.co.uk/practice-questions/edexcel-theme-3/,301,https://economicsacademy.co.uk/practice-questions/edexcel-theme-3/,301,https://economicsacademy.co.uk/practice-questions/edexcel-theme-3/
practice-questions/edexcel-theme-4/4-1-1-globalisation.html,https://economicsacademy.co.uk/practice-questions/edexcel-theme-4/4-1-1-globalisation.html,,,404,,200,,200,,301,https://economicsacademy.co.uk/practice-questions/edexcel-theme-4/4-1-1-globalisation.html,301,https://economicsacademy.co.uk/practice-questions/edexcel-theme-4/4-1-1-globalisation.html
practice-questions/edexcel-theme-4/4-1-2-specialisation-trade.html,https://economicsacademy.co.uk/practice-questions/edexcel-theme-4/4-1-2-specialisation-trade.html,,,404,,200,,200,,301,https://economicsacademy.co.uk/practice-questions/edexcel-theme-4/4-1-2-specialisation-trade.html,301,https://economicsacademy.co.uk/practice-questions/edexcel-theme-4/4-1-2-specialisation-trade.html
practice-questions/edexcel-theme-4/4-1-3-pattern-of-trade.html,https://economicsacademy.co.uk/practice-questions/edexcel-theme-4/4-1-3-pattern-of-trade.html,,,404,,200,,200,,301,https://economicsacademy.co.uk/practice-questions/edexcel-theme-4/4-1-3-pattern-of-trade.html,301,https://economicsacademy.co.uk/practice-questions/edexcel-theme-4/4-1-3-pattern-of-trade.html
practice-questions/edexcel-theme-4/4-1-4-terms-of-trade.html,https://economicsacademy.co.uk/practice-questions/edexcel-theme-4/4-1-4-terms-of-trade.html,,,404,,200,,200,,301,https://economicsacademy.co.uk/practice-questions/edexcel-theme-4/4-1-4-terms-of-trade.html,301,https://economicsacademy.co.uk/practice-questions/edexcel-theme-4/4-1-4-terms-of-trade.html
practice-questions/edexcel-theme-4/4-1-5-trading-blocs-and-the-world-trade-organisation.html,https://economicsacademy.co.uk/practice-questions/edexcel-theme-4/4-1-5-trading-blocs-and-the-world-trade-organisation.html,,,404,,200,,200,,301,https://economicsacademy.co.uk/practice-questions/edexcel-theme-4/4-1-5-trading-blocs-and-the-world-trade-organisation.html,301,https://economicsacademy.co.uk/practice-questions/edexcel-theme-4/4-1-5-trading-blocs-and-the-world-trade-organisation.html
practice-questions/edexcel-theme-4/4-1-6-restrictions-on-free-trade.html,https://economicsacademy.co.uk/practice-questions/edexcel-theme-4/4-1-6-restrictions-on-free-trade.html,,,404,,200,,200,,301,https://economicsacademy.co.uk/practice-questions/edexcel-theme-4/4-1-6-restrictions-on-free-trade.html,301,https://economicsacademy.co.uk/practice-questions/edexcel-theme-4/4-1-6-restrictions-on-free-trade.html
practice-questions/edexcel-theme-4/4-1-7-balance-of-payments.html,https://economicsacademy.co.uk/practice-questions/edexcel-theme-4/4-1-7-balance-of-payments.html,,,404,,200,,200,,301,https://economicsacademy.co.uk/practice-questions/edexcel-theme-4/4-1-7-balance-of-payments.html,301,https://economicsacademy.co.uk/practice-questions/edexcel-theme-4/4-1-7-balance-of-payments.html
practice-questions/edexcel-theme-4/4-1-8-exchange-rates.html,https://economicsacademy.co.uk/practice-questions/edexcel-theme-4/4-1-8-exchange-rates.html,,,404,,200,,200,,301,https://economicsacademy.co.uk/practice-questions/edexcel-theme-4/4-1-8-exchange-rates.html,301,https://economicsacademy.co.uk/practice-questions/edexcel-theme-4/4-1-8-exchange-rates.html
practice-questions/edexcel-theme-4/4-1-9-international-competitiveness.html,https://economicsacademy.co.uk/practice-questions/edexcel-theme-4/4-1-9-international-competitiveness.html,,,404,,200,,200,,301,https://economicsacademy.co.uk/practice-questions/edexcel-theme-4/4-1-9-international-competitiveness.html,301,https://economicsacademy.co.uk/practice-questions/edexcel-theme-4/4-1-9-international-competitiveness.html
practice-questions/edexcel-theme-4/4-2-1-absolute-relative-poverty.html,https://economicsacademy.co.uk/practice-questions/edexcel-theme-4/4-2-1-absolute-relative-poverty.html,,,404,,200,,200,,301,https://economicsacademy.co.uk/practice-questions/edexcel-theme-4/4-2-1-absolute-relative-poverty.html,301,https://economicsacademy.co.uk/practice-questions/edexcel-theme-4/4-2-1-absolute-relative-poverty.html
practice-questions/edexcel-theme-4/4-2-2-inequality.html,https://economicsacademy.co.uk/practice-questions/edexcel-theme-4/4-2-2-inequality.html,,,404,,200,,200,,301,https://economicsacademy.co.uk/practice-questions/edexcel-theme-4/4-2-2-inequality.html,301,https://economicsacademy.co.uk/practice-questions/edexcel-theme-4/4-2-2-inequality.html
practice-questions/edexcel-theme-4/4-3-1-measures-of-development.html,https://economicsacademy.co.uk/practice-questions/edexcel-theme-4/4-3-1-measures-of-development.html,,,404,,200,,200,,301,https://economicsacademy.co.uk/practice-questions/edexcel-theme-4/4-3-1-measures-of-development.html,301,https://economicsacademy.co.uk/practice-questions/edexcel-theme-4/4-3-1-measures-of-development.html
practice-questions/edexcel-theme-4/4-3-2-factors-influencing-growth-development.html,https://economicsacademy.co.uk/practice-questions/edexcel-theme-4/4-3-2-factors-influencing-growth-development.html,,,404,,200,,200,,301,https://economicsacademy.co.uk/practice-questions/edexcel-theme-4/4-3-2-factors-influencing-growth-development.html,301,https://economicsacademy.co.uk/practice-questions/edexcel-theme-4/4-3-2-factors-influencing-growth-development.html
practice-questions/edexcel-theme-4/4-3-3-strategies-influencing-growth-development.html,https://economicsacademy.co.uk/practice-questions/edexcel-theme-4/4-3-3-strategies-influencing-growth-development.html,,,404,,200,,200,,301,https://economicsacademy.co.uk/practice-questions/edexcel-theme-4/4-3-3-strategies-influencing-growth-development.html,301,https://economicsacademy.co.uk/practice-questions/edexcel-theme-4/4-3-3-strategies-influencing-growth-development.html
practice-questions/edexcel-theme-4/4-4-1-role-of-financial-markets.html,https://economicsacademy.co.uk/practice-questions/edexcel-theme-4/4-4-1-role-of-financial-markets.html,,,404,,200,,200,,301,https://economicsacademy.co.uk/practice-questions/edexcel-theme-4/4-4-1-role-of-financial-markets.html,301,https://economicsacademy.co.uk/practice-questions/edexcel-theme-4/4-4-1-role-of-financial-markets.html
practice-questions/edexcel-theme-4/4-4-2-market-failure-in-the-financial-sector.html,https://economicsacademy.co.uk/practice-questions/edexcel-theme-4/4-4-2-market-failure-in-the-financial-sector.html,,,404,,200,,200,,301,https://economicsacademy.co.uk/practice-questions/edexcel-theme-4/4-4-2-market-failure-in-the-financial-sector.html,301,https://economicsacademy.co.uk/practice-questions/edexcel-theme-4/4-4-2-market-failure-in-the-financial-sector.html
practice-questions/edexcel-theme-4/4-4-3-role-of-central-banks.html,https://economicsacademy.co.uk/practice-questions/edexcel-theme-4/4-4-3-role-of-central-banks.html,,,404,,200,,200,,301,https://economicsacademy.co.uk/practice-questions/edexcel-theme-4/4-4-3-role-of-central-banks.html,301,https://economicsacademy.co.uk/practice-questions/edexcel-theme-4/4-4-3-role-of-central-banks.html
practice-questions/edexcel-theme-4/4-5-1-public-expenditure.html,https://economicsacademy.co.uk/practice-questions/edexcel-theme-4/4-5-1-public-expenditure.html,,,404,,200,,200,,301,https://economicsacademy.co.uk/practice-questions/edexcel-theme-4/4-5-1-public-expenditure.html,301,https://economicsacademy.co.uk/practice-questions/edexcel-theme-4/4-5-1-public-expenditure.html
practice-questions/edexcel-theme-4/4-5-2-taxation.html,https://economicsacademy.co.uk/practice-questions/edexcel-theme-4/4-5-2-taxation.html,,,404,,200,,200,,301,https://economicsacademy.co.uk/practice-questions/edexcel-theme-4/4-5-2-taxation.html,301,https://economicsacademy.co.uk/practice-questions/edexcel-theme-4/4-5-2-taxation.html
practice-questions/edexcel-theme-4/4-5-3-public-sector-finances.html,https://economicsacademy.co.uk/practice-questions/edexcel-theme-4/4-5-3-public-sector-finances.html,,,404,,200,,200,,301,https://economicsacademy.co.uk/practice-questions/edexcel-theme-4/4-5-3-public-sector-finances.html,301,https://economicsacademy.co.uk/practice-questions/edexcel-theme-4/4-5-3-public-sector-finances.html
practice-questions/edexcel-theme-4/4-5-4-macroeconomic-policies-in-a-global-context.html,https://economicsacademy.co.uk/practice-questions/edexcel-theme-4/4-5-4-macroeconomic-policies-in-a-global-context.html,,,404,,200,,200,,301,https://economicsacademy.co.uk/practice-questions/edexcel-theme-4/4-5-4-macroeconomic-policies-in-a-global-context.html,301,https://economicsacademy.co.uk/practice-questions/edexcel-theme-4/4-5-4-macroeconomic-policies-in-a-global-context.html
practice-questions/edexcel-theme-4/index.html,https://economicsacademy.co.uk/practice-questions/edexcel-theme-4/,200,,200,,,,301,https://economicsacademy.co.uk/practice-questions/edexcel-theme-4/,301,https://economicsacademy.co.uk/practice-questions/edexcel-theme-4/,301,https://economicsacademy.co.uk/practice-questions/edexcel-theme-4/
practice-questions/index.html,https://economicsacademy.co.uk/practice-questions/,200,,200,,,,301,https://economicsacademy.co.uk/practice-questions/,301,https://economicsacademy.co.uk/practice-questions/,301,https://economicsacademy.co.uk/practice-questions/
privacy.html,https://economicsacademy.co.uk/privacy.html,,,404,,200,,200,,301,https://economicsacademy.co.uk/privacy.html,301,https://economicsacademy.co.uk/privacy.html
revision-notes/aqa-a2-macro/2-1-1-the-objectives-of-government-economic-policy.html,https://economicsacademy.co.uk/revision-notes/aqa-a2-macro/2-1-1-the-objectives-of-government-economic-policy.html,,,404,,200,,200,,301,https://economicsacademy.co.uk/revision-notes/aqa-a2-macro/2-1-1-the-objectives-of-government-economic-policy.html,301,https://economicsacademy.co.uk/revision-notes/aqa-a2-macro/2-1-1-the-objectives-of-government-economic-policy.html
revision-notes/aqa-a2-macro/2-1-2-macroeconomic-indicators.html,https://economicsacademy.co.uk/revision-notes/aqa-a2-macro/2-1-2-macroeconomic-indicators.html,,,404,,200,,200,,301,https://economicsacademy.co.uk/revision-notes/aqa-a2-macro/2-1-2-macroeconomic-indicators.html,301,https://economicsacademy.co.uk/revision-notes/aqa-a2-macro/2-1-2-macroeconomic-indicators.html
revision-notes/aqa-a2-macro/2-1-3-uses-of-index-numbers.html,https://economicsacademy.co.uk/revision-notes/aqa-a2-macro/2-1-3-uses-of-index-numbers.html,,,404,,200,,200,,301,https://economicsacademy.co.uk/revision-notes/aqa-a2-macro/2-1-3-uses-of-index-numbers.html,301,https://economicsacademy.co.uk/revision-notes/aqa-a2-macro/2-1-3-uses-of-index-numbers.html
revision-notes/aqa-a2-macro/2-1-4-uses-of-national-income-data.html,https://economicsacademy.co.uk/revision-notes/aqa-a2-macro/2-1-4-uses-of-national-income-data.html,,,404,,200,,200,,301,https://economicsacademy.co.uk/revision-notes/aqa-a2-macro/2-1-4-uses-of-national-income-data.html,301,https://economicsacademy.co.uk/revision-notes/aqa-a2-macro/2-1-4-uses-of-national-income-data.html
revision-notes/aqa-a2-macro/2-2-1-the-circular-flow-of-income.html,https://economicsacademy.co.uk/revision-notes/aqa-a2-macro/2-2-1-the-circular-flow-of-income.html,,,404,,200,,200,,301,https://economicsacademy.co.uk/revision-notes/aqa-a2-macro/2-2-1-the-circular-flow-of-income.html,301,https://economicsacademy.co.uk/revision-notes/aqa-a2-macro/2-2-1-the-circular-flow-of-income.html
revision-notes/aqa-a2-macro/2-2-2-aggregate-demand-and-aggregate-supply-analysis.html,https://economicsacademy.co.uk/revision-notes/aqa-a2-macro/2-2-2-aggregate-demand-and-aggregate-supply-analysis.html,,,404,,200,,200,,301,https://economicsacademy.co.uk/revision-notes/aqa-a2-macro/2-2-2-aggregate-demand-and-aggregate-supply-analysis.html,301,https://economicsacademy.co.uk/revision-notes/aqa-a2-macro/2-2-2-aggregate-demand-and-aggregate-supply-analysis.html
revision-notes/aqa-a2-macro/2-2-3-the-determinants-of-aggregate-demand.html,https://economicsacademy.co.uk/revision-notes/aqa-a2-macro/2-2-3-the-determinants-of-aggregate-demand.html,,,404,,200,,200,,301,https://economicsacademy.co.uk/revision-notes/aqa-a2-macro/2-2-3-the-determinants-of-aggregate-demand.html,301,https://economicsacademy.co.uk/revision-notes/aqa-a2-macro/2-2-3-the-determinants-of-aggregate-demand.html
revision-notes/aqa-a2-macro/2-2-4-aggregate-demand-and-the-level-of-economic-activity.html,https://economicsacademy.co.uk/revision-notes/aqa-a2-macro/2-2-4-aggregate-demand-and-the-level-of-economic-activity.html,,,404,,200,,200,,301,https://economicsacademy.co.uk/revision-notes/aqa-a2-macro/2-2-4-aggregate-demand-and-the-level-of-economic-activity.html,301,https://economicsacademy.co.uk/revision-notes/aqa-a2-macro/2-2-4-aggregate-demand-and-the-level-of-economic-activity.html
revision-notes/aqa-a2-macro/2-2-5-determinants-of-short-run-aggregate-supply.html,https://economicsacademy.co.uk/revision-notes/aqa-a2-macro/2-2-5-determinants-of-short-run-aggregate-supply.html,,,404,,200,,200,,301,https://economicsacademy.co.uk/revision-notes/aqa-a2-macro/2-2-5-determinants-of-short-run-aggregate-supply.html,301,https://economicsacademy.co.uk/revision-notes/aqa-a2-macro/2-2-5-determinants-of-short-run-aggregate-supply.html
revision-notes/aqa-a2-macro/2-2-6-determinants-of-long-run-aggregate-supply.html,https://economicsacademy.co.uk/revision-notes/aqa-a2-macro/2-2-6-determinants-of-long-run-aggregate-supply.html,,,404,,200,,200,,301,https://economicsacademy.co.uk/revision-notes/aqa-a2-macro/2-2-6-determinants-of-long-run-aggregate-supply.html,301,https://economicsacademy.co.uk/revision-notes/aqa-a2-macro/2-2-6-determinants-of-long-run-aggregate-supply.html
revision-notes/aqa-a2-macro/2-3-1-economic-growth-and-the-economic-cycle.html,https://economicsacademy.co.uk/revision-notes/aqa-a2-macro/2-3-1-economic-growth-and-the-economic-cycle.html,,,404,,200,,200,,301,https://economicsacademy.co.uk/revision-notes/aqa-a2-macro/2-3-1-economic-growth-and-the-economic-cycle.html,301,https://economicsacademy.co.uk/revision-notes/aqa-a2-macro/2-3-1-economic-growth-and-the-economic-cycle.html
revision-notes/aqa-a2-macro/2-3-2-employment-and-unemployment.html,https://economicsacademy.co.uk/revision-notes/aqa-a2-macro/2-3-2-employment-and-unemployment.html,,,404,,200,,200,,301,https://economicsacademy.co.uk/revision-notes/aqa-a2-macro/2-3-2-employment-and-unemployment.html,301,https://economicsacademy.co.uk/revision-notes/aqa-a2-macro/2-3-2-employment-and-unemployment.html
revision-notes/aqa-a2-macro/2-3-3-inflation-and-deflation.html,https://economicsacademy.co.uk/revision-notes/aqa-a2-macro/2-3-3-inflation-and-deflation.html,,,404,,200,,200,,301,https://economicsacademy.co.uk/revision-notes/aqa-a2-macro/2-3-3-inflation-and-deflation.html,301,https://economicsacademy.co.uk/revision-notes/aqa-a2-macro/2-3-3-inflation-and-deflation.html
revision-notes/aqa-a2-macro/2-3-4-possible-conflicts-between-macroeconomic-policy-objectives.html,https://economicsacademy.co.uk/revision-notes/aqa-a2-macro/2-3-4-possible-conflicts-between-macroeconomic-policy-objectives.html,,,404,,200,,200,,301,https://economicsacademy.co.uk/revision-notes/aqa-a2-macro/2-3-4-possible-conflicts-between-macroeconomic-policy-objectives.html,301,https://economicsacademy.co.uk/revision-notes/aqa-a2-macro/2-3-4-possible-conflicts-between-macroeconomic-policy-objectives.html
revision-notes/aqa-a2-macro/2-4-1-the-structure-of-financial-markets-and-financial-assets.html,https://economicsacademy.co.uk/revision-notes/aqa-a2-macro/2-4-1-the-structure-of-financial-markets-and-financial-assets.html,,,404,,200,,200,,301,https://economicsacademy.co.uk/revision-notes/aqa-a2-macro/2-4-1-the-structure-of-financial-markets-and-financial-assets.html,301,https://economicsacademy.co.uk/revision-notes/aqa-a2-macro/2-4-1-the-structure-of-financial-markets-and-financial-assets.html
revision-notes/aqa-a2-macro/2-4-2-commercial-banks-and-investment-banks.html,https://economicsacademy.co.uk/revision-notes/aqa-a2-macro/2-4-2-commercial-banks-and-investment-banks.html,,,404,,200,,200,,301,https://economicsacademy.co.uk/revision-notes/aqa-a2-macro/2-4-2-commercial-banks-and-investment-banks.html,301,https://economicsacademy.co.uk/revision-notes/aqa-a2-macro/2-4-2-commercial-banks-and-investment-banks.html
revision-notes/aqa-a2-macro/2-4-3-central-banks-and-monetary-policy.html,https://economicsacademy.co.uk/revision-notes/aqa-a2-macro/2-4-3-central-banks-and-monetary-policy.html,,,404,,200,,200,,301,https://economicsacademy.co.uk/revision-notes/aqa-a2-macro/2-4-3-central-banks-and-monetary-policy.html,301,https://economicsacademy.co.uk/revision-notes/aqa-a2-macro/2-4-3-central-banks-and-monetary-policy.html
revision-notes/aqa-a2-macro/2-4-4-the-regulation-of-the-financial-system.html,https://economicsacademy.co.uk/revision-notes/aqa-a2-macro/2-4-4-the-regulation-of-the-financial-system.html,,,404,,200,,200,,301,https://economicsacademy.co.uk/revision-notes/aqa-a2-macro/2-4-4-the-regulation-of-the-financial-system.html,301,https://economicsacademy.co.uk/revision-notes/aqa-a2-macro/2-4-4-the-regulation-of-the-financial-system.html
revision-notes/aqa-a2-macro/2-5-1-fiscal-policy.html,https://economicsacademy.co.uk/revision-notes/aqa-a2-macro/2-5-1-fiscal-policy.html,,,404,,200,,200,,301,https://economicsacademy.co.uk/revision-notes/aqa-a2-macro/2-5-1-fiscal-policy.html,301,https://economicsacademy.co.uk/revision-notes/aqa-a2-macro/2-5-1-fiscal-policy.html
revision-notes/aqa-a2-macro/2-5-2-supply-side-policies.html,https://economicsacademy.co.uk/revision-notes/aqa-a2-macro/2-5-2-supply-side-policies.html,,,404,,200,,200,,301,https://economicsacademy.co.uk/revision-notes/aqa-a2-macro/2-5-2-supply-side-policies.html,301,https://economicsacademy.co.uk/revision-notes/aqa-a2-macro/2-5-2-supply-side-policies.html
revision-notes/aqa-a2-macro/2-6-1-globalisation.html,https://economicsacademy.co.uk/revision-notes/aqa-a2-macro/2-6-1-globalisation.html,,,404,,200,,200,,301,https://economicsacademy.co.uk/revision-notes/aqa-a2-macro/2-6-1-globalisation.html,301,https://economicsacademy.co.uk/revision-notes/aqa-a2-macro/2-6-1-globalisation.html
revision-notes/aqa-a2-macro/2-6-2-trade.html,https://economicsacademy.co.uk/revision-notes/aqa-a2-macro/2-6-2-trade.html,,,404,,200,,200,,301,https://economicsacademy.co.uk/revision-notes/aqa-a2-macro/2-6-2-trade.html,301,https://economicsacademy.co.uk/revision-notes/aqa-a2-macro/2-6-2-trade.html
revision-notes/aqa-a2-macro/2-6-3-the-balance-of-payments.html,https://economicsacademy.co.uk/revision-notes/aqa-a2-macro/2-6-3-the-balance-of-payments.html,,,404,,200,,200,,301,https://economicsacademy.co.uk/revision-notes/aqa-a2-macro/2-6-3-the-balance-of-payments.html,301,https://economicsacademy.co.uk/revision-notes/aqa-a2-macro/2-6-3-the-balance-of-payments.html
revision-notes/aqa-a2-macro/2-6-4-exchange-rate-systems.html,https://economicsacademy.co.uk/revision-notes/aqa-a2-macro/2-6-4-exchange-rate-systems.html,,,404,,200,,200,,301,https://economicsacademy.co.uk/revision-notes/aqa-a2-macro/2-6-4-exchange-rate-systems.html,301,https://economicsacademy.co.uk/revision-notes/aqa-a2-macro/2-6-4-exchange-rate-systems.html
revision-notes/aqa-a2-macro/2-6-5-economic-growth-and-development.html,https://economicsacademy.co.uk/revision-notes/aqa-a2-macro/2-6-5-economic-growth-and-development.html,,,404,,200,,200,,301,https://economicsacademy.co.uk/revision-notes/aqa-a2-macro/2-6-5-economic-growth-and-development.html,301,https://economicsacademy.co.uk/revision-notes/aqa-a2-macro/2-6-5-economic-growth-and-development.html
revision-notes/aqa-a2-macro/index.html,https://economicsacademy.co.uk/revision-notes/aqa-a2-macro/,200,,200,,,,301,https://economicsacademy.co.uk/revision-notes/aqa-a2-macro/,301,https://economicsacademy.co.uk/revision-notes/aqa-a2-macro/,301,https://economicsacademy.co.uk/revision-notes/aqa-a2-macro/
revision-notes/aqa-a2-micro/1-1-1-economic-methodology.html,https://economicsacademy.co.uk/revision-notes/aqa-a2-micro/1-1-1-economic-methodology.html,,,404,,200,,200,,301,https://economicsacademy.co.uk/revision-notes/aqa-a2-micro/1-1-1-economic-methodology.html,301,https://economicsacademy.co.uk/revision-notes/aqa-a2-micro/1-1-1-economic-methodology.html
revision-notes/aqa-a2-micro/1-1-2-the-nature-and-purpose-of-economic-activity.html,https://economicsacademy.co.uk/revision-notes/aqa-a2-micro/1-1-2-the-nature-and-purpose-of-economic-activity.html,,,404,,200,,200,,301,https://economicsacademy.co.uk/revision-notes/aqa-a2-micro/1-1-2-the-nature-and-purpose-of-economic-activity.html,301,https://economicsacademy.co.uk/revision-notes/aqa-a2-micro/1-1-2-the-nature-and-purpose-of-economic-activity.html
revision-notes/aqa-a2-micro/1-1-3-economic-resources.html,https://economicsacademy.co.uk/revision-notes/aqa-a2-micro/1-1-3-economic-resources.html,,,404,,200,,200,,301,https://economicsacademy.co.uk/revision-notes/aqa-a2-micro/1-1-3-economic-resources.html,301,https://economicsacademy.co.uk/revision-notes/aqa-a2-micro/1-1-3-economic-resources.html
revision-notes/aqa-a2-micro/1-1-4-scarcity-choice-and-the-allocation-of-resources.html,https://economicsacademy.co.uk/revision-notes/aqa-a2-micro/1-1-4-scarcity-choice-and-the-allocation-of-resources.html,,,404,,200,,200,,301,https://economicsacademy.co.uk/revision-notes/aqa-a2-micro/1-1-4-scarcity-choice-and-the-allocation-of-resources.html,301,https://economicsacademy.co.uk/revision-notes/aqa-a2-micro/1-1-4-scarcity-choice-and-the-allocation-of-resources.html
revision-notes/aqa-a2-micro/1-1-5-production-possibility-diagrams.html,https://economicsacademy.co.uk/revision-notes/aqa-a2-micro/1-1-5-production-possibility-diagrams.html,,,404,,200,,200,,301,https://economicsacademy.co.uk/revision-notes/aqa-a2-micro/1-1-5-production-possibility-diagrams.html,301,https://economicsacademy.co.uk/revision-notes/aqa-a2-micro/1-1-5-production-possibility-diagrams.html
revision-notes/aqa-a2-micro/1-2-1-consumer-behaviour.html,https://economicsacademy.co.uk/revision-notes/aqa-a2-micro/1-2-1-consumer-behaviour.html,,,404,,200,,200,,301,https://economicsacademy.co.uk/revision-notes/aqa-a2-micro/1-2-1-consumer-behaviour.html,301,https://economicsacademy.co.uk/revision-notes/aqa-a2-micro/1-2-1-consumer-behaviour.html
revision-notes/aqa-a2-micro/1-2-2-imperfect-information.html,https://economicsacademy.co.uk/revision-notes/aqa-a2-micro/1-2-2-imperfect-information.html,,,404,,200,,200,,301,https://economicsacademy.co.uk/revision-notes/aqa-a2-micro/1-2-2-imperfect-information.html,301,https://economicsacademy.co.uk/revision-notes/aqa-a2-micro/1-2-2-imperfect-information.html
revision-notes/aqa-a2-micro/1-2-3-aspects-of-behavioural-economic-theory.html,https://economicsacademy.co.uk/revision-notes/aqa-a2-micro/1-2-3-aspects-of-behavioural-economic-theory.html,,,404,,200,,200,,301,https://economicsacademy.co.uk/revision-notes/aqa-a2-micro/1-2-3-aspects-of-behavioural-economic-theory.html,301,https://economicsacademy.co.uk/revision-notes/aqa-a2-micro/1-2-3-aspects-of-behavioural-economic-theory.html
revision-notes/aqa-a2-micro/1-2-4-behavioural-economics-and-economic-policy.html,https://economicsacademy.co.uk/revision-notes/aqa-a2-micro/1-2-4-behavioural-economics-and-economic-policy.html,,,404,,200,,200,,301,https://economicsacademy.co.uk/revision-notes/aqa-a2-micro/1-2-4-behavioural-economics-and-economic-policy.html,301,https://economicsacademy.co.uk/revision-notes/aqa-a2-micro/1-2-4-behavioural-economics-and-economic-policy.html
revision-notes/aqa-a2-micro/1-3-1-the-determinants-of-the-demand-for-goods-and-services.html,https://economicsacademy.co.uk/revision-notes/aqa-a2-micro/1-3-1-the-determinants-of-the-demand-for-goods-and-services.html,,,404,,200,,200,,301,https://economicsacademy.co.uk/revision-notes/aqa-a2-micro/1-3-1-the-determinants-of-the-demand-for-goods-and-services.html,301,https://economicsacademy.co.uk/revision-notes/aqa-a2-micro/1-3-1-the-determinants-of-the-demand-for-goods-and-services.html
revision-notes/aqa-a2-micro/1-3-2-price-income-and-cross-elasticities-of-demand.html,https://economicsacademy.co.uk/revision-notes/aqa-a2-micro/1-3-2-price-income-and-cross-elasticities-of-demand.html,,,404,,200,,200,,301,https://economicsacademy.co.uk/revision-notes/aqa-a2-micro/1-3-2-price-income-and-cross-elasticities-of-demand.html,301,https://economicsacademy.co.uk/revision-notes/aqa-a2-micro/1-3-2-price-income-and-cross-elasticities-of-demand.html
revision-notes/aqa-a2-micro/1-3-3-the-determinants-of-the-supply-of-goods-and-services.html,https://economicsacademy.co.uk/revision-notes/aqa-a2-micro/1-3-3-the-determinants-of-the-supply-of-goods-and-services.html,,,404,,200,,200,,301,https://economicsacademy.co.uk/revision-notes/aqa-a2-micro/1-3-3-the-determinants-of-the-supply-of-goods-and-services.html,301,https://economicsacademy.co.uk/revision-notes/aqa-a2-micro/1-3-3-the-determinants-of-the-supply-of-goods-and-services.html
revision-notes/aqa-a2-micro/1-3-4-price-elasticity-of-supply.html,https://economicsacademy.co.uk/revision-notes/aqa-a2-micro/1-3-4-price-elasticity-of-supply.html,,,404,,200,,200,,301,https://economicsacademy.co.uk/revision-notes/aqa-a2-micro/1-3-4-price-elasticity-of-supply.html,301,https://economicsacademy.co.uk/revision-notes/aqa-a2-micro/1-3-4-price-elasticity-of-supply.html
revision-notes/aqa-a2-micro/1-3-5-the-determination-of-equilibrium-market-prices.html,https://economicsacademy.co.uk/revision-notes/aqa-a2-micro/1-3-5-the-determination-of-equilibrium-market-prices.html,,,404,,200,,200,,301,https://economicsacademy.co.uk/revision-notes/aqa-a2-micro/1-3-5-the-determination-of-equilibrium-market-prices.html,301,https://economicsacademy.co.uk/revision-notes/aqa-a2-micro/1-3-5-the-determination-of-equilibrium-market-prices.html
revision-notes/aqa-a2-micro/1-3-6-the-interrelationship-between-markets.html,https://economicsacademy.co.uk/revision-notes/aqa-a2-micro/1-3-6-the-interrelationship-between-markets.html,,,404,,200,,200,,301,https://economicsacademy.co.uk/revision-notes/aqa-a2-micro/1-3-6-the-interrelationship-between-markets.html,301,https://economicsacademy.co.uk/revision-notes/aqa-a2-micro/1-3-6-the-interrelationship-between-markets.html
revision-notes/aqa-a2-micro/1-4-1-production-and-productivity.html,https://economicsacademy.co.uk/revision-notes/aqa-a2-micro/1-4-1-production-and-productivity.html,,,404,,200,,200,,301,https://economicsacademy.co.uk/revision-notes/aqa-a2-micro/1-4-1-production-and-productivity.html,301,https://economicsacademy.co.uk/revision-notes/aqa-a2-micro/1-4-1-production-and-productivity.html
revision-notes/aqa-a2-micro/1-4-2-specialisation-division-of-labour-and-exchange.html,https://economicsacademy.co.uk/revision-notes/aqa-a2-micro/1-4-2-specialisation-division-of-labour-and-exchange.html,,,404,,200,,200,,301,https://economicsacademy.co.uk/revision-notes/aqa-a2-micro/1-4-2-specialisation-division-of-labour-and-exchange.html,301,https://economicsacademy.co.uk/revision-notes/aqa-a2-micro/1-4-2-specialisation-division-of-labour-and-exchange.html
revision-notes/aqa-a2-micro/1-4-3-the-law-of-diminishing-returns-and-returns-to-scale.html,https://economicsacademy.co.uk/revision-notes/aqa-a2-micro/1-4-3-the-law-of-diminishing-returns-and-returns-to-scale.html,,,404,,200,,200,,301,https://economicsacademy.co.uk/revision-notes/aqa-a2-micro/1-4-3-the-law-of-diminishing-returns-and-returns-to-scale.html,301,https://economicsacademy.co.uk/revision-notes/aqa-a2-micro/1-4-3-the-law-of-diminishing-returns-and-returns-to-scale.html
revision-notes/aqa-a2-micro/1-4-4-costs-of-production.html,https://economicsacademy.co.uk/revision-notes/aqa-a2-micro/1-4-4-costs-of-production.html,,,404,,200,,200,,301,https://economicsacademy.co.uk/revision-notes/aqa-a2-micro/1-4-4-costs-of-production.html,301,https://economicsacademy.co.uk/revision-notes/aqa-a2-micro/1-4-4-costs-of-production.html
revision-notes/aqa-a2-micro/1-4-5-economies-and-diseconomies-of-scale.html,https://economicsacademy.co.uk/revision-notes/aqa-a2-micro/1-4-5-economies-and-diseconomies-of-scale.html,,,404,,200,,200,,301,https://economicsacademy.co.uk/revision-notes/aqa-a2-micro/1-4-5-economies-and-diseconomies-of-scale.html,301,https://economicsacademy.co.uk/revision-notes/aqa-a2-micro/1-4-5-economies-and-diseconomies-of-scale.html
revision-notes/aqa-a2-micro/1-4-6-marginal-average-and-total-revenue.html,https://economicsacademy.co.uk/revision-notes/aqa-a2-micro/1-4-6-marginal-average-and-total-revenue.html,,,404,,200,,200,,301,https://economicsacademy.co.uk/revision-notes/aqa-a2-micro/1-4-6-marginal-average-and-total-revenue.html,301,https://economicsacademy.co.uk/revision-notes/aqa-a2-micro/1-4-6-marginal-average-and-total-revenue.html
revision-notes/aqa-a2-micro/1-4-7-profit.html,https://economicsacademy.co.uk/revision-notes/aqa-a2-micro/1-4-7-profit.html,,,404,,200,,200,,301,https://economicsacademy.co.uk/revision-notes/aqa-a2-micro/1-4-7-profit.html,301,https://economicsacademy.co.uk/revision-notes/aqa-a2-micro/1-4-7-profit.html
revision-notes/aqa-a2-micro/1-4-8-technological-change.html,https://economicsacademy.co.uk/revision-notes/aqa-a2-micro/1-4-8-technological-change.html,,,404,,200,,200,,301,https://economicsacademy.co.uk/revision-notes/aqa-a2-micro/1-4-8-technological-change.html,301,https://economicsacademy.co.uk/revision-notes/aqa-a2-micro/1-4-8-technological-change.html
revision-notes/aqa-a2-micro/1-5-1-market-structures.html,https://economicsacademy.co.uk/revision-notes/aqa-a2-micro/1-5-1-market-structures.html,,,404,,200,,200,,301,https://economicsacademy.co.uk/revision-notes/aqa-a2-micro/1-5-1-market-structures.html,301,https://economicsacademy.co.uk/revision-notes/aqa-a2-micro/1-5-1-market-structures.html
revision-notes/aqa-a2-micro/1-5-10-market-structure-efficiency-resource-allocation.html,https://economicsacademy.co.uk/revision-notes/aqa-a2-micro/1-5-10-market-structure-efficiency-resource-allocation.html,,,404,,200,,200,,301,https://economicsacademy.co.uk/revision-notes/aqa-a2-micro/1-5-10-market-structure-efficiency-resource-allocation.html,301,https://economicsacademy.co.uk/revision-notes/aqa-a2-micro/1-5-10-market-structure-efficiency-resource-allocation.html
revision-notes/aqa-a2-micro/1-5-11-consumer-and-producer-surplus.html,https://economicsacademy.co.uk/revision-notes/aqa-a2-micro/1-5-11-consumer-and-producer-surplus.html,,,404,,200,,200,,301,https://economicsacademy.co.uk/revision-notes/aqa-a2-micro/1-5-11-consumer-and-producer-surplus.html,301,https://economicsacademy.co.uk/revision-notes/aqa-a2-micro/1-5-11-consumer-and-producer-surplus.html
revision-notes/aqa-a2-micro/1-5-2-the-objectives-of-firms.html,https://economicsacademy.co.uk/revision-notes/aqa-a2-micro/1-5-2-the-objectives-of-firms.html,,,404,,200,,200,,301,https://economicsacademy.co.uk/revision-notes/aqa-a2-micro/1-5-2-the-objectives-of-firms.html,301,https://economicsacademy.co.uk/revision-notes/aqa-a2-micro/1-5-2-the-objectives-of-firms.html
revision-notes/aqa-a2-micro/1-5-3-perfect-competition.html,https://economicsacademy.co.uk/revision-notes/aqa-a2-micro/1-5-3-perfect-competition.html,,,404,,200,,200,,301,https://economicsacademy.co.uk/revision-notes/aqa-a2-micro/1-5-3-perfect-competition.html,301,https://economicsacademy.co.uk/revision-notes/aqa-a2-micro/1-5-3-perfect-competition.html
revision-notes/aqa-a2-micro/1-5-4-monopolistic-competition.html,https://economicsacademy.co.uk/revision-notes/aqa-a2-micro/1-5-4-monopolistic-competition.html,,,404,,200,,200,,301,https://economicsacademy.co.uk/revision-notes/aqa-a2-micro/1-5-4-monopolistic-competition.html,301,https://economicsacademy.co.uk/revision-notes/aqa-a2-micro/1-5-4-monopolistic-competition.html
revision-notes/aqa-a2-micro/1-5-5-oligopoly.html,https://economicsacademy.co.uk/revision-notes/aqa-a2-micro/1-5-5-oligopoly.html,,,404,,200,,200,,301,https://economicsacademy.co.uk/revision-notes/aqa-a2-micro/1-5-5-oligopoly.html,301,https://economicsacademy.co.uk/revision-notes/aqa-a2-micro/1-5-5-oligopoly.html
revision-notes/aqa-a2-micro/1-5-6-monopoly-and-monopoly-power.html,https://economicsacademy.co.uk/revision-notes/aqa-a2-micro/1-5-6-monopoly-and-monopoly-power.html,,,404,,200,,200,,301,https://economicsacademy.co.uk/revision-notes/aqa-a2-micro/1-5-6-monopoly-and-monopoly-power.html,301,https://economicsacademy.co.uk/revision-notes/aqa-a2-micro/1-5-6-monopoly-and-monopoly-power.html
revision-notes/aqa-a2-micro/1-5-7-price-discrimination.html,https://economicsacademy.co.uk/revision-notes/aqa-a2-micro/1-5-7-price-discrimination.html,,,404,,200,,200,,301,https://economicsacademy.co.uk/revision-notes/aqa-a2-micro/1-5-7-price-discrimination.html,301,https://economicsacademy.co.uk/revision-notes/aqa-a2-micro/1-5-7-price-discrimination.html
revision-notes/aqa-a2-micro/1-5-8-the-dynamics-of-competition-and-competitive-market-processes.html,https://economicsacademy.co.uk/revision-notes/aqa-a2-micro/1-5-8-the-dynamics-of-competition-and-competitive-market-processes.html,,,404,,200,,200,,301,https://economicsacademy.co.uk/revision-notes/aqa-a2-micro/1-5-8-the-dynamics-of-competition-and-competitive-market-processes.html,301,https://economicsacademy.co.uk/revision-notes/aqa-a2-micro/1-5-8-the-dynamics-of-competition-and-competitive-market-processes.html
revision-notes/aqa-a2-micro/1-5-9-contestable-and-non-contestable-markets.html,https://economicsacademy.co.uk/revision-notes/aqa-a2-micro/1-5-9-contestable-and-non-contestable-markets.html,,,404,,200,,200,,301,https://economicsacademy.co.uk/revision-notes/aqa-a2-micro/1-5-9-contestable-and-non-contestable-markets.html,301,https://economicsacademy.co.uk/revision-notes/aqa-a2-micro/1-5-9-contestable-and-non-contestable-markets.html
revision-notes/aqa-a2-micro/1-6-1-the-demand-for-labour-marginal-productivity-theory.html,https://economicsacademy.co.uk/revision-notes/aqa-a2-micro/1-6-1-the-demand-for-labour-marginal-productivity-theory.html,,,404,,200,,200,,301,https://economicsacademy.co.uk/revision-notes/aqa-a2-micro/1-6-1-the-demand-for-labour-marginal-productivity-theory.html,301,https://economicsacademy.co.uk/revision-notes/aqa-a2-micro/1-6-1-the-demand-for-labour-marginal-productivity-theory.html
revision-notes/aqa-a2-micro/1-6-2-influence-upon-the-supply-of-labour-to-different-markets.html,https://economicsacademy.co.uk/revision-notes/aqa-a2-micro/1-6-2-influence-upon-the-supply-of-labour-to-different-markets.html,,,404,,200,,200,,301,https://economicsacademy.co.uk/revision-notes/aqa-a2-micro/1-6-2-influence-upon-the-supply-of-labour-to-different-markets.html,301,https://economicsacademy.co.uk/revision-notes/aqa-a2-micro/1-6-2-influence-upon-the-supply-of-labour-to-different-markets.html
revision-notes/aqa-a2-micro/1-6-3-wage-determination-perfectly-competitive-labour-markets.html,https://economicsacademy.co.uk/revision-notes/aqa-a2-micro/1-6-3-wage-determination-perfectly-competitive-labour-markets.html,,,404,,200,,200,,301,https://economicsacademy.co.uk/revision-notes/aqa-a2-micro/1-6-3-wage-determination-perfectly-competitive-labour-markets.html,301,https://economicsacademy.co.uk/revision-notes/aqa-a2-micro/1-6-3-wage-determination-perfectly-competitive-labour-markets.html
revision-notes/aqa-a2-micro/1-6-4-wage-determination-imperfectly-competitive-labour-markets.html,https://economicsacademy.co.uk/revision-notes/aqa-a2-micro/1-6-4-wage-determination-imperfectly-competitive-labour-markets.html,,,404,,200,,200,,301,https://economicsacademy.co.uk/revision-notes/aqa-a2-micro/1-6-4-wage-determination-imperfectly-competitive-labour-markets.html,301,https://economicsacademy.co.uk/revision-notes/aqa-a2-micro/1-6-4-wage-determination-imperfectly-competitive-labour-markets.html
revision-notes/aqa-a2-micro/1-6-5-the-influence-of-trade-unions-in-determining-wages-and-levels-of-employment.html,https://economicsacademy.co.uk/revision-notes/aqa-a2-micro/1-6-5-the-influence-of-trade-unions-in-determining-wages-and-levels-of-employment.html,,,404,,200,,200,,301,https://economicsacademy.co.uk/revision-notes/aqa-a2-micro/1-6-5-the-influence-of-trade-unions-in-determining-wages-and-levels-of-employment.html,301,https://economicsacademy.co.uk/revision-notes/aqa-a2-micro/1-6-5-the-influence-of-trade-unions-in-determining-wages-and-levels-of-employment.html
revision-notes/aqa-a2-micro/1-6-6-the-national-minimum-wage.html,https://economicsacademy.co.uk/revision-notes/aqa-a2-micro/1-6-6-the-national-minimum-wage.html,,,404,,200,,200,,301,https://economicsacademy.co.uk/revision-notes/aqa-a2-micro/1-6-6-the-national-minimum-wage.html,301,https://economicsacademy.co.uk/revision-notes/aqa-a2-micro/1-6-6-the-national-minimum-wage.html
revision-notes/aqa-a2-micro/1-6-7-discrimination-in-the-labour-market.html,https://economicsacademy.co.uk/revision-notes/aqa-a2-micro/1-6-7-discrimination-in-the-labour-market.html,,,404,,200,,200,,301,https://economicsacademy.co.uk/revision-notes/aqa-a2-micro/1-6-7-discrimination-in-the-labour-market.html,301,https://economicsacademy.co.uk/revision-notes/aqa-a2-micro/1-6-7-discrimination-in-the-labour-market.html
revision-notes/aqa-a2-micro/1-7-1-the-distribution-of-income-and-wealth.html,https://economicsacademy.co.uk/revision-notes/aqa-a2-micro/1-7-1-the-distribution-of-income-and-wealth.html,,,404,,200,,200,,301,https://economicsacademy.co.uk/revision-notes/aqa-a2-micro/1-7-1-the-distribution-of-income-and-wealth.html,301,https://economicsacademy.co.uk/revision-notes/aqa-a2-micro/1-7-1-the-distribution-of-income-and-wealth.html
revision-notes/aqa-a2-micro/1-7-2-the-problem-of-poverty.html,https://economicsacademy.co.uk/revision-notes/aqa-a2-micro/1-7-2-the-problem-of-poverty.html,,,404,,200,,200,,301,https://economicsacademy.co.uk/revision-notes/aqa-a2-micro/1-7-2-the-problem-of-poverty.html,301,https://economicsacademy.co.uk/revision-notes/aqa-a2-micro/1-7-2-the-problem-of-poverty.html
revision-notes/aqa-a2-micro/1-7-3-government-policies-poverty-income-distribution.html,https://economicsacademy.co.uk/revision-notes/aqa-a2-micro/1-7-3-government-policies-poverty-income-distribution.html,,,404,,200,,200,,301,https://economicsacademy.co.uk/revision-notes/aqa-a2-micro/1-7-3-government-policies-poverty-income-distribution.html,301,https://economicsacademy.co.uk/revision-notes/aqa-a2-micro/1-7-3-government-policies-poverty-income-distribution.html
revision-notes/aqa-a2-micro/1-8-1-how-markets-and-prices-allocate-resources.html,https://economicsacademy.co.uk/revision-notes/aqa-a2-micro/1-8-1-how-markets-and-prices-allocate-resources.html,,,404,,200,,200,,301,https://economicsacademy.co.uk/revision-notes/aqa-a2-micro/1-8-1-how-markets-and-prices-allocate-resources.html,301,https://economicsacademy.co.uk/revision-notes/aqa-a2-micro/1-8-1-how-markets-and-prices-allocate-resources.html
revision-notes/aqa-a2-micro/1-8-10-government-failure.html,https://economicsacademy.co.uk/revision-notes/aqa-a2-micro/1-8-10-government-failure.html,,,404,,200,,200,,301,https://economicsacademy.co.uk/revision-notes/aqa-a2-micro/1-8-10-government-failure.html,301,https://economicsacademy.co.uk/revision-notes/aqa-a2-micro/1-8-10-government-failure.html
revision-notes/aqa-a2-micro/1-8-2-the-meaning-of-market-failure.html,https://economicsacademy.co.uk/revision-notes/aqa-a2-micro/1-8-2-the-meaning-of-market-failure.html,,,404,,200,,200,,301,https://economicsacademy.co.uk/revision-notes/aqa-a2-micro/1-8-2-the-meaning-of-market-failure.html,301,https://economicsacademy.co.uk/revision-notes/aqa-a2-micro/1-8-2-the-meaning-of-market-failure.html
revision-notes/aqa-a2-micro/1-8-3-public-goods-private-goods-and-quasi-public-goods.html,https://economicsacademy.co.uk/revision-notes/aqa-a2-micro/1-8-3-public-goods-private-goods-and-quasi-public-goods.html,,,404,,200,,200,,301,https://economicsacademy.co.uk/revision-notes/aqa-a2-micro/1-8-3-public-goods-private-goods-and-quasi-public-goods.html,301,https://economicsacademy.co.uk/revision-notes/aqa-a2-micro/1-8-3-public-goods-private-goods-and-quasi-public-goods.html
revision-notes/aqa-a2-micro/1-8-4-positive-and-negative-externalities-in-consumption-and-production.html,https://economicsacademy.co.uk/revision-notes/aqa-a2-micro/1-8-4-positive-and-negative-externalities-in-consumption-and-production.html,,,404,,200,,200,,301,https://economicsacademy.co.uk/revision-notes/aqa-a2-micro/1-8-4-positive-and-negative-externalities-in-consumption-and-production.html,301,https://economicsacademy.co.uk/revision-notes/aqa-a2-micro/1-8-4-positive-and-negative-externalities-in-consumption-and-production.html
revision-notes/aqa-a2-micro/1-8-5-merit-and-demerit-goods.html,https://economicsacademy.co.uk/revision-notes/aqa-a2-micro/1-8-5-merit-and-demerit-goods.html,,,404,,200,,200,,301,https://economicsacademy.co.uk/revision-notes/aqa-a2-micro/1-8-5-merit-and-demerit-goods.html,301,https://economicsacademy.co.uk/revision-notes/aqa-a2-micro/1-8-5-merit-and-demerit-goods.html
revision-notes/aqa-a2-micro/1-8-6-market-imperfections.html,https://economicsacademy.co.uk/revision-notes/aqa-a2-micro/1-8-6-market-imperfections.html,,,404,,200,,200,,301,https://economicsacademy.co.uk/revision-notes/aqa-a2-micro/1-8-6-market-imperfections.html,301,https://economicsacademy.co.uk/revision-notes/aqa-a2-micro/1-8-6-market-imperfections.html
revision-notes/aqa-a2-micro/1-8-7-competition-policy.html,https://economicsacademy.co.uk/revision-notes/aqa-a2-micro/1-8-7-competition-policy.html,,,404,,200,,200,,301,https://economicsacademy.co.uk/revision-notes/aqa-a2-micro/1-8-7-competition-policy.html,301,https://economicsacademy.co.uk/revision-notes/aqa-a2-micro/1-8-7-competition-policy.html
revision-notes/aqa-a2-micro/1-8-8-public-ownership-privatisation-regulation-and-deregulation-of-markets.html,https://economicsacademy.co.uk/revision-notes/aqa-a2-micro/1-8-8-public-ownership-privatisation-regulation-and-deregulation-of-markets.html,,,404,,200,,200,,301,https://economicsacademy.co.uk/revision-notes/aqa-a2-micro/1-8-8-public-ownership-privatisation-regulation-and-deregulation-of-markets.html,301,https://economicsacademy.co.uk/revision-notes/aqa-a2-micro/1-8-8-public-ownership-privatisation-regulation-and-deregulation-of-markets.html
revision-notes/aqa-a2-micro/1-8-9-government-intervention-in-markets.html,https://economicsacademy.co.uk/revision-notes/aqa-a2-micro/1-8-9-government-intervention-in-markets.html,,,404,,200,,200,,301,https://economicsacademy.co.uk/revision-notes/aqa-a2-micro/1-8-9-government-intervention-in-markets.html,301,https://economicsacademy.co.uk/revision-notes/aqa-a2-micro/1-8-9-government-intervention-in-markets.html
revision-notes/aqa-a2-micro/index.html,https://economicsacademy.co.uk/revision-notes/aqa-a2-micro/,200,,200,,,,301,https://economicsacademy.co.uk/revision-notes/aqa-a2-micro/,301,https://economicsacademy.co.uk/revision-notes/aqa-a2-micro/,301,https://economicsacademy.co.uk/revision-notes/aqa-a2-micro/
revision-notes/edexcel-theme-1/1-1-1-economics-as-a-social-science.html,https://economicsacademy.co.uk/revision-notes/edexcel-theme-1/1-1-1-economics-as-a-social-science.html,,,404,,200,,200,,301,https://economicsacademy.co.uk/revision-notes/edexcel-theme-1/1-1-1-economics-as-a-social-science.html,301,https://economicsacademy.co.uk/revision-notes/edexcel-theme-1/1-1-1-economics-as-a-social-science.html
revision-notes/edexcel-theme-1/1-1-2-positive-normative-statements.html,https://economicsacademy.co.uk/revision-notes/edexcel-theme-1/1-1-2-positive-normative-statements.html,,,404,,200,,200,,301,https://economicsacademy.co.uk/revision-notes/edexcel-theme-1/1-1-2-positive-normative-statements.html,301,https://economicsacademy.co.uk/revision-notes/edexcel-theme-1/1-1-2-positive-normative-statements.html
revision-notes/edexcel-theme-1/1-1-3-the-economic-problem.html,https://economicsacademy.co.uk/revision-notes/edexcel-theme-1/1-1-3-the-economic-problem.html,,,404,,200,,200,,301,https://economicsacademy.co.uk/revision-notes/edexcel-theme-1/1-1-3-the-economic-problem.html,301,https://economicsacademy.co.uk/revision-notes/edexcel-theme-1/1-1-3-the-economic-problem.html
revision-notes/edexcel-theme-1/1-1-4-production-possibility-frontiers.html,https://economicsacademy.co.uk/revision-notes/edexcel-theme-1/1-1-4-production-possibility-frontiers.html,,,404,,200,,200,,301,https://economicsacademy.co.uk/revision-notes/edexcel-theme-1/1-1-4-production-possibility-frontiers.html,301,https://economicsacademy.co.uk/revision-notes/edexcel-theme-1/1-1-4-production-possibility-frontiers.html
revision-notes/edexcel-theme-1/1-1-5-specialisation-division-of-labour.html,https://economicsacademy.co.uk/revision-notes/edexcel-theme-1/1-1-5-specialisation-division-of-labour.html,,,404,,200,,200,,301,https://economicsacademy.co.uk/revision-notes/edexcel-theme-1/1-1-5-specialisation-division-of-labour.html,301,https://economicsacademy.co.uk/revision-notes/edexcel-theme-1/1-1-5-specialisation-division-of-labour.html
revision-notes/edexcel-theme-1/1-1-6-types-of-economies.html,https://economicsacademy.co.uk/revision-notes/edexcel-theme-1/1-1-6-types-of-economies.html,,,404,,200,,200,,301,https://economicsacademy.co.uk/revision-notes/edexcel-theme-1/1-1-6-types-of-economies.html,301,https://economicsacademy.co.uk/revision-notes/edexcel-theme-1/1-1-6-types-of-economies.html
revision-notes/edexcel-theme-1/1-2-1-rational-decision-making.html,https://economicsacademy.co.uk/revision-notes/edexcel-theme-1/1-2-1-rational-decision-making.html,,,404,,200,,200,,301,https://economicsacademy.co.uk/revision-notes/edexcel-theme-1/1-2-1-rational-decision-making.html,301,https://economicsacademy.co.uk/revision-notes/edexcel-theme-1/1-2-1-rational-decision-making.html
revision-notes/edexcel-theme-1/1-2-10-alternative-views-of-consumer-behaviour.html,https://economicsacademy.co.uk/revision-notes/edexcel-theme-1/1-2-10-alternative-views-of-consumer-behaviour.html,,,404,,200,,200,,301,https://economicsacademy.co.uk/revision-notes/edexcel-theme-1/1-2-10-alternative-views-of-consumer-behaviour.html,301,https://economicsacademy.co.uk/revision-notes/edexcel-theme-1/1-2-10-alternative-views-of-consumer-behaviour.html
revision-notes/edexcel-theme-1/1-2-2-demand.html,https://economicsacademy.co.uk/revision-notes/edexcel-theme-1/1-2-2-demand.html,,,404,,200,,200,,301,https://economicsacademy.co.uk/revision-notes/edexcel-theme-1/1-2-2-demand.html,301,https://economicsacademy.co.uk/revision-notes/edexcel-theme-1/1-2-2-demand.html
revision-notes/edexcel-theme-1/1-2-3-price-income-cross-elasticities-of-demand.html,https://economicsacademy.co.uk/revision-notes/edexcel-theme-1/1-2-3-price-income-cross-elasticities-of-demand.html,,,404,,200,,200,,301,https://economicsacademy.co.uk/revision-notes/edexcel-theme-1/1-2-3-price-income-cross-elasticities-of-demand.html,301,https://economicsacademy.co.uk/revision-notes/edexcel-theme-1/1-2-3-price-income-cross-elasticities-of-demand.html
revision-notes/edexcel-theme-1/1-2-4-supply.html,https://economicsacademy.co.uk/revision-notes/edexcel-theme-1/1-2-4-supply.html,,,404,,200,,200,,301,https://economicsacademy.co.uk/revision-notes/edexcel-theme-1/1-2-4-supply.html,301,https://economicsacademy.co.uk/revision-notes/edexcel-theme-1/1-2-4-supply.html
revision-notes/edexcel-theme-1/1-2-5-price-elasticity-of-supply.html,https://economicsacademy.co.uk/revision-notes/edexcel-theme-1/1-2-5-price-elasticity-of-supply.html,,,404,,200,,200,,301,https://economicsacademy.co.uk/revision-notes/edexcel-theme-1/1-2-5-price-elasticity-of-supply.html,301,https://economicsacademy.co.uk/revision-notes/edexcel-theme-1/1-2-5-price-elasticity-of-supply.html
revision-notes/edexcel-theme-1/1-2-6-price-determination.html,https://economicsacademy.co.uk/revision-notes/edexcel-theme-1/1-2-6-price-determination.html,,,404,,200,,200,,301,https://economicsacademy.co.uk/revision-notes/edexcel-theme-1/1-2-6-price-determination.html,301,https://economicsacademy.co.uk/revision-notes/edexcel-theme-1/1-2-6-price-determination.html
revision-notes/edexcel-theme-1/1-2-7-price-mechanism.html,https://economicsacademy.co.uk/revision-notes/edexcel-theme-1/1-2-7-price-mechanism.html,,,404,,200,,200,,301,https://economicsacademy.co.uk/revision-notes/edexcel-theme-1/1-2-7-price-mechanism.html,301,https://economicsacademy.co.uk/revision-notes/edexcel-theme-1/1-2-7-price-mechanism.html
revision-notes/edexcel-theme-1/1-2-8-producer-consumer-surplus.html,https://economicsacademy.co.uk/revision-notes/edexcel-theme-1/1-2-8-producer-consumer-surplus.html,,,404,,200,,200,,301,https://economicsacademy.co.uk/revision-notes/edexcel-theme-1/1-2-8-producer-consumer-surplus.html,301,https://economicsacademy.co.uk/revision-notes/edexcel-theme-1/1-2-8-producer-consumer-surplus.html
revision-notes/edexcel-theme-1/1-2-9-indirect-taxes-subsidies.html,https://economicsacademy.co.uk/revision-notes/edexcel-theme-1/1-2-9-indirect-taxes-subsidies.html,,,404,,200,,200,,301,https://economicsacademy.co.uk/revision-notes/edexcel-theme-1/1-2-9-indirect-taxes-subsidies.html,301,https://economicsacademy.co.uk/revision-notes/edexcel-theme-1/1-2-9-indirect-taxes-subsidies.html
revision-notes/edexcel-theme-1/1-3-1-types-of-market-failure.html,https://economicsacademy.co.uk/revision-notes/edexcel-theme-1/1-3-1-types-of-market-failure.html,,,404,,200,,200,,301,https://economicsacademy.co.uk/revision-notes/edexcel-theme-1/1-3-1-types-of-market-failure.html,301,https://economicsacademy.co.uk/revision-notes/edexcel-theme-1/1-3-1-types-of-market-failure.html
revision-notes/edexcel-theme-1/1-3-2-externalities.html,https://economicsacademy.co.uk/revision-notes/edexcel-theme-1/1-3-2-externalities.html,,,404,,200,,200,,301,https://economicsacademy.co.uk/revision-notes/edexcel-theme-1/1-3-2-externalities.html,301,https://economicsacademy.co.uk/revision-notes/edexcel-theme-1/1-3-2-externalities.html
revision-notes/edexcel-theme-1/1-3-3-public-goods.html,https://economicsacademy.co.uk/revision-notes/edexcel-theme-1/1-3-3-public-goods.html,,,404,,200,,200,,301,https://economicsacademy.co.uk/revision-notes/edexcel-theme-1/1-3-3-public-goods.html,301,https://economicsacademy.co.uk/revision-notes/edexcel-theme-1/1-3-3-public-goods.html
revision-notes/edexcel-theme-1/1-3-4-information-gaps.html,https://economicsacademy.co.uk/revision-notes/edexcel-theme-1/1-3-4-information-gaps.html,,,404,,200,,200,,301,https://economicsacademy.co.uk/revision-notes/edexcel-theme-1/1-3-4-information-gaps.html,301,https://economicsacademy.co.uk/revision-notes/edexcel-theme-1/1-3-4-information-gaps.html
revision-notes/edexcel-theme-1/1-4-1-government-intervention-in-markets.html,https://economicsacademy.co.uk/revision-notes/edexcel-theme-1/1-4-1-government-intervention-in-markets.html,,,404,,200,,200,,301,https://economicsacademy.co.uk/revision-notes/edexcel-theme-1/1-4-1-government-intervention-in-markets.html,301,https://economicsacademy.co.uk/revision-notes/edexcel-theme-1/1-4-1-government-intervention-in-markets.html
revision-notes/edexcel-theme-1/1-4-2-government-failure.html,https://economicsacademy.co.uk/revision-notes/edexcel-theme-1/1-4-2-government-failure.html,,,404,,200,,200,,301,https://economicsacademy.co.uk/revision-notes/edexcel-theme-1/1-4-2-government-failure.html,301,https://economicsacademy.co.uk/revision-notes/edexcel-theme-1/1-4-2-government-failure.html
revision-notes/edexcel-theme-1/index.html,https://economicsacademy.co.uk/revision-notes/edexcel-theme-1/,200,,200,,,,301,https://economicsacademy.co.uk/revision-notes/edexcel-theme-1/,301,https://economicsacademy.co.uk/revision-notes/edexcel-theme-1/,301,https://economicsacademy.co.uk/revision-notes/edexcel-theme-1/
revision-notes/edexcel-theme-2/2-1-1-economic-growth.html,https://economicsacademy.co.uk/revision-notes/edexcel-theme-2/2-1-1-economic-growth.html,,,404,,200,,200,,301,https://economicsacademy.co.uk/revision-notes/edexcel-theme-2/2-1-1-economic-growth.html,301,https://economicsacademy.co.uk/revision-notes/edexcel-theme-2/2-1-1-economic-growth.html
revision-notes/edexcel-theme-2/2-1-2-inflation.html,https://economicsacademy.co.uk/revision-notes/edexcel-theme-2/2-1-2-inflation.html,,,404,,200,,200,,301,https://economicsacademy.co.uk/revision-notes/edexcel-theme-2/2-1-2-inflation.html,301,https://economicsacademy.co.uk/revision-notes/edexcel-theme-2/2-1-2-inflation.html
revision-notes/edexcel-theme-2/2-1-3-employment-unemployment.html,https://economicsacademy.co.uk/revision-notes/edexcel-theme-2/2-1-3-employment-unemployment.html,,,404,,200,,200,,301,https://economicsacademy.co.uk/revision-notes/edexcel-theme-2/2-1-3-employment-unemployment.html,301,https://economicsacademy.co.uk/revision-notes/edexcel-theme-2/2-1-3-employment-unemployment.html
revision-notes/edexcel-theme-2/2-1-4-balance-of-payments.html,https://economicsacademy.co.uk/revision-notes/edexcel-theme-2/2-1-4-balance-of-payments.html,,,404,,200,,200,,301,https://economicsacademy.co.uk/revision-notes/edexcel-theme-2/2-1-4-balance-of-payments.html,301,https://economicsacademy.co.uk/revision-notes/edexcel-theme-2/2-1-4-balance-of-payments.html
revision-notes/edexcel-theme-2/2-2-1-aggregate-demand.html,https://economicsacademy.co.uk/revision-notes/edexcel-theme-2/2-2-1-aggregate-demand.html,,,404,,200,,200,,301,https://economicsacademy.co.uk/revision-notes/edexcel-theme-2/2-2-1-aggregate-demand.html,301,https://economicsacademy.co.uk/revision-notes/edexcel-theme-2/2-2-1-aggregate-demand.html
revision-notes/edexcel-theme-2/2-2-2-consumption.html,https://economicsacademy.co.uk/revision-notes/edexcel-theme-2/2-2-2-consumption.html,,,404,,200,,200,,301,https://economicsacademy.co.uk/revision-notes/edexcel-theme-2/2-2-2-consumption.html,301,https://economicsacademy.co.uk/revision-notes/edexcel-theme-2/2-2-2-consumption.html
revision-notes/edexcel-theme-2/2-2-3-investment.html,https://economicsacademy.co.uk/revision-notes/edexcel-theme-2/2-2-3-investment.html,,,404,,200,,200,,301,https://economicsacademy.co.uk/revision-notes/edexcel-theme-2/2-2-3-investment.html,301,https://economicsacademy.co.uk/revision-notes/edexcel-theme-2/2-2-3-investment.html
revision-notes/edexcel-theme-2/2-2-4-government-expenditure.html,https://economicsacademy.co.uk/revision-notes/edexcel-theme-2/2-2-4-government-expenditure.html,,,404,,200,,200,,301,https://economicsacademy.co.uk/revision-notes/edexcel-theme-2/2-2-4-government-expenditure.html,301,https://economicsacademy.co.uk/revision-notes/edexcel-theme-2/2-2-4-government-expenditure.html
revision-notes/edexcel-theme-2/2-2-5-net-trade.html,https://economicsacademy.co.uk/revision-notes/edexcel-theme-2/2-2-5-net-trade.html,,,404,,200,,200,,301,https://economicsacademy.co.uk/revision-notes/edexcel-theme-2/2-2-5-net-trade.html,301,https://economicsacademy.co.uk/revision-notes/edexcel-theme-2/2-2-5-net-trade.html
revision-notes/edexcel-theme-2/2-3-1-aggregate-supply.html,https://economicsacademy.co.uk/revision-notes/edexcel-theme-2/2-3-1-aggregate-supply.html,,,404,,200,,200,,301,https://economicsacademy.co.uk/revision-notes/edexcel-theme-2/2-3-1-aggregate-supply.html,301,https://economicsacademy.co.uk/revision-notes/edexcel-theme-2/2-3-1-aggregate-supply.html
revision-notes/edexcel-theme-2/2-3-2-short-run-aggregate-supply.html,https://economicsacademy.co.uk/revision-notes/edexcel-theme-2/2-3-2-short-run-aggregate-supply.html,,,404,,200,,200,,301,https://economicsacademy.co.uk/revision-notes/edexcel-theme-2/2-3-2-short-run-aggregate-supply.html,301,https://economicsacademy.co.uk/revision-notes/edexcel-theme-2/2-3-2-short-run-aggregate-supply.html
revision-notes/edexcel-theme-2/2-3-3-long-run-aggregate-supply.html,https://economicsacademy.co.uk/revision-notes/edexcel-theme-2/2-3-3-long-run-aggregate-supply.html,,,404,,200,,200,,301,https://economicsacademy.co.uk/revision-notes/edexcel-theme-2/2-3-3-long-run-aggregate-supply.html,301,https://economicsacademy.co.uk/revision-notes/edexcel-theme-2/2-3-3-long-run-aggregate-supply.html
revision-notes/edexcel-theme-2/2-4-1-national-income.html,https://economicsacademy.co.uk/revision-notes/edexcel-theme-2/2-4-1-national-income.html,,,404,,200,,200,,301,https://economicsacademy.co.uk/revision-notes/edexcel-theme-2/2-4-1-national-income.html,301,https://economicsacademy.co.uk/revision-notes/edexcel-theme-2/2-4-1-national-income.html
revision-notes/edexcel-theme-2/2-4-2-injections-withdrawals.html,https://economicsacademy.co.uk/revision-notes/edexcel-theme-2/2-4-2-injections-withdrawals.html,,,404,,200,,200,,301,https://economicsacademy.co.uk/revision-notes/edexcel-theme-2/2-4-2-injections-withdrawals.html,301,https://economicsacademy.co.uk/revision-notes/edexcel-theme-2/2-4-2-injections-withdrawals.html
revision-notes/edexcel-theme-2/2-4-3-equilibrium-levels-of-real-national-output.html,https://economicsacademy.co.uk/revision-notes/edexcel-theme-2/2-4-3-equilibrium-levels-of-real-national-output.html,,,404,,200,,200,,301,https://economicsacademy.co.uk/revision-notes/edexcel-theme-2/2-4-3-equilibrium-levels-of-real-national-output.html,301,https://economicsacademy.co.uk/revision-notes/edexcel-theme-2/2-4-3-equilibrium-levels-of-real-national-output.html
revision-notes/edexcel-theme-2/2-4-4-the-multiplier.html,https://economicsacademy.co.uk/revision-notes/edexcel-theme-2/2-4-4-the-multiplier.html,,,404,,200,,200,,301,https://economicsacademy.co.uk/revision-notes/edexcel-theme-2/2-4-4-the-multiplier.html,301,https://economicsacademy.co.uk/revision-notes/edexcel-theme-2/2-4-4-the-multiplier.html
revision-notes/edexcel-theme-2/2-5-1-causes-of-growth.html,https://economicsacademy.co.uk/revision-notes/edexcel-theme-2/2-5-1-causes-of-growth.html,,,404,,200,,200,,301,https://economicsacademy.co.uk/revision-notes/edexcel-theme-2/2-5-1-causes-of-growth.html,301,https://economicsacademy.co.uk/revision-notes/edexcel-theme-2/2-5-1-causes-of-growth.html
revision-notes/edexcel-theme-2/2-5-2-output-gaps.html,https://economicsacademy.co.uk/revision-notes/edexcel-theme-2/2-5-2-output-gaps.html,,,404,,200,,200,,301,https://economicsacademy.co.uk/revision-notes/edexcel-theme-2/2-5-2-output-gaps.html,301,https://economicsacademy.co.uk/revision-notes/edexcel-theme-2/2-5-2-output-gaps.html
revision-notes/edexcel-theme-2/2-5-3-trade-cycle.html,https://economicsacademy.co.uk/revision-notes/edexcel-theme-2/2-5-3-trade-cycle.html,,,404,,200,,200,,301,https://economicsacademy.co.uk/revision-notes/edexcel-theme-2/2-5-3-trade-cycle.html,301,https://economicsacademy.co.uk/revision-notes/edexcel-theme-2/2-5-3-trade-cycle.html
revision-notes/edexcel-theme-2/2-5-4-the-impact-of-economic-growth.html,https://economicsacademy.co.uk/revision-notes/edexcel-theme-2/2-5-4-the-impact-of-economic-growth.html,,,404,,200,,200,,301,https://economicsacademy.co.uk/revision-notes/edexcel-theme-2/2-5-4-the-impact-of-economic-growth.html,301,https://economicsacademy.co.uk/revision-notes/edexcel-theme-2/2-5-4-the-impact-of-economic-growth.html
revision-notes/edexcel-theme-2/2-6-1-possible-macroeconomic-objectives.html,https://economicsacademy.co.uk/revision-notes/edexcel-theme-2/2-6-1-possible-macroeconomic-objectives.html,,,404,,200,,200,,301,https://economicsacademy.co.uk/revision-notes/edexcel-theme-2/2-6-1-possible-macroeconomic-objectives.html,301,https://economicsacademy.co.uk/revision-notes/edexcel-theme-2/2-6-1-possible-macroeconomic-objectives.html
revision-notes/edexcel-theme-2/2-6-2-demand-side-policies.html,https://economicsacademy.co.uk/revision-notes/edexcel-theme-2/2-6-2-demand-side-policies.html,,,404,,200,,200,,301,https://economicsacademy.co.uk/revision-notes/edexcel-theme-2/2-6-2-demand-side-policies.html,301,https://economicsacademy.co.uk/revision-notes/edexcel-theme-2/2-6-2-demand-side-policies.html
revision-notes/edexcel-theme-2/2-6-3-supply-side-policies.html,https://economicsacademy.co.uk/revision-notes/edexcel-theme-2/2-6-3-supply-side-policies.html,,,404,,200,,200,,301,https://economicsacademy.co.uk/revision-notes/edexcel-theme-2/2-6-3-supply-side-policies.html,301,https://economicsacademy.co.uk/revision-notes/edexcel-theme-2/2-6-3-supply-side-policies.html
revision-notes/edexcel-theme-2/2-6-4-conflicts-between-objectives-and-policies.html,https://economicsacademy.co.uk/revision-notes/edexcel-theme-2/2-6-4-conflicts-between-objectives-and-policies.html,,,404,,200,,200,,301,https://economicsacademy.co.uk/revision-notes/edexcel-theme-2/2-6-4-conflicts-between-objectives-and-policies.html,301,https://economicsacademy.co.uk/revision-notes/edexcel-theme-2/2-6-4-conflicts-between-objectives-and-policies.html
revision-notes/edexcel-theme-2/index.html,https://economicsacademy.co.uk/revision-notes/edexcel-theme-2/,200,,200,,,,301,https://economicsacademy.co.uk/revision-notes/edexcel-theme-2/,301,https://economicsacademy.co.uk/revision-notes/edexcel-theme-2/,301,https://economicsacademy.co.uk/revision-notes/edexcel-theme-2/
revision-notes/edexcel-theme-3/3-1-1-sizes-types-of-firms.html,https://economicsacademy.co.uk/revision-notes/edexcel-theme-3/3-1-1-sizes-types-of-firms.html,,,404,,200,,200,,301,https://economicsacademy.co.uk/revision-notes/edexcel-theme-3/3-1-1-sizes-types-of-firms.html,301,https://economicsacademy.co.uk/revision-notes/edexcel-theme-3/3-1-1-sizes-types-of-firms.html
revision-notes/edexcel-theme-3/3-1-2-business-growth.html,https://economicsacademy.co.uk/revision-notes/edexcel-theme-3/3-1-2-business-growth.html,,,404,,200,,200,,301,https://economicsacademy.co.uk/revision-notes/edexcel-theme-3/3-1-2-business-growth.html,301,https://economicsacademy.co.uk/revision-notes/edexcel-theme-3/3-1-2-business-growth.html
revision-notes/edexcel-theme-3/3-1-3-demergers.html,https://economicsacademy.co.uk/revision-notes/edexcel-theme-3/3-1-3-demergers.html,,,404,,200,,200,,301,https://economicsacademy.co.uk/revision-notes/edexcel-theme-3/3-1-3-demergers.html,301,https://economicsacademy.co.uk/revision-notes/edexcel-theme-3/3-1-3-demergers.html
revision-notes/edexcel-theme-3/3-2-1-business-objectives.html,https://economicsacademy.co.uk/revision-notes/edexcel-theme-3/3-2-1-business-objectives.html,,,404,,200,,200,,301,https://economicsacademy.co.uk/revision-notes/edexcel-theme-3/3-2-1-business-objectives.html,301,https://economicsacademy.co.uk/revision-notes/edexcel-theme-3/3-2-1-business-objectives.html
revision-notes/edexcel-theme-3/3-3-1-revenue.html,https://economicsacademy.co.uk/revision-notes/edexcel-theme-3/3-3-1-revenue.html,,,404,,200,,200,,301,https://economicsacademy.co.uk/revision-notes/edexcel-theme-3/3-3-1-revenue.html,301,https://economicsacademy.co.uk/revision-notes/edexcel-theme-3/3-3-1-revenue.html
revision-notes/edexcel-theme-3/3-3-2-costs.html,https://economicsacademy.co.uk/revision-notes/edexcel-theme-3/3-3-2-costs.html,,,404,,200,,200,,301,https://economicsacademy.co.uk/revision-notes/edexcel-theme-3/3-3-2-costs.html,301,https://economicsacademy.co.uk/revision-notes/edexcel-theme-3/3-3-2-costs.html
revision-notes/edexcel-theme-3/3-3-3-economies-diseconomies-of-scale.html,https://economicsacademy.co.uk/revision-notes/edexcel-theme-3/3-3-3-economies-diseconomies-of-scale.html,,,404,,200,,200,,301,https://economicsacademy.co.uk/revision-notes/edexcel-theme-3/3-3-3-economies-diseconomies-of-scale.html,301,https://economicsacademy.co.uk/revision-notes/edexcel-theme-3/3-3-3-economies-diseconomies-of-scale.html
revision-notes/edexcel-theme-3/3-3-4-normal-profits-supernormal-profits-losses.html,https://economicsacademy.co.uk/revision-notes/edexcel-theme-3/3-3-4-normal-profits-supernormal-profits-losses.html,,,404,,200,,200,,301,https://economicsacademy.co.uk/revision-notes/edexcel-theme-3/3-3-4-normal-profits-supernormal-profits-losses.html,301,https://economicsacademy.co.uk/revision-notes/edexcel-theme-3/3-3-4-normal-profits-supernormal-profits-losses.html
revision-notes/edexcel-theme-3/3-4-1-efficiency.html,https://economicsacademy.co.uk/revision-notes/edexcel-theme-3/3-4-1-efficiency.html,,,404,,200,,200,,301,https://economicsacademy.co.uk/revision-notes/edexcel-theme-3/3-4-1-efficiency.html,301,https://economicsacademy.co.uk/revision-notes/edexcel-theme-3/3-4-1-efficiency.html
revision-notes/edexcel-theme-3/3-4-2-perfect-competition.html,https://economicsacademy.co.uk/revision-notes/edexcel-theme-3/3-4-2-perfect-competition.html,,,404,,200,,200,,301,https://economicsacademy.co.uk/revision-notes/edexcel-theme-3/3-4-2-perfect-competition.html,301,https://economicsacademy.co.uk/revision-notes/edexcel-theme-3/3-4-2-perfect-competition.html
revision-notes/edexcel-theme-3/3-4-3-monopolistic-competition.html,https://economicsacademy.co.uk/revision-notes/edexcel-theme-3/3-4-3-monopolistic-competition.html,,,404,,200,,200,,301,https://economicsacademy.co.uk/revision-notes/edexcel-theme-3/3-4-3-monopolistic-competition.html,301,https://economicsacademy.co.uk/revision-notes/edexcel-theme-3/3-4-3-monopolistic-competition.html
revision-notes/edexcel-theme-3/3-4-4-oligopoly.html,https://economicsacademy.co.uk/revision-notes/edexcel-theme-3/3-4-4-oligopoly.html,,,404,,200,,200,,301,https://economicsacademy.co.uk/revision-notes/edexcel-theme-3/3-4-4-oligopoly.html,301,https://economicsacademy.co.uk/revision-notes/edexcel-theme-3/3-4-4-oligopoly.html
revision-notes/edexcel-theme-3/3-4-5-monopoly.html,https://economicsacademy.co.uk/revision-notes/edexcel-theme-3/3-4-5-monopoly.html,,,404,,200,,200,,301,https://economicsacademy.co.uk/revision-notes/edexcel-theme-3/3-4-5-monopoly.html,301,https://economicsacademy.co.uk/revision-notes/edexcel-theme-3/3-4-5-monopoly.html
revision-notes/edexcel-theme-3/3-4-6-monopsony.html,https://economicsacademy.co.uk/revision-notes/edexcel-theme-3/3-4-6-monopsony.html,,,404,,200,,200,,301,https://economicsacademy.co.uk/revision-notes/edexcel-theme-3/3-4-6-monopsony.html,301,https://economicsacademy.co.uk/revision-notes/edexcel-theme-3/3-4-6-monopsony.html
revision-notes/edexcel-theme-3/3-4-7-contestability.html,https://economicsacademy.co.uk/revision-notes/edexcel-theme-3/3-4-7-contestability.html,,,404,,200,,200,,301,https://economicsacademy.co.uk/revision-notes/edexcel-theme-3/3-4-7-contestability.html,301,https://economicsacademy.co.uk/revision-notes/edexcel-theme-3/3-4-7-contestability.html
revision-notes/edexcel-theme-3/3-5-1-demand-for-labour.html,https://economicsacademy.co.uk/revision-notes/edexcel-theme-3/3-5-1-demand-for-labour.html,,,404,,200,,200,,301,https://economicsacademy.co.uk/revision-notes/edexcel-theme-3/3-5-1-demand-for-labour.html,301,https://economicsacademy.co.uk/revision-notes/edexcel-theme-3/3-5-1-demand-for-labour.html
revision-notes/edexcel-theme-3/3-5-2-supply-of-labour.html,https://economicsacademy.co.uk/revision-notes/edexcel-theme-3/3-5-2-supply-of-labour.html,,,404,,200,,200,,301,https://economicsacademy.co.uk/revision-notes/edexcel-theme-3/3-5-2-supply-of-labour.html,301,https://economicsacademy.co.uk/revision-notes/edexcel-theme-3/3-5-2-supply-of-labour.html
revision-notes/edexcel-theme-3/3-5-3-wage-determination.html,https://economicsacademy.co.uk/revision-notes/edexcel-theme-3/3-5-3-wage-determination.html,,,404,,200,,200,,301,https://economicsacademy.co.uk/revision-notes/edexcel-theme-3/3-5-3-wage-determination.html,301,https://economicsacademy.co.uk/revision-notes/edexcel-theme-3/3-5-3-wage-determination.html
revision-notes/edexcel-theme-3/3-6-1-government-intervention.html,https://economicsacademy.co.uk/revision-notes/edexcel-theme-3/3-6-1-government-intervention.html,,,404,,200,,200,,301,https://economicsacademy.co.uk/revision-notes/edexcel-theme-3/3-6-1-government-intervention.html,301,https://economicsacademy.co.uk/revision-notes/edexcel-theme-3/3-6-1-government-intervention.html
revision-notes/edexcel-theme-3/3-6-2-the-impact-of-government-intervention.html,https://economicsacademy.co.uk/revision-notes/edexcel-theme-3/3-6-2-the-impact-of-government-intervention.html,,,404,,200,,200,,301,https://economicsacademy.co.uk/revision-notes/edexcel-theme-3/3-6-2-the-impact-of-government-intervention.html,301,https://economicsacademy.co.uk/revision-notes/edexcel-theme-3/3-6-2-the-impact-of-government-intervention.html
revision-notes/edexcel-theme-3/index.html,https://economicsacademy.co.uk/revision-notes/edexcel-theme-3/,200,,200,,,,301,https://economicsacademy.co.uk/revision-notes/edexcel-theme-3/,301,https://economicsacademy.co.uk/revision-notes/edexcel-theme-3/,301,https://economicsacademy.co.uk/revision-notes/edexcel-theme-3/
revision-notes/edexcel-theme-4/4-1-1-globalisation.html,https://economicsacademy.co.uk/revision-notes/edexcel-theme-4/4-1-1-globalisation.html,,,404,,200,,200,,301,https://economicsacademy.co.uk/revision-notes/edexcel-theme-4/4-1-1-globalisation.html,301,https://economicsacademy.co.uk/revision-notes/edexcel-theme-4/4-1-1-globalisation.html
revision-notes/edexcel-theme-4/4-1-2-specialisation-trade.html,https://economicsacademy.co.uk/revision-notes/edexcel-theme-4/4-1-2-specialisation-trade.html,,,404,,200,,200,,301,https://economicsacademy.co.uk/revision-notes/edexcel-theme-4/4-1-2-specialisation-trade.html,301,https://economicsacademy.co.uk/revision-notes/edexcel-theme-4/4-1-2-specialisation-trade.html
revision-notes/edexcel-theme-4/4-1-3-pattern-of-trade.html,https://economicsacademy.co.uk/revision-notes/edexcel-theme-4/4-1-3-pattern-of-trade.html,,,404,,200,,200,,301,https://economicsacademy.co.uk/revision-notes/edexcel-theme-4/4-1-3-pattern-of-trade.html,301,https://economicsacademy.co.uk/revision-notes/edexcel-theme-4/4-1-3-pattern-of-trade.html
revision-notes/edexcel-theme-4/4-1-4-terms-of-trade.html,https://economicsacademy.co.uk/revision-notes/edexcel-theme-4/4-1-4-terms-of-trade.html,,,404,,200,,200,,301,https://economicsacademy.co.uk/revision-notes/edexcel-theme-4/4-1-4-terms-of-trade.html,301,https://economicsacademy.co.uk/revision-notes/edexcel-theme-4/4-1-4-terms-of-trade.html
revision-notes/edexcel-theme-4/4-1-5-trading-blocs-and-the-world-trade-organisation.html,https://economicsacademy.co.uk/revision-notes/edexcel-theme-4/4-1-5-trading-blocs-and-the-world-trade-organisation.html,,,404,,200,,200,,301,https://economicsacademy.co.uk/revision-notes/edexcel-theme-4/4-1-5-trading-blocs-and-the-world-trade-organisation.html,301,https://economicsacademy.co.uk/revision-notes/edexcel-theme-4/4-1-5-trading-blocs-and-the-world-trade-organisation.html
revision-notes/edexcel-theme-4/4-1-6-restrictions-on-free-trade.html,https://economicsacademy.co.uk/revision-notes/edexcel-theme-4/4-1-6-restrictions-on-free-trade.html,,,404,,200,,200,,301,https://economicsacademy.co.uk/revision-notes/edexcel-theme-4/4-1-6-restrictions-on-free-trade.html,301,https://economicsacademy.co.uk/revision-notes/edexcel-theme-4/4-1-6-restrictions-on-free-trade.html
revision-notes/edexcel-theme-4/4-1-7-balance-of-payments.html,https://economicsacademy.co.uk/revision-notes/edexcel-theme-4/4-1-7-balance-of-payments.html,,,404,,200,,200,,301,https://economicsacademy.co.uk/revision-notes/edexcel-theme-4/4-1-7-balance-of-payments.html,301,https://economicsacademy.co.uk/revision-notes/edexcel-theme-4/4-1-7-balance-of-payments.html
revision-notes/edexcel-theme-4/4-1-8-exchange-rates.html,https://economicsacademy.co.uk/revision-notes/edexcel-theme-4/4-1-8-exchange-rates.html,,,404,,200,,200,,301,https://economicsacademy.co.uk/revision-notes/edexcel-theme-4/4-1-8-exchange-rates.html,301,https://economicsacademy.co.uk/revision-notes/edexcel-theme-4/4-1-8-exchange-rates.html
revision-notes/edexcel-theme-4/4-1-9-international-competitiveness.html,https://economicsacademy.co.uk/revision-notes/edexcel-theme-4/4-1-9-international-competitiveness.html,,,404,,200,,200,,301,https://economicsacademy.co.uk/revision-notes/edexcel-theme-4/4-1-9-international-competitiveness.html,301,https://economicsacademy.co.uk/revision-notes/edexcel-theme-4/4-1-9-international-competitiveness.html
revision-notes/edexcel-theme-4/4-2-1-absolute-relative-poverty.html,https://economicsacademy.co.uk/revision-notes/edexcel-theme-4/4-2-1-absolute-relative-poverty.html,,,404,,200,,200,,301,https://economicsacademy.co.uk/revision-notes/edexcel-theme-4/4-2-1-absolute-relative-poverty.html,301,https://economicsacademy.co.uk/revision-notes/edexcel-theme-4/4-2-1-absolute-relative-poverty.html
revision-notes/edexcel-theme-4/4-2-2-inequality.html,https://economicsacademy.co.uk/revision-notes/edexcel-theme-4/4-2-2-inequality.html,,,404,,200,,200,,301,https://economicsacademy.co.uk/revision-notes/edexcel-theme-4/4-2-2-inequality.html,301,https://economicsacademy.co.uk/revision-notes/edexcel-theme-4/4-2-2-inequality.html
revision-notes/edexcel-theme-4/4-3-1-measures-of-development.html,https://economicsacademy.co.uk/revision-notes/edexcel-theme-4/4-3-1-measures-of-development.html,,,404,,200,,200,,301,https://economicsacademy.co.uk/revision-notes/edexcel-theme-4/4-3-1-measures-of-development.html,301,https://economicsacademy.co.uk/revision-notes/edexcel-theme-4/4-3-1-measures-of-development.html
revision-notes/edexcel-theme-4/4-3-2-factors-influencing-growth-development.html,https://economicsacademy.co.uk/revision-notes/edexcel-theme-4/4-3-2-factors-influencing-growth-development.html,,,404,,200,,200,,301,https://economicsacademy.co.uk/revision-notes/edexcel-theme-4/4-3-2-factors-influencing-growth-development.html,301,https://economicsacademy.co.uk/revision-notes/edexcel-theme-4/4-3-2-factors-influencing-growth-development.html
revision-notes/edexcel-theme-4/4-3-3-strategies-influencing-growth-development.html,https://economicsacademy.co.uk/revision-notes/edexcel-theme-4/4-3-3-strategies-influencing-growth-development.html,,,404,,200,,200,,301,https://economicsacademy.co.uk/revision-notes/edexcel-theme-4/4-3-3-strategies-influencing-growth-development.html,301,https://economicsacademy.co.uk/revision-notes/edexcel-theme-4/4-3-3-strategies-influencing-growth-development.html
revision-notes/edexcel-theme-4/4-4-1-role-of-financial-markets.html,https://economicsacademy.co.uk/revision-notes/edexcel-theme-4/4-4-1-role-of-financial-markets.html,,,404,,200,,200,,301,https://economicsacademy.co.uk/revision-notes/edexcel-theme-4/4-4-1-role-of-financial-markets.html,301,https://economicsacademy.co.uk/revision-notes/edexcel-theme-4/4-4-1-role-of-financial-markets.html
revision-notes/edexcel-theme-4/4-4-2-market-failure-in-the-financial-sector.html,https://economicsacademy.co.uk/revision-notes/edexcel-theme-4/4-4-2-market-failure-in-the-financial-sector.html,,,404,,200,,200,,301,https://economicsacademy.co.uk/revision-notes/edexcel-theme-4/4-4-2-market-failure-in-the-financial-sector.html,301,https://economicsacademy.co.uk/revision-notes/edexcel-theme-4/4-4-2-market-failure-in-the-financial-sector.html
revision-notes/edexcel-theme-4/4-4-3-role-of-central-banks.html,https://economicsacademy.co.uk/revision-notes/edexcel-theme-4/4-4-3-role-of-central-banks.html,,,404,,200,,200,,301,https://economicsacademy.co.uk/revision-notes/edexcel-theme-4/4-4-3-role-of-central-banks.html,301,https://economicsacademy.co.uk/revision-notes/edexcel-theme-4/4-4-3-role-of-central-banks.html
revision-notes/edexcel-theme-4/4-5-1-public-expenditure.html,https://economicsacademy.co.uk/revision-notes/edexcel-theme-4/4-5-1-public-expenditure.html,,,404,,200,,200,,301,https://economicsacademy.co.uk/revision-notes/edexcel-theme-4/4-5-1-public-expenditure.html,301,https://economicsacademy.co.uk/revision-notes/edexcel-theme-4/4-5-1-public-expenditure.html
revision-notes/edexcel-theme-4/4-5-2-taxation.html,https://economicsacademy.co.uk/revision-notes/edexcel-theme-4/4-5-2-taxation.html,,,404,,200,,200,,301,https://economicsacademy.co.uk/revision-notes/edexcel-theme-4/4-5-2-taxation.html,301,https://economicsacademy.co.uk/revision-notes/edexcel-theme-4/4-5-2-taxation.html
revision-notes/edexcel-theme-4/4-5-3-public-sector-finances.html,https://economicsacademy.co.uk/revision-notes/edexcel-theme-4/4-5-3-public-sector-finances.html,,,404,,200,,200,,301,https://economicsacademy.co.uk/revision-notes/edexcel-theme-4/4-5-3-public-sector-finances.html,301,https://economicsacademy.co.uk/revision-notes/edexcel-theme-4/4-5-3-public-sector-finances.html
revision-notes/edexcel-theme-4/4-5-4-macroeconomic-policies-in-a-global-context.html,https://economicsacademy.co.uk/revision-notes/edexcel-theme-4/4-5-4-macroeconomic-policies-in-a-global-context.html,,,404,,200,,200,,301,https://economicsacademy.co.uk/revision-notes/edexcel-theme-4/4-5-4-macroeconomic-policies-in-a-global-context.html,301,https://economicsacademy.co.uk/revision-notes/edexcel-theme-4/4-5-4-macroeconomic-policies-in-a-global-context.html
revision-notes/edexcel-theme-4/index.html,https://economicsacademy.co.uk/revision-notes/edexcel-theme-4/,200,,200,,,,301,https://economicsacademy.co.uk/revision-notes/edexcel-theme-4/,301,https://economicsacademy.co.uk/revision-notes/edexcel-theme-4/,301,https://economicsacademy.co.uk/revision-notes/edexcel-theme-4/
revision-notes/glossary/aqa/index.html,https://economicsacademy.co.uk/revision-notes/glossary/aqa/,200,,200,,,,301,https://economicsacademy.co.uk/revision-notes/glossary/aqa/,301,https://economicsacademy.co.uk/revision-notes/glossary/aqa/,301,https://economicsacademy.co.uk/revision-notes/glossary/aqa/
revision-notes/glossary/edexcel-a/index.html,https://economicsacademy.co.uk/revision-notes/glossary/edexcel-a/,200,,200,,,,301,https://economicsacademy.co.uk/revision-notes/glossary/edexcel-a/,301,https://economicsacademy.co.uk/revision-notes/glossary/edexcel-a/,301,https://economicsacademy.co.uk/revision-notes/glossary/edexcel-a/
revision-notes/glossary/index.html,https://economicsacademy.co.uk/revision-notes/glossary/,200,,200,,,,301,https://economicsacademy.co.uk/revision-notes/glossary/,301,https://economicsacademy.co.uk/revision-notes/glossary/,301,https://economicsacademy.co.uk/revision-notes/glossary/
revision-notes/index.html,https://economicsacademy.co.uk/revision-notes/,200,,200,,,,301,https://economicsacademy.co.uk/revision-notes/,301,https://economicsacademy.co.uk/revision-notes/,301,https://economicsacademy.co.uk/revision-notes/
revision-notes/macro-application/index.html,https://economicsacademy.co.uk/revision-notes/macro-application/,200,,200,,,,301,https://economicsacademy.co.uk/revision-notes/macro-application/,301,https://economicsacademy.co.uk/revision-notes/macro-application/,301,https://economicsacademy.co.uk/revision-notes/macro-application/
revision-notes/macroeconomics-diagrams.html,https://economicsacademy.co.uk/revision-notes/macroeconomics-diagrams.html,,,404,,200,,200,,301,https://economicsacademy.co.uk/revision-notes/macroeconomics-diagrams.html,301,https://economicsacademy.co.uk/revision-notes/macroeconomics-diagrams.html
revision-notes/microeconomics-diagrams.html,https://economicsacademy.co.uk/revision-notes/microeconomics-diagrams.html,,,404,,200,,200,,301,https://economicsacademy.co.uk/revision-notes/microeconomics-diagrams.html,301,https://economicsacademy.co.uk/revision-notes/microeconomics-diagrams.html
tutoring.html,https://economicsacademy.co.uk/tutoring.html,,,404,,200,,200,,301,https://economicsacademy.co.uk/tutoring.html,301,https://economicsacademy.co.uk/tutoring.html
