path,kind,board,module,spec_code,title,title_len,description,desc_len,h1,h1_code_prefix,h1_bare,canonical,canonical_self,h2_count,h2_with_id,heading_skips,words_main,img_count,svg_count,internal_links_out,jsonld_types,has_datePublished,has_dateModified,has_author,og_title_matches,twitter_title_matches,og_desc_matches,twitter_desc_matches
revision-notes/aqa-a2-macro/2-1-1-the-objectives-of-government-economic-policy.html,topic,AQA,Macroeconomics,2.1.1,Government Policy Objectives – AQA A-Level Economics Notes,58,"Government Policy Objectives for AQA A-Level Economics macro: growth, unemployment, inflation, the current account, the budget balance and income equality.",155,2.1.1 The Objectives of Government Economic Policy,2.1.1,The Objectives of Government Economic Policy,https://economicsacademy.co.uk/revision-notes/aqa-a2-macro/2-1-1-the-objectives-of-government-economic-policy.html,yes,12,12,,756,0,0,18,BreadcrumbList;LearningResource,yes,yes,yes,yes,yes,yes,yes
revision-notes/aqa-a2-macro/2-1-2-macroeconomic-indicators.html,topic,AQA,Macroeconomics,2.1.2,Macroeconomic Indicators – AQA A-Level Economics Notes,54,"Macroeconomic Indicators — AQA A-Level Economics macro: GDP and real GDP per capita, CPI and RPI, unemployment measures, productivity and the current account.",158,2.1.2 Macroeconomic Indicators,2.1.2,Macroeconomic Indicators,https://economicsacademy.co.uk/revision-notes/aqa-a2-macro/2-1-2-macroeconomic-indicators.html,yes,7,7,,1031,0,0,15,BreadcrumbList;LearningResource,yes,yes,yes,yes,yes,yes,yes
revision-notes/aqa-a2-macro/2-1-3-uses-of-index-numbers.html,topic,AQA,Macroeconomics,2.1.3,Uses of Index Numbers – AQA A-Level Economics Revision Notes,60,"Uses of Index Numbers for AQA A-Level Economics macro. Covers base years and weighting, and how CPI and the inflation rate are calculated step by step.",151,2.1.3 Uses of Index Numbers,2.1.3,Uses of Index Numbers,https://economicsacademy.co.uk/revision-notes/aqa-a2-macro/2-1-3-uses-of-index-numbers.html,yes,5,5,,1245,0,0,14,BreadcrumbList;LearningResource,yes,yes,yes,yes,yes,yes,yes
revision-notes/aqa-a2-macro/2-1-4-uses-of-national-income-data.html,topic,AQA,Macroeconomics,2.1.4,Uses of National Income Data – AQA A-Level Economics Notes,58,"Uses of National Income Data — AQA A-Level Economics macro: the three measurement methods, comparing living standards over time, and purchasing power parity.",157,2.1.4 Uses of National Income Data,2.1.4,Uses of National Income Data,https://economicsacademy.co.uk/revision-notes/aqa-a2-macro/2-1-4-uses-of-national-income-data.html,yes,6,6,,1422,0,0,15,BreadcrumbList;LearningResource,yes,yes,yes,yes,yes,yes,yes
revision-notes/aqa-a2-macro/2-2-1-the-circular-flow-of-income.html,topic,AQA,Macroeconomics,2.2.1,The Circular Flow of Income – AQA A-Level Economics Notes,57,"The Circular Flow of Income — AQA A-Level Economics macro: the circular flow, injections and withdrawals, equilibrium income, and nominal versus real income.",157,2.2.1 The Circular Flow of Income,2.2.1,The Circular Flow of Income,https://economicsacademy.co.uk/revision-notes/aqa-a2-macro/2-2-1-the-circular-flow-of-income.html,yes,7,7,,762,1,0,17,BreadcrumbList;LearningResource,yes,yes,yes,yes,yes,yes,yes
revision-notes/aqa-a2-macro/2-2-2-aggregate-demand-and-aggregate-supply-analysis.html,topic,AQA,Macroeconomics,2.2.2,AD and AS Analysis – AQA A-Level Economics Revision Notes,57,"AD and AS Analysis for AQA A-Level Economics macro: the components of AD, movements versus shifts, and the determinants of both SRAS and LRAS, with diagrams.",157,2.2.2 Aggregate Demand and Aggregate Supply Analysis,2.2.2,Aggregate Demand and Aggregate Supply Analysis,https://economicsacademy.co.uk/revision-notes/aqa-a2-macro/2-2-2-aggregate-demand-and-aggregate-supply-analysis.html,yes,14,14,,1851,7,0,17,BreadcrumbList;LearningResource,yes,yes,yes,yes,yes,yes,yes
revision-notes/aqa-a2-macro/2-2-3-the-determinants-of-aggregate-demand.html,topic,AQA,Macroeconomics,2.2.3,The Determinants of Aggregate Demand – AQA A-Level Economics,60,"The Determinants of Aggregate Demand for AQA A-Level Economics macro. Covers consumption, investment, government spending and the accelerator effect.",149,2.2.3 The Determinants of Aggregate Demand,2.2.3,The Determinants of Aggregate Demand,https://economicsacademy.co.uk/revision-notes/aqa-a2-macro/2-2-3-the-determinants-of-aggregate-demand.html,yes,8,8,,1210,0,0,19,BreadcrumbList;LearningResource,yes,yes,yes,yes,yes,yes,yes
revision-notes/aqa-a2-macro/2-2-4-aggregate-demand-and-the-level-of-economic-activity.html,topic,AQA,Macroeconomics,2.2.4,AD and the Multiplier – AQA A-Level Economics Revision Notes,60,"AD and the Multiplier — AQA A-Level Economics macro: the multiplier process, marginal propensities, the formula, and what determines its size, with a diagram.",158,2.2.4 Aggregate Demand and the Level of Economic Activity,2.2.4,Aggregate Demand and the Level of Economic Activity,https://economicsacademy.co.uk/revision-notes/aqa-a2-macro/2-2-4-aggregate-demand-and-the-level-of-economic-activity.html,yes,9,9,,985,1,0,17,BreadcrumbList;LearningResource,yes,yes,yes,yes,yes,yes,yes
revision-notes/aqa-a2-macro/2-2-5-determinants-of-short-run-aggregate-supply.html,topic,AQA,Macroeconomics,2.2.5,Determinants of SRAS – AQA A-Level Economics Revision Notes,59,"Determinants of SRAS — AQA A-Level Economics macro. Covers why SRAS slopes upward and how production costs, wages and exchange rates shift it, with diagrams.",157,2.2.5 Determinants of Short-Run Aggregate Supply,2.2.5,Determinants of Short-Run Aggregate Supply,https://economicsacademy.co.uk/revision-notes/aqa-a2-macro/2-2-5-determinants-of-short-run-aggregate-supply.html,yes,6,6,,651,2,0,18,BreadcrumbList;LearningResource,yes,yes,yes,yes,yes,yes,yes
revision-notes/aqa-a2-macro/2-2-6-determinants-of-long-run-aggregate-supply.html,topic,AQA,Macroeconomics,2.2.6,Determinants of Long-Run Aggregate Supply – AQA A-Level Economics,65,Determinants of Long-Run Aggregate Supply — AQA A-Level Economics macro: the Classical and Keynesian views of LRAS and the factors that shift productive potential.,163,2.2.6 Determinants of Long-Run Aggregate Supply,2.2.6,Determinants of Long-Run Aggregate Supply,https://economicsacademy.co.uk/revision-notes/aqa-a2-macro/2-2-6-determinants-of-long-run-aggregate-supply.html,yes,6,6,,885,3,0,17,BreadcrumbList;LearningResource,yes,yes,yes,yes,yes,yes,yes
revision-notes/aqa-a2-macro/2-3-1-economic-growth-and-the-economic-cycle.html,topic,AQA,Macroeconomics,2.3.1,Economic Growth and the Economic Cycle – AQA A-Level Economics,62,"Economic Growth and the Economic Cycle — AQA A-Level Economics macro: short-run versus long-run growth, the phases of the cycle, output gaps and the costs of growth.",165,2.3.1 Economic Growth and the Economic Cycle,2.3.1,Economic Growth and the Economic Cycle,https://economicsacademy.co.uk/revision-notes/aqa-a2-macro/2-3-1-economic-growth-and-the-economic-cycle.html,yes,9,9,,2080,8,0,19,BreadcrumbList;LearningResource,yes,yes,yes,yes,yes,yes,yes
revision-notes/aqa-a2-macro/2-3-2-employment-and-unemployment.html,topic,AQA,Macroeconomics,2.3.2,Employment and Unemployment – AQA A-Level Economics Notes,57,"Employment and Unemployment for AQA A-Level Economics macro. Covers the Labour Force Survey and Claimant Count, types of unemployment and the natural rate.",155,2.3.2 Employment and Unemployment,2.3.2,Employment and Unemployment,https://economicsacademy.co.uk/revision-notes/aqa-a2-macro/2-3-2-employment-and-unemployment.html,yes,10,10,,1019,0,0,15,BreadcrumbList;LearningResource,yes,yes,yes,yes,yes,yes,yes
revision-notes/aqa-a2-macro/2-3-3-inflation-and-deflation.html,topic,AQA,Macroeconomics,2.3.3,Inflation and Deflation – AQA A-Level Economics Notes,53,"Inflation and Deflation for AQA A-Level Economics macro: inflation, deflation and disinflation, CPI limits, demand-pull and cost-push causes, with diagrams.",156,2.3.3 Inflation and Deflation,2.3.3,Inflation and Deflation,https://economicsacademy.co.uk/revision-notes/aqa-a2-macro/2-3-3-inflation-and-deflation.html,yes,9,9,,1178,2,0,16,BreadcrumbList;LearningResource,yes,yes,yes,yes,yes,yes,yes
revision-notes/aqa-a2-macro/2-3-4-possible-conflicts-between-macroeconomic-policy-objectives.html,topic,AQA,Macroeconomics,2.3.4,Macroeconomic Policy Conflicts – AQA A-Level Economics Notes,60,"Macroeconomic Policy Conflicts for AQA A-Level Economics macro: the key trade-offs, the short-run and long-run Phillips curves, and reconciling conflicts.",154,2.3.4 Possible Conflicts between Macroeconomic Policy Objectives,2.3.4,Possible Conflicts between Macroeconomic Policy Objectives,https://economicsacademy.co.uk/revision-notes/aqa-a2-macro/2-3-4-possible-conflicts-between-macroeconomic-policy-objectives.html,yes,9,9,,898,2,0,17,BreadcrumbList;LearningResource,yes,yes,yes,yes,yes,yes,yes
revision-notes/aqa-a2-macro/2-4-1-the-structure-of-financial-markets-and-financial-assets.html,topic,AQA,Macroeconomics,2.4.1,Financial Markets and Assets – AQA A-Level Economics Notes,58,"Financial Markets and Assets — AQA A-Level Economics macro: the functions of money, narrow and broad money, money and capital markets, debt, equity and bonds.",158,2.4.1 The Structure of Financial Markets and Financial Assets,2.4.1,The Structure of Financial Markets and Financial Assets,https://economicsacademy.co.uk/revision-notes/aqa-a2-macro/2-4-1-the-structure-of-financial-markets-and-financial-assets.html,yes,9,9,,2295,0,0,16,BreadcrumbList;LearningResource,yes,yes,yes,yes,yes,yes,yes
revision-notes/aqa-a2-macro/2-4-2-commercial-banks-and-investment-banks.html,topic,AQA,Macroeconomics,2.4.2,Commercial Banks and Investment Banks – AQA A-Level Economics,61,"Commercial Banks and Investment Banks — AQA A-Level Economics macro: the commercial and investment bank distinction, the balance sheet, objectives and credit creation.",167,2.4.2 Commercial Banks and Investment Banks,2.4.2,Commercial Banks and Investment Banks,https://economicsacademy.co.uk/revision-notes/aqa-a2-macro/2-4-2-commercial-banks-and-investment-banks.html,yes,9,9,,1709,0,0,14,BreadcrumbList;LearningResource,yes,yes,yes,yes,yes,yes,yes
revision-notes/aqa-a2-macro/2-4-3-central-banks-and-monetary-policy.html,topic,AQA,Macroeconomics,2.4.3,Central Banks and Monetary Policy – AQA A-Level Economics,57,"Central Banks and Monetary Policy — AQA A-Level Economics macro: central bank functions, monetary policy tools, quantitative easing and the transmission mechanism.",163,2.4.3 Central Banks and Monetary Policy,2.4.3,Central Banks and Monetary Policy,https://economicsacademy.co.uk/revision-notes/aqa-a2-macro/2-4-3-central-banks-and-monetary-policy.html,yes,8,8,,1431,1,0,16,BreadcrumbList;LearningResource,yes,yes,yes,yes,yes,yes,yes
revision-notes/aqa-a2-macro/2-4-4-the-regulation-of-the-financial-system.html,topic,AQA,Macroeconomics,2.4.4,The Regulation of the Financial System – AQA A-Level Economics,62,"The Regulation of the Financial System — AQA A-Level Economics macro: the Bank of England, PRA, FPC and FCA, liquidity and capital ratios, and systemic risk.",157,2.4.4 The Regulation of the Financial System,2.4.4,The Regulation of the Financial System,https://economicsacademy.co.uk/revision-notes/aqa-a2-macro/2-4-4-the-regulation-of-the-financial-system.html,yes,7,7,,1403,0,0,16,BreadcrumbList;LearningResource,yes,yes,yes,yes,yes,yes,yes
revision-notes/aqa-a2-macro/2-5-1-fiscal-policy.html,topic,AQA,Macroeconomics,2.5.1,Fiscal Policy – AQA A-Level Economics Revision Notes,52,"Fiscal Policy for AQA A-Level Economics macro: the government budget, the Laffer curve, types of spending and taxes, national debt and the OBR, with diagrams.",158,2.5.1 Fiscal Policy,2.5.1,Fiscal Policy,https://economicsacademy.co.uk/revision-notes/aqa-a2-macro/2-5-1-fiscal-policy.html,yes,13,13,,2618,2,0,19,BreadcrumbList;LearningResource,yes,yes,yes,yes,yes,yes,yes
revision-notes/aqa-a2-macro/2-5-2-supply-side-policies.html,topic,AQA,Macroeconomics,2.5.2,Supply-Side Policies – AQA A-Level Economics Revision Notes,59,Supply-Side Policies for AQA A-Level Economics macro. Covers market-based and interventionist policies and their impact on LRAS and macroeconomic objectives.,157,2.5.2 Supply-Side Policies,2.5.2,Supply-Side Policies,https://economicsacademy.co.uk/revision-notes/aqa-a2-macro/2-5-2-supply-side-policies.html,yes,7,7,,1481,2,0,20,BreadcrumbList;LearningResource,yes,yes,yes,yes,yes,yes,yes
revision-notes/aqa-a2-macro/2-6-1-globalisation.html,topic,AQA,Macroeconomics,2.6.1,Globalisation – AQA A-Level Economics Revision Notes,52,"Globalisation for AQA A-Level Economics macro. Covers the drivers of globalisation and its impact on consumers, workers, firms and the environment.",147,2.6.1 Globalisation,2.6.1,Globalisation,https://economicsacademy.co.uk/revision-notes/aqa-a2-macro/2-6-1-globalisation.html,yes,10,10,,1133,0,0,18,BreadcrumbList;LearningResource,yes,yes,yes,yes,yes,yes,yes
revision-notes/aqa-a2-macro/2-6-2-trade.html,topic,AQA,Macroeconomics,2.6.2,Trade – AQA A-Level Economics Revision Notes,44,"Trade for AQA A-Level Economics macro. Covers absolute and comparative advantage, protectionism, trading blocs and the role of the WTO, with key definitions.",157,2.6.2 Trade,2.6.2,Trade,https://economicsacademy.co.uk/revision-notes/aqa-a2-macro/2-6-2-trade.html,yes,15,15,,2108,2,0,19,BreadcrumbList;LearningResource,yes,yes,yes,yes,yes,yes,yes
revision-notes/aqa-a2-macro/2-6-3-the-balance-of-payments.html,topic,AQA,Macroeconomics,2.6.3,The Balance of Payments – AQA A-Level Economics Notes,53,"The Balance of Payments for AQA A-Level Economics macro. Covers the structure of the accounts, deficits and surpluses, their causes and corrective policies.",156,2.6.3 The Balance of Payments,2.6.3,The Balance of Payments,https://economicsacademy.co.uk/revision-notes/aqa-a2-macro/2-6-3-the-balance-of-payments.html,yes,9,9,,1111,0,0,18,BreadcrumbList;LearningResource,yes,yes,yes,yes,yes,yes,yes
revision-notes/aqa-a2-macro/2-6-4-exchange-rate-systems.html,topic,AQA,Macroeconomics,2.6.4,Exchange Rate Systems – AQA A-Level Economics Revision Notes,60,"Exchange Rate Systems for AQA A-Level Economics macro: floating, fixed and managed systems, appreciation and depreciation, and currency unions, with diagrams.",158,2.6.4 Exchange Rate Systems,2.6.4,Exchange Rate Systems,https://economicsacademy.co.uk/revision-notes/aqa-a2-macro/2-6-4-exchange-rate-systems.html,yes,12,12,,1449,2,0,16,BreadcrumbList;LearningResource,yes,yes,yes,yes,yes,yes,yes
revision-notes/aqa-a2-macro/2-6-5-economic-growth-and-development.html,topic,AQA,Macroeconomics,2.6.5,Economic Growth and Development – AQA A-Level Economics,55,"Economic Growth and Development — AQA A-Level Economics macro: growth versus development, HDI and other indicators, and market-led versus state-led strategies.",159,2.6.5 Economic Growth and Development,2.6.5,Economic Growth and Development,https://economicsacademy.co.uk/revision-notes/aqa-a2-macro/2-6-5-economic-growth-and-development.html,yes,12,12,,2295,1,0,17,BreadcrumbList;LearningResource,yes,yes,yes,yes,yes,yes,yes
revision-notes/aqa-a2-macro/index.html,hub,AQA,Macroeconomics,,AQA A-Level Macroeconomics Revision Notes,41,"Macroeconomics revision notes for AQA A-Level Economics: macroeconomic performance, AD and AS, financial markets, policy and the international economy.",151,AQA A-Level Macroeconomics — The National and International Economy,,AQA A-Level Macroeconomics — The National and International Economy,https://economicsacademy.co.uk/revision-notes/aqa-a2-macro/,yes,7,0,,336,0,0,33,BreadcrumbList;LearningResource,yes,yes,yes,yes,no,yes,no
revision-notes/aqa-a2-micro/1-1-1-economic-methodology.html,topic,AQA,Microeconomics,1.1.1,Economic Methodology – AQA A-Level Economics Revision Notes,59,"Economic Methodology — AQA A-Level Economics micro. Covers economics as a social science, the role of models, ceteris paribus, and positive versus normative.",157,1.1.1 Economic Methodology,1.1.1,Economic Methodology,https://economicsacademy.co.uk/revision-notes/aqa-a2-micro/1-1-1-economic-methodology.html,yes,8,8,,773,0,0,16,BreadcrumbList;LearningResource,yes,yes,yes,yes,yes,yes,yes
revision-notes/aqa-a2-micro/1-1-2-the-nature-and-purpose-of-economic-activity.html,topic,AQA,Microeconomics,1.1.2,The Purpose of Economic Activity – AQA A-Level Economics,56,The Purpose of Economic Activity for AQA A-Level Economics micro: the central purpose of economic activity and the three questions every economy must answer.,157,1.1.2 The Nature and Purpose of Economic Activity,1.1.2,The Nature and Purpose of Economic Activity,https://economicsacademy.co.uk/revision-notes/aqa-a2-micro/1-1-2-the-nature-and-purpose-of-economic-activity.html,yes,4,4,,333,0,0,14,BreadcrumbList;LearningResource,yes,yes,yes,yes,yes,yes,yes
revision-notes/aqa-a2-micro/1-1-3-economic-resources.html,topic,AQA,Microeconomics,1.1.3,Economic Resources – AQA A-Level Economics Revision Notes,57,"Economic Resources for AQA A-Level Economics micro. Covers land, labour, capital and enterprise, and why the environment is itself a scarce resource.",149,1.1.3 Economic Resources,1.1.3,Economic Resources,https://economicsacademy.co.uk/revision-notes/aqa-a2-micro/1-1-3-economic-resources.html,yes,4,4,,432,0,0,14,BreadcrumbList;LearningResource,yes,yes,yes,yes,yes,yes,yes
revision-notes/aqa-a2-micro/1-1-4-scarcity-choice-and-the-allocation-of-resources.html,topic,AQA,Microeconomics,1.1.4,"Scarcity, Choice and Allocation – AQA A-Level Economics",55,"Scarcity, Choice and Allocation for AQA A-Level Economics micro. Covers the basic economic problem, why choices must be made, and how opportunity cost arises.",158,"1.1.4 Scarcity, Choice and the Allocation of Resources",1.1.4,"Scarcity, Choice and the Allocation of Resources",https://economicsacademy.co.uk/revision-notes/aqa-a2-micro/1-1-4-scarcity-choice-and-the-allocation-of-resources.html,yes,5,5,,429,0,0,16,BreadcrumbList;LearningResource,yes,yes,yes,yes,yes,yes,yes
revision-notes/aqa-a2-micro/1-1-5-production-possibility-diagrams.html,topic,AQA,Microeconomics,1.1.5,Production Possibility Diagrams – AQA A-Level Economics,55,"Production Possibility Diagrams — AQA A-Level Economics micro. Covers what a PPF shows, points on and inside the curve, and shifts showing growth and decline.",158,1.1.5 Production Possibility Diagrams,1.1.5,Production Possibility Diagrams,https://economicsacademy.co.uk/revision-notes/aqa-a2-micro/1-1-5-production-possibility-diagrams.html,yes,6,6,,751,2,0,18,BreadcrumbList;LearningResource,yes,yes,yes,yes,yes,yes,yes
revision-notes/aqa-a2-micro/1-2-1-consumer-behaviour.html,topic,AQA,Microeconomics,1.2.1,Consumer Behaviour – AQA A-Level Economics Revision Notes,57,"Consumer Behaviour for AQA A-Level Economics micro. Covers rational decision making, how agents are assumed to behave, and diminishing marginal utility.",152,1.2.1 Consumer Behaviour,1.2.1,Consumer Behaviour,https://economicsacademy.co.uk/revision-notes/aqa-a2-micro/1-2-1-consumer-behaviour.html,yes,7,7,,746,1,0,16,BreadcrumbList;LearningResource,yes,yes,yes,yes,yes,yes,yes
revision-notes/aqa-a2-micro/1-2-2-imperfect-information.html,topic,AQA,Microeconomics,1.2.2,Imperfect Information – AQA A-Level Economics Revision Notes,60,"Imperfect Information for AQA A-Level Economics micro. Covers why information matters, information gaps, and the consequences of asymmetric information.",152,1.2.2 Imperfect Information,1.2.2,Imperfect Information,https://economicsacademy.co.uk/revision-notes/aqa-a2-micro/1-2-2-imperfect-information.html,yes,5,5,,404,0,0,15,BreadcrumbList;LearningResource,yes,yes,yes,yes,yes,yes,yes
revision-notes/aqa-a2-micro/1-2-3-aspects-of-behavioural-economic-theory.html,topic,AQA,Microeconomics,1.2.3,Aspects of Behavioural Economic Theory – AQA A-Level Economics,62,Aspects of Behavioural Economic Theory — AQA A-Level Economics micro: how behavioural economics challenges rationality and the biases that distort decisions.,157,1.2.3 Aspects of Behavioural Economic Theory,1.2.3,Aspects of Behavioural Economic Theory,https://economicsacademy.co.uk/revision-notes/aqa-a2-micro/1-2-3-aspects-of-behavioural-economic-theory.html,yes,5,5,,863,0,0,14,BreadcrumbList;LearningResource,yes,yes,yes,yes,yes,yes,yes
revision-notes/aqa-a2-micro/1-2-4-behavioural-economics-and-economic-policy.html,topic,AQA,Microeconomics,1.2.4,Behavioural Economics and Economic Policy – AQA A-Level Economics,65,"Behavioural Economics and Economic Policy for AQA A-Level Economics micro. Covers choice architecture, framing and nudges, and how they shape policy.",149,1.2.4 Behavioural Economics and Economic Policy,1.2.4,Behavioural Economics and Economic Policy,https://economicsacademy.co.uk/revision-notes/aqa-a2-micro/1-2-4-behavioural-economics-and-economic-policy.html,yes,5,5,,488,0,0,16,BreadcrumbList;LearningResource,yes,yes,yes,yes,yes,yes,yes
revision-notes/aqa-a2-micro/1-3-1-the-determinants-of-the-demand-for-goods-and-services.html,topic,AQA,Microeconomics,1.3.1,The Determinants of Demand – AQA A-Level Economics Notes,56,"The Determinants of Demand for AQA A-Level Economics micro: the law of demand, the demand curve, the conditions of demand and marginal utility, with diagrams.",158,1.3.1 The Determinants of the Demand for Goods and Services,1.3.1,The Determinants of the Demand for Goods and Services,https://economicsacademy.co.uk/revision-notes/aqa-a2-micro/1-3-1-the-determinants-of-the-demand-for-goods-and-services.html,yes,7,7,,791,2,0,17,BreadcrumbList;LearningResource,yes,yes,yes,yes,yes,yes,yes
revision-notes/aqa-a2-micro/1-3-2-price-income-and-cross-elasticities-of-demand.html,topic,AQA,Microeconomics,1.3.2,Elasticities of Demand – AQA A-Level Economics Notes,52,"Elasticities of Demand for AQA A-Level Economics micro: PED, YED and XED with formulas, worked calculations and their significance for firms, with a diagram.",157,"1.3.2 Price, Income and Cross Elasticities of Demand",1.3.2,"Price, Income and Cross Elasticities of Demand",https://economicsacademy.co.uk/revision-notes/aqa-a2-micro/1-3-2-price-income-and-cross-elasticities-of-demand.html,yes,7,7,,1114,1,0,17,BreadcrumbList;LearningResource,yes,yes,yes,yes,yes,yes,yes
revision-notes/aqa-a2-micro/1-3-3-the-determinants-of-the-supply-of-goods-and-services.html,topic,AQA,Microeconomics,1.3.3,The Determinants of Supply – AQA A-Level Economics Notes,56,"The Determinants of Supply for AQA A-Level Economics micro: the law of supply, movements along the curve, and the factors that shift supply, with diagrams.",155,1.3.3 The Determinants of the Supply of Goods and Services,1.3.3,The Determinants of the Supply of Goods and Services,https://economicsacademy.co.uk/revision-notes/aqa-a2-micro/1-3-3-the-determinants-of-the-supply-of-goods-and-services.html,yes,6,6,,713,2,0,17,BreadcrumbList;LearningResource,yes,yes,yes,yes,yes,yes,yes
revision-notes/aqa-a2-micro/1-3-4-price-elasticity-of-supply.html,topic,AQA,Microeconomics,1.3.4,Price Elasticity of Supply – AQA A-Level Economics Notes,56,"Price Elasticity of Supply — AQA A-Level Economics micro. Covers the PES formula, interpreting values, its determinants and short-run versus long-run supply.",157,1.3.4 Price Elasticity of Supply,1.3.4,Price Elasticity of Supply,https://economicsacademy.co.uk/revision-notes/aqa-a2-micro/1-3-4-price-elasticity-of-supply.html,yes,7,7,,863,1,0,17,BreadcrumbList;LearningResource,yes,yes,yes,yes,yes,yes,yes
revision-notes/aqa-a2-micro/1-3-5-the-determination-of-equilibrium-market-prices.html,topic,AQA,Microeconomics,1.3.5,Equilibrium Market Prices – AQA A-Level Economics Notes,55,"Equilibrium Market Prices for AQA A-Level Economics micro. Covers how demand and supply set price and quantity, disequilibrium, and shifts in equilibrium.",154,1.3.5 The Determination of Equilibrium Market Prices,1.3.5,The Determination of Equilibrium Market Prices,https://economicsacademy.co.uk/revision-notes/aqa-a2-micro/1-3-5-the-determination-of-equilibrium-market-prices.html,yes,6,6,,773,4,0,17,BreadcrumbList;LearningResource,yes,yes,yes,yes,yes,yes,yes
revision-notes/aqa-a2-micro/1-3-6-the-interrelationship-between-markets.html,topic,AQA,Microeconomics,1.3.6,The Interrelationship between Markets – AQA A-Level Economics,61,"The Interrelationship between Markets for AQA A-Level Economics micro: joint demand, competitive demand, composite demand, derived demand and joint supply.",155,1.3.6 The Interrelationship between Markets,1.3.6,The Interrelationship between Markets,https://economicsacademy.co.uk/revision-notes/aqa-a2-micro/1-3-6-the-interrelationship-between-markets.html,yes,5,5,,800,5,0,16,BreadcrumbList;LearningResource,yes,yes,yes,yes,yes,yes,yes
revision-notes/aqa-a2-micro/1-4-1-production-and-productivity.html,topic,AQA,Microeconomics,1.4.1,Production & Productivity – AQA A-Level Economics Notes,55,"Production & Productivity — AQA A-Level Economics micro. Covers the meaning of production, how productivity is measured, and what raises labour productivity.",157,1.4.1 Production & Productivity,1.4.1,Production & Productivity,https://economicsacademy.co.uk/revision-notes/aqa-a2-micro/1-4-1-production-and-productivity.html,yes,5,5,,378,0,0,16,BreadcrumbList;LearningResource,yes,yes,yes,yes,yes,yes,yes
revision-notes/aqa-a2-micro/1-4-2-specialisation-division-of-labour-and-exchange.html,topic,AQA,Microeconomics,1.4.2,Specialisation and Exchange – AQA A-Level Economics Notes,57,"Specialisation and Exchange — AQA A-Level Economics micro. Covers levels of specialisation, the gains and drawbacks of dividing labour, and money's functions.",158,"1.4.2 Specialisation, Division of Labour and Exchange",1.4.2,"Specialisation, Division of Labour and Exchange",https://economicsacademy.co.uk/revision-notes/aqa-a2-micro/1-4-2-specialisation-division-of-labour-and-exchange.html,yes,6,6,,649,0,0,16,BreadcrumbList;LearningResource,yes,yes,yes,yes,yes,yes,yes
revision-notes/aqa-a2-micro/1-4-3-the-law-of-diminishing-returns-and-returns-to-scale.html,topic,AQA,Microeconomics,1.4.3,Diminishing Returns and Scale – AQA A-Level Economics Notes,59,"Diminishing Returns and Scale — AQA A-Level Economics micro. Covers the short run versus long run, marginal, average and total returns, and returns to scale.",157,1.4.3 The Law of Diminishing Returns and Returns to Scale,1.4.3,The Law of Diminishing Returns and Returns to Scale,https://economicsacademy.co.uk/revision-notes/aqa-a2-micro/1-4-3-the-law-of-diminishing-returns-and-returns-to-scale.html,yes,6,6,,760,0,0,15,BreadcrumbList;LearningResource,yes,yes,yes,yes,yes,yes,yes
revision-notes/aqa-a2-micro/1-4-4-costs-of-production.html,topic,AQA,Microeconomics,1.4.4,Costs of Production – AQA A-Level Economics Revision Notes,58,"Costs of Production for AQA A-Level Economics micro: fixed, variable, marginal and average costs, the U-shaped curves and the SRAC-LRAC link, with diagrams.",156,1.4.4 Costs of Production,1.4.4,Costs of Production,https://economicsacademy.co.uk/revision-notes/aqa-a2-micro/1-4-4-costs-of-production.html,yes,8,8,,966,2,0,20,BreadcrumbList;LearningResource,yes,yes,yes,yes,yes,yes,yes
revision-notes/aqa-a2-micro/1-4-5-economies-and-diseconomies-of-scale.html,topic,AQA,Microeconomics,1.4.5,Economies and Diseconomies of Scale – AQA A-Level Economics,59,"Economies and Diseconomies of Scale — AQA A-Level Economics micro: the LRAC curve, internal and external economies, diseconomies and minimum efficient scale.",157,1.4.5 Economies and Diseconomies of Scale,1.4.5,Economies and Diseconomies of Scale,https://economicsacademy.co.uk/revision-notes/aqa-a2-micro/1-4-5-economies-and-diseconomies-of-scale.html,yes,7,7,,1324,1,0,17,BreadcrumbList;LearningResource,yes,yes,yes,yes,yes,yes,yes
revision-notes/aqa-a2-micro/1-4-6-marginal-average-and-total-revenue.html,topic,AQA,Microeconomics,1.4.6,"Marginal, Average and Total Revenue – AQA A-Level Economics",59,"Marginal, Average and Total Revenue for AQA A-Level Economics micro. Covers total, average and marginal revenue under both perfect and imperfect competition.",157,"1.4.6 Marginal, Average and Total Revenue",1.4.6,"Marginal, Average and Total Revenue",https://economicsacademy.co.uk/revision-notes/aqa-a2-micro/1-4-6-marginal-average-and-total-revenue.html,yes,5,5,,569,2,0,17,BreadcrumbList;LearningResource,yes,yes,yes,yes,yes,yes,yes
revision-notes/aqa-a2-micro/1-4-7-profit.html,topic,AQA,Microeconomics,1.4.7,Profit – AQA A-Level Economics Revision Notes,45,"Profit — AQA A-Level Economics micro: normal profit, supernormal profit and losses on firm diagrams, and profit's role in markets, with diagrams for the exam.",158,1.4.7 Profit,1.4.7,Profit,https://economicsacademy.co.uk/revision-notes/aqa-a2-micro/1-4-7-profit.html,yes,6,6,,570,2,0,17,BreadcrumbList;LearningResource,yes,yes,yes,yes,yes,yes,yes
revision-notes/aqa-a2-micro/1-4-8-technological-change.html,topic,AQA,Microeconomics,1.4.8,Technological Change – AQA A-Level Economics Revision Notes,59,Technological Change for AQA A-Level Economics micro. Covers invention versus innovation and how technological change reshapes costs and market structure.,154,1.4.8 Technological Change,1.4.8,Technological Change,https://economicsacademy.co.uk/revision-notes/aqa-a2-micro/1-4-8-technological-change.html,yes,5,5,,406,0,0,17,BreadcrumbList;LearningResource,yes,yes,yes,yes,yes,yes,yes
revision-notes/aqa-a2-micro/1-5-1-market-structures.html,topic,AQA,Microeconomics,1.5.1,Market Structures – AQA A-Level Economics Revision Notes,56,Market Structures for AQA A-Level Economics micro. Covers the spectrum from perfect competition to monopoly and the characteristics defining each.,146,1.5.1 Market Structures,1.5.1,Market Structures,https://economicsacademy.co.uk/revision-notes/aqa-a2-micro/1-5-1-market-structures.html,yes,5,5,,394,0,0,18,BreadcrumbList;LearningResource,yes,yes,yes,yes,yes,yes,yes
revision-notes/aqa-a2-micro/1-5-10-market-structure-efficiency-resource-allocation.html,topic,AQA,Microeconomics,1.5.10,Efficiency and Market Structure – AQA A-Level Economics,55,"Efficiency and Market Structure for AQA A-Level Economics micro. Covers allocative, productive, dynamic and X-inefficiency across different market structures.",158,"1.5.10 Market Structure, Static Efficiency, Dynamic Efficiency and Resource Allocation",1.5.10,"Market Structure, Static Efficiency, Dynamic Efficiency and Resource Allocation",https://economicsacademy.co.uk/revision-notes/aqa-a2-micro/1-5-10-market-structure-efficiency-resource-allocation.html,yes,6,6,,703,2,0,18,BreadcrumbList;LearningResource,yes,yes,yes,yes,yes,yes,yes
revision-notes/aqa-a2-micro/1-5-11-consumer-and-producer-surplus.html,topic,AQA,Microeconomics,1.5.11,Consumer and Producer Surplus – AQA A-Level Economics Notes,59,"Consumer and Producer Surplus for AQA A-Level Economics micro: surplus at equilibrium, how market changes shift it, and monopoly and price discrimination.",154,1.5.11 Consumer and Producer Surplus,1.5.11,Consumer and Producer Surplus,https://economicsacademy.co.uk/revision-notes/aqa-a2-micro/1-5-11-consumer-and-producer-surplus.html,yes,8,8,,1025,7,0,19,BreadcrumbList;LearningResource,yes,yes,yes,yes,yes,yes,yes
revision-notes/aqa-a2-micro/1-5-2-the-objectives-of-firms.html,topic,AQA,Microeconomics,1.5.2,The Objectives of Firms – AQA A-Level Economics Notes,53,"The Objectives of Firms for AQA A-Level Economics micro. Covers profit, revenue and sales maximisation, satisficing, and the divorce of ownership and control.",158,1.5.2 The Objectives of Firms,1.5.2,The Objectives of Firms,https://economicsacademy.co.uk/revision-notes/aqa-a2-micro/1-5-2-the-objectives-of-firms.html,yes,9,9,,860,3,0,18,BreadcrumbList;LearningResource,yes,yes,yes,yes,yes,yes,yes
revision-notes/aqa-a2-micro/1-5-3-perfect-competition.html,topic,AQA,Microeconomics,1.5.3,Perfect Competition – AQA A-Level Economics Revision Notes,58,"Perfect Competition for AQA A-Level Economics micro. Covers the assumptions, the firm's demand curve, short-run and long-run equilibrium, and efficiency.",153,1.5.3 Perfect Competition,1.5.3,Perfect Competition,https://economicsacademy.co.uk/revision-notes/aqa-a2-micro/1-5-3-perfect-competition.html,yes,8,8,,838,5,0,18,BreadcrumbList;LearningResource,yes,yes,yes,yes,yes,yes,yes
revision-notes/aqa-a2-micro/1-5-4-monopolistic-competition.html,topic,AQA,Microeconomics,1.5.4,Monopolistic Competition – AQA A-Level Economics Notes,54,"Monopolistic Competition for AQA A-Level Economics micro. Covers product differentiation, short-run profit, long-run normal profit and non-price competition.",157,1.5.4 Monopolistic Competition,1.5.4,Monopolistic Competition,https://economicsacademy.co.uk/revision-notes/aqa-a2-micro/1-5-4-monopolistic-competition.html,yes,10,10,,939,2,0,19,BreadcrumbList;LearningResource,yes,yes,yes,yes,yes,yes,yes
revision-notes/aqa-a2-micro/1-5-5-oligopoly.html,topic,AQA,Microeconomics,1.5.5,Oligopoly – AQA A-Level Economics Revision Notes,48,"Oligopoly for AQA A-Level Economics micro. Covers concentration ratios, interdependence, and collusive versus non-collusive behaviour, with key definitions.",156,1.5.5 Oligopoly,1.5.5,Oligopoly,https://economicsacademy.co.uk/revision-notes/aqa-a2-micro/1-5-5-oligopoly.html,yes,7,7,,1185,2,0,19,BreadcrumbList;LearningResource,yes,yes,yes,yes,yes,yes,yes
revision-notes/aqa-a2-micro/1-5-6-monopoly-and-monopoly-power.html,topic,AQA,Microeconomics,1.5.6,Monopoly and Monopoly Power – AQA A-Level Economics Notes,57,"Monopoly and Monopoly Power for AQA A-Level Economics micro. Covers the characteristics of monopoly, profit maximisation, monopoly power and natural monopoly.",158,1.5.6 Monopoly and Monopoly Power,1.5.6,Monopoly and Monopoly Power,https://economicsacademy.co.uk/revision-notes/aqa-a2-micro/1-5-6-monopoly-and-monopoly-power.html,yes,7,7,,926,2,0,19,BreadcrumbList;LearningResource,yes,yes,yes,yes,yes,yes,yes
revision-notes/aqa-a2-micro/1-5-7-price-discrimination.html,topic,AQA,Microeconomics,1.5.7,Price Discrimination – AQA A-Level Economics Revision Notes,59,"Price Discrimination for AQA A-Level Economics micro: first, second and third-degree price discrimination and the conditions required for it, with a diagram.",157,1.5.7 Price Discrimination,1.5.7,Price Discrimination,https://economicsacademy.co.uk/revision-notes/aqa-a2-micro/1-5-7-price-discrimination.html,yes,5,5,,686,1,0,18,BreadcrumbList;LearningResource,yes,yes,yes,yes,yes,yes,yes
revision-notes/aqa-a2-micro/1-5-8-the-dynamics-of-competition-and-competitive-market-processes.html,topic,AQA,Microeconomics,1.5.8,The Dynamics of Competition – AQA A-Level Economics Notes,57,The Dynamics of Competition — AQA A-Level Economics micro. Covers the short-run and long-run benefits of competition and the process of creative destruction.,157,1.5.8 The Dynamics of Competition and Competitive Market Processes,1.5.8,The Dynamics of Competition and Competitive Market Processes,https://economicsacademy.co.uk/revision-notes/aqa-a2-micro/1-5-8-the-dynamics-of-competition-and-competitive-market-processes.html,yes,5,5,,487,0,0,16,BreadcrumbList;LearningResource,yes,yes,yes,yes,yes,yes,yes
revision-notes/aqa-a2-micro/1-5-9-contestable-and-non-contestable-markets.html,topic,AQA,Microeconomics,1.5.9,Contestable and Non-Contestable Markets – AQA A-Level Economics,63,"Contestable and Non-Contestable Markets — AQA A-Level Economics micro: contestability, hit-and-run entry, barriers to entry, and sunk costs as the barrier to exit.",163,1.5.9 Contestable and Non-Contestable Markets,1.5.9,Contestable and Non-Contestable Markets,https://economicsacademy.co.uk/revision-notes/aqa-a2-micro/1-5-9-contestable-and-non-contestable-markets.html,yes,8,8,,845,1,0,19,BreadcrumbList;LearningResource,yes,yes,yes,yes,yes,yes,yes
revision-notes/aqa-a2-micro/1-6-1-the-demand-for-labour-marginal-productivity-theory.html,topic,AQA,Microeconomics,1.6.1,The Demand for Labour and MRP – AQA A-Level Economics Notes,59,"The Demand for Labour and MRP for AQA A-Level Economics micro: derived demand, marginal revenue product theory, shifts in labour demand and wage elasticity.",156,"1.6.1 The Demand for Labour, Marginal Productivity Theory",1.6.1,"The Demand for Labour, Marginal Productivity Theory",https://economicsacademy.co.uk/revision-notes/aqa-a2-micro/1-6-1-the-demand-for-labour-marginal-productivity-theory.html,yes,7,7,,846,1,0,18,BreadcrumbList;LearningResource,yes,yes,yes,yes,yes,yes,yes
revision-notes/aqa-a2-micro/1-6-2-influence-upon-the-supply-of-labour-to-different-markets.html,topic,AQA,Microeconomics,1.6.2,The Supply of Labour – AQA A-Level Economics Revision Notes,59,"The Supply of Labour — AQA A-Level Economics micro: the labour supply curve, what shifts it, labour immobility and wage elasticity of supply, with a diagram.",157,1.6.2 Influence upon the Supply of Labour to Different Markets,1.6.2,Influence upon the Supply of Labour to Different Markets,https://economicsacademy.co.uk/revision-notes/aqa-a2-micro/1-6-2-influence-upon-the-supply-of-labour-to-different-markets.html,yes,7,7,,981,1,0,18,BreadcrumbList;LearningResource,yes,yes,yes,yes,yes,yes,yes
revision-notes/aqa-a2-micro/1-6-3-wage-determination-perfectly-competitive-labour-markets.html,topic,AQA,Microeconomics,1.6.3,Competitive Wage Determination – AQA A-Level Economics Notes,60,Competitive Wage Determination for AQA A-Level Economics micro. Covers how market forces set the wage and level of employment in a competitive labour market.,157,1.6.3 The Determination of Relative Wage rates and Levels of Employment in Perfectly Competitive Labour Markets,1.6.3,The Determination of Relative Wage rates and Levels of Employment in Perfectly Competitive Labour Markets,https://economicsacademy.co.uk/revision-notes/aqa-a2-micro/1-6-3-wage-determination-perfectly-competitive-labour-markets.html,yes,4,4,,592,1,0,17,BreadcrumbList;LearningResource,yes,yes,yes,yes,yes,yes,yes
revision-notes/aqa-a2-micro/1-6-4-wage-determination-imperfectly-competitive-labour-markets.html,topic,AQA,Microeconomics,1.6.4,Wage Determination: Monopsony – AQA A-Level Economics Notes,59,Wage Determination: Monopsony for AQA A-Level Economics micro: why labour markets are imperfect and how a monopsonist sets wages below the competitive level.,157,1.6.4 The Determination of Relative Wage rates and Levels of Employment in Imperfectly Competitive Labour Markets,1.6.4,The Determination of Relative Wage rates and Levels of Employment in Imperfectly Competitive Labour Markets,https://economicsacademy.co.uk/revision-notes/aqa-a2-micro/1-6-4-wage-determination-imperfectly-competitive-labour-markets.html,yes,5,5,,659,1,0,19,BreadcrumbList;LearningResource,yes,yes,yes,yes,yes,yes,yes
revision-notes/aqa-a2-micro/1-6-5-the-influence-of-trade-unions-in-determining-wages-and-levels-of-employment.html,topic,AQA,Microeconomics,1.6.5,Trade Unions and Wages – AQA A-Level Economics Notes,52,"Trade Unions and Wages — AQA A-Level Economics micro: how unions raise wages and their differing effects in competitive and monopsony markets, with a diagram.",158,1.6.5 The Influence of Trade Unions in Determining Wages and Levels of Employment,1.6.5,The Influence of Trade Unions in Determining Wages and Levels of Employment,https://economicsacademy.co.uk/revision-notes/aqa-a2-micro/1-6-5-the-influence-of-trade-unions-in-determining-wages-and-levels-of-employment.html,yes,5,5,,640,1,0,18,BreadcrumbList;LearningResource,yes,yes,yes,yes,yes,yes,yes
revision-notes/aqa-a2-micro/1-6-6-the-national-minimum-wage.html,topic,AQA,Microeconomics,1.6.6,The National Minimum Wage – AQA A-Level Economics Notes,55,The National Minimum Wage for AQA A-Level Economics micro. Covers how the minimum wage is set and its effects on workers and employers in different markets.,156,1.6.6 The National Minimum Wage,1.6.6,The National Minimum Wage,https://economicsacademy.co.uk/revision-notes/aqa-a2-micro/1-6-6-the-national-minimum-wage.html,yes,4,4,,533,1,0,16,BreadcrumbList;LearningResource,yes,yes,yes,yes,yes,yes,yes
revision-notes/aqa-a2-micro/1-6-7-discrimination-in-the-labour-market.html,topic,AQA,Microeconomics,1.6.7,Discrimination in the Labour Market – AQA A-Level Economics,59,"Discrimination in the Labour Market — AQA A-Level Economics micro: wage discrimination, the conditions that allow it, and its impact on wages and employment.",157,1.6.7 Discrimination in the Labour Market,1.6.7,Discrimination in the Labour Market,https://economicsacademy.co.uk/revision-notes/aqa-a2-micro/1-6-7-discrimination-in-the-labour-market.html,yes,6,6,,631,0,0,17,BreadcrumbList;LearningResource,yes,yes,yes,yes,yes,yes,yes
revision-notes/aqa-a2-micro/1-7-1-the-distribution-of-income-and-wealth.html,topic,AQA,Microeconomics,1.7.1,The Distribution of Income and Wealth – AQA A-Level Economics,61,"The Distribution of Income and Wealth for AQA A-Level Economics micro: income versus wealth, the Lorenz curve and Gini coefficient, and the Kuznets curve.",154,1.7.1 The Distribution of Income and Wealth,1.7.1,The Distribution of Income and Wealth,https://economicsacademy.co.uk/revision-notes/aqa-a2-micro/1-7-1-the-distribution-of-income-and-wealth.html,yes,9,9,,1194,2,0,15,BreadcrumbList;LearningResource,yes,yes,yes,yes,yes,yes,yes
revision-notes/aqa-a2-micro/1-7-2-the-problem-of-poverty.html,topic,AQA,Microeconomics,1.7.2,The Problem of Poverty – AQA A-Level Economics Notes,52,"The Problem of Poverty for AQA A-Level Economics micro. Covers absolute and relative poverty, the poverty trap, and the economic consequences of poverty.",153,1.7.2 The Problem of Poverty,1.7.2,The Problem of Poverty,https://economicsacademy.co.uk/revision-notes/aqa-a2-micro/1-7-2-the-problem-of-poverty.html,yes,6,6,,573,0,0,17,BreadcrumbList;LearningResource,yes,yes,yes,yes,yes,yes,yes
revision-notes/aqa-a2-micro/1-7-3-government-policies-poverty-income-distribution.html,topic,AQA,Microeconomics,1.7.3,Policies to Reduce Poverty – AQA A-Level Economics Notes,56,"Policies to Reduce Poverty for AQA A-Level Economics micro. Covers taxes, benefits, the minimum wage, education and public services, with evaluation of each.",157,1.7.3 Government Policies to Alleviate Poverty and to Influence the Distribution of Income and Wealth,1.7.3,Government Policies to Alleviate Poverty and to Influence the Distribution of Income and Wealth,https://economicsacademy.co.uk/revision-notes/aqa-a2-micro/1-7-3-government-policies-poverty-income-distribution.html,yes,5,5,,602,0,0,14,BreadcrumbList;LearningResource,yes,yes,yes,yes,yes,yes,yes
revision-notes/aqa-a2-micro/1-8-1-how-markets-and-prices-allocate-resources.html,topic,AQA,Microeconomics,1.8.1,How Markets and Prices Allocate Resources – AQA A-Level Economics,65,"How Markets and Prices Allocate Resources — AQA A-Level Economics micro: the rationing, incentive and signalling functions of prices, and the limits of markets.",160,1.8.1 How Markets and Prices Allocate Resources,1.8.1,How Markets and Prices Allocate Resources,https://economicsacademy.co.uk/revision-notes/aqa-a2-micro/1-8-1-how-markets-and-prices-allocate-resources.html,yes,7,7,,957,2,0,17,BreadcrumbList;LearningResource,yes,yes,yes,yes,yes,yes,yes
revision-notes/aqa-a2-micro/1-8-10-government-failure.html,topic,AQA,Microeconomics,1.8.10,Government Failure – AQA A-Level Economics Revision Notes,57,"Government Failure — AQA A-Level Economics micro: how intervention meant to correct market failure can create a larger net welfare loss, with key definitions.",158,1.8.10 Government Failure,1.8.10,Government Failure,https://economicsacademy.co.uk/revision-notes/aqa-a2-micro/1-8-10-government-failure.html,yes,5,5,,574,0,0,19,BreadcrumbList;LearningResource,yes,yes,yes,yes,yes,yes,yes
revision-notes/aqa-a2-micro/1-8-2-the-meaning-of-market-failure.html,topic,AQA,Microeconomics,1.8.2,The Meaning of Market Failure – AQA A-Level Economics Notes,59,"The Meaning of Market Failure for AQA A-Level Economics micro: what market failure means and its main causes across goods, information and monopoly power.",154,1.8.2 The Meaning of Market Failure,1.8.2,The Meaning of Market Failure,https://economicsacademy.co.uk/revision-notes/aqa-a2-micro/1-8-2-the-meaning-of-market-failure.html,yes,5,5,,794,0,0,20,BreadcrumbList;LearningResource,yes,yes,yes,yes,yes,yes,yes
revision-notes/aqa-a2-micro/1-8-3-public-goods-private-goods-and-quasi-public-goods.html,topic,AQA,Microeconomics,1.8.3,Public and Quasi-Public Goods – AQA A-Level Economics Notes,59,"Public and Quasi-Public Goods — AQA A-Level Economics micro. Covers non-excludability and non-rivalry, the free rider problem and the tragedy of the commons.",157,"1.8.3 Public Goods, Private Goods and Quasi-Public Goods",1.8.3,"Public Goods, Private Goods and Quasi-Public Goods",https://economicsacademy.co.uk/revision-notes/aqa-a2-micro/1-8-3-public-goods-private-goods-and-quasi-public-goods.html,yes,8,8,,831,0,0,18,BreadcrumbList;LearningResource,yes,yes,yes,yes,yes,yes,yes
revision-notes/aqa-a2-micro/1-8-4-positive-and-negative-externalities-in-consumption-and-production.html,topic,AQA,Microeconomics,1.8.4,Externalities – AQA A-Level Economics Revision Notes,52,"Externalities for AQA A-Level Economics micro. Covers external costs and benefits in production and consumption, welfare loss and intervention, with diagrams.",158,1.8.4 Positive and Negative Externalities in Consumption and Production,1.8.4,Positive and Negative Externalities in Consumption and Production,https://economicsacademy.co.uk/revision-notes/aqa-a2-micro/1-8-4-positive-and-negative-externalities-in-consumption-and-production.html,yes,9,9,,1735,4,0,19,BreadcrumbList;LearningResource,yes,yes,yes,yes,yes,yes,yes
revision-notes/aqa-a2-micro/1-8-5-merit-and-demerit-goods.html,topic,AQA,Microeconomics,1.8.5,Merit and Demerit Goods – AQA A-Level Economics Notes,53,Merit and Demerit Goods for AQA A-Level Economics micro. Covers why merit and demerit goods are over- or under-consumed and the role of imperfect information.,158,1.8.5 Merit and Demerit Goods,1.8.5,Merit and Demerit Goods,https://economicsacademy.co.uk/revision-notes/aqa-a2-micro/1-8-5-merit-and-demerit-goods.html,yes,6,6,,1126,4,0,18,BreadcrumbList;LearningResource,yes,yes,yes,yes,yes,yes,yes
revision-notes/aqa-a2-micro/1-8-6-market-imperfections.html,topic,AQA,Microeconomics,1.8.6,Market Imperfections – AQA A-Level Economics Revision Notes,59,"Market Imperfections for AQA A-Level Economics micro. Covers asymmetric information, monopoly power and factor immobility as sources of market failure.",151,1.8.6 Market Imperfections,1.8.6,Market Imperfections,https://economicsacademy.co.uk/revision-notes/aqa-a2-micro/1-8-6-market-imperfections.html,yes,6,6,,833,0,0,18,BreadcrumbList;LearningResource,yes,yes,yes,yes,yes,yes,yes
revision-notes/aqa-a2-micro/1-8-7-competition-policy.html,topic,AQA,Microeconomics,1.8.7,Competition Policy – AQA A-Level Economics Revision Notes,57,"Competition Policy for AQA A-Level Economics micro. Covers the aims of competition policy, control of monopolies and mergers, and policy evaluation.",148,1.8.7 Competition Policy,1.8.7,Competition Policy,https://economicsacademy.co.uk/revision-notes/aqa-a2-micro/1-8-7-competition-policy.html,yes,9,9,,1510,0,0,16,BreadcrumbList;LearningResource,yes,yes,yes,yes,yes,yes,yes
revision-notes/aqa-a2-micro/1-8-8-public-ownership-privatisation-regulation-and-deregulation-of-markets.html,topic,AQA,Microeconomics,1.8.8,Privatisation and Regulation – AQA A-Level Economics Notes,58,"Privatisation and Regulation for AQA A-Level Economics micro. Covers public ownership versus privatisation, regulation, deregulation and regulatory capture.",156,"1.8.8 Public Ownership, Privatisation, Regulation and Deregulation of Markets",1.8.8,"Public Ownership, Privatisation, Regulation and Deregulation of Markets",https://economicsacademy.co.uk/revision-notes/aqa-a2-micro/1-8-8-public-ownership-privatisation-regulation-and-deregulation-of-markets.html,yes,6,6,,1015,1,0,18,BreadcrumbList;LearningResource,yes,yes,yes,yes,yes,yes,yes
revision-notes/aqa-a2-micro/1-8-9-government-intervention-in-markets.html,topic,AQA,Microeconomics,1.8.9,Government Intervention in Markets – AQA A-Level Economics,58,"Government Intervention in Markets for AQA A-Level Economics micro. Covers indirect taxes, subsidies, maximum and minimum prices and other corrective tools.",156,1.8.9 Government Intervention in Markets,1.8.9,Government Intervention in Markets,https://economicsacademy.co.uk/revision-notes/aqa-a2-micro/1-8-9-government-intervention-in-markets.html,yes,9,9,,1312,4,0,20,BreadcrumbList;LearningResource,yes,yes,yes,yes,yes,yes,yes
revision-notes/aqa-a2-micro/index.html,hub,AQA,Microeconomics,,AQA A-Level Microeconomics Revision Notes,41,"Microeconomics revision notes for AQA A-Level Economics: individual decision making, price determination, market structures and labour markets. Free.",149,"AQA A-Level Microeconomics — Individuals, Firms, Markets and Market Failure",,"AQA A-Level Microeconomics — Individuals, Firms, Markets and Market Failure",https://economicsacademy.co.uk/revision-notes/aqa-a2-micro/,yes,9,0,,583,0,0,62,BreadcrumbList;LearningResource,yes,yes,yes,yes,no,yes,no
revision-notes/edexcel-theme-1/1-1-1-economics-as-a-social-science.html,topic,Edexcel,Theme 1,1.1.1,Economics as a Social Science – Edexcel A-Level Economics,57,"Economics as a Social Science for Edexcel A-Level Economics (1.1.1). Covers how economists build models, the role of assumptions and of ceteris paribus.",152,Economics as a Social Science,,Economics as a Social Science,https://economicsacademy.co.uk/revision-notes/edexcel-theme-1/1-1-1-economics-as-a-social-science.html,yes,6,6,,609,0,0,16,BreadcrumbList;LearningResource,yes,yes,yes,yes,yes,yes,yes
revision-notes/edexcel-theme-1/1-1-2-positive-normative-statements.html,topic,Edexcel,Theme 1,1.1.2,Positive and Normative Statements – Edexcel A-Level Economics,61,Positive and Normative Statements — Edexcel A-Level Economics (1.1.2): fact-based versus value-based claims and the role of value judgements in shaping policy.,159,Positive and Normative Statements,,Positive and Normative Statements,https://economicsacademy.co.uk/revision-notes/edexcel-theme-1/1-1-2-positive-normative-statements.html,yes,6,6,,502,0,0,17,BreadcrumbList;LearningResource,yes,yes,yes,yes,yes,yes,yes
revision-notes/edexcel-theme-1/1-1-3-the-economic-problem.html,topic,Edexcel,Theme 1,1.1.3,The Economic Problem – Edexcel A-Level Economics Notes,54,"The Economic Problem — Edexcel A-Level Economics (1.1.3): scarcity, the factors of production, opportunity cost, and renewable versus non-renewable resources.",158,The Economic Problem,,The Economic Problem,https://economicsacademy.co.uk/revision-notes/edexcel-theme-1/1-1-3-the-economic-problem.html,yes,7,7,,546,0,0,17,BreadcrumbList;LearningResource,yes,yes,yes,yes,yes,yes,yes
revision-notes/edexcel-theme-1/1-1-4-production-possibility-frontiers.html,topic,Edexcel,Theme 1,1.1.4,Production Possibility Frontiers – Edexcel A-Level Economics,60,"Production Possibility Frontiers — Edexcel A-Level Economics (1.1.4): movements along versus shifts of the PPF, capital versus consumer goods and productive efficiency.",168,Production Possibility Frontiers,,Production Possibility Frontiers,https://economicsacademy.co.uk/revision-notes/edexcel-theme-1/1-1-4-production-possibility-frontiers.html,yes,5,5,,765,2,0,18,BreadcrumbList;LearningResource,yes,yes,yes,yes,yes,yes,yes
revision-notes/edexcel-theme-1/1-1-5-specialisation-division-of-labour.html,topic,Edexcel,Theme 1,1.1.5,Division of Labour (1.1.5) – Edexcel A-Level Economics Notes,60,"Division of Labour — Edexcel A-Level Economics (1.1.5). Covers Adam Smith's pin factory, the gains and drawbacks of specialising, and the functions of money.",157,Specialisation and the Division of Labour,,Specialisation and the Division of Labour,https://economicsacademy.co.uk/revision-notes/edexcel-theme-1/1-1-5-specialisation-division-of-labour.html,yes,6,6,,667,0,0,16,BreadcrumbList;LearningResource,yes,yes,yes,yes,yes,yes,yes
revision-notes/edexcel-theme-1/1-1-6-types-of-economies.html,topic,Edexcel,Theme 1,1.1.6,Types of Economies (1.1.6) – Edexcel A-Level Economics Notes,60,"Types of Economies for Edexcel A-Level Economics (1.1.6). Covers free market, mixed and command economies, and the trade-off between efficiency and equity.",155,Types of Economies,,Types of Economies,https://economicsacademy.co.uk/revision-notes/edexcel-theme-1/1-1-6-types-of-economies.html,yes,7,7,,594,0,0,15,BreadcrumbList;LearningResource,yes,yes,yes,yes,yes,yes,yes
revision-notes/edexcel-theme-1/1-2-1-rational-decision-making.html,topic,Edexcel,Theme 1,1.2.1,Rational Decision Making – Edexcel A-Level Economics Notes,58,Rational Decision Making — Edexcel A-Level Economics (1.2.1): the rationality assumption for consumers and firms and how behavioural economics challenges it.,157,Rational Decision Making,,Rational Decision Making,https://economicsacademy.co.uk/revision-notes/edexcel-theme-1/1-2-1-rational-decision-making.html,yes,6,6,,494,0,0,17,BreadcrumbList;LearningResource,yes,yes,yes,yes,yes,yes,yes
revision-notes/edexcel-theme-1/1-2-10-alternative-views-of-consumer-behaviour.html,topic,Edexcel,Theme 1,1.2.10,Consumer Behaviour – Edexcel A-Level Economics Notes,52,"Consumer Behaviour for Edexcel A-Level Economics (1.2.10). Covers herding, inertia, habit and bounded rationality, and what they mean for the rational model.",157,Alternative Views of Consumer Behaviour,,Alternative Views of Consumer Behaviour,https://economicsacademy.co.uk/revision-notes/edexcel-theme-1/1-2-10-alternative-views-of-consumer-behaviour.html,yes,6,6,,683,0,0,17,BreadcrumbList;LearningResource,yes,yes,yes,yes,yes,yes,yes
revision-notes/edexcel-theme-1/1-2-2-demand.html,topic,Edexcel,Theme 1,1.2.2,Demand (1.2.2) – Edexcel A-Level Economics Revision Notes,57,"Demand for Edexcel A-Level Economics (1.2.2). Covers the law of demand, the conditions that shift the curve, and diminishing marginal utility, with diagrams.",157,Demand,,Demand,https://economicsacademy.co.uk/revision-notes/edexcel-theme-1/1-2-2-demand.html,yes,7,7,,764,2,0,18,BreadcrumbList;LearningResource,yes,yes,yes,yes,yes,yes,yes
revision-notes/edexcel-theme-1/1-2-3-price-income-cross-elasticities-of-demand.html,topic,Edexcel,Theme 1,1.2.3,"PED, YED and XED (1.2.3) – Edexcel A-Level Economics Notes",58,"PED, YED and XED for Edexcel A-Level Economics (1.2.3). Covers the three elasticity formulas with worked calculations and what the values mean for pricing.",155,"Price, Income and Cross Elasticities of Demand",,"Price, Income and Cross Elasticities of Demand",https://economicsacademy.co.uk/revision-notes/edexcel-theme-1/1-2-3-price-income-cross-elasticities-of-demand.html,yes,7,7,,1096,1,0,19,BreadcrumbList;LearningResource,yes,yes,yes,yes,yes,yes,yes
revision-notes/edexcel-theme-1/1-2-4-supply.html,topic,Edexcel,Theme 1,1.2.4,Supply (1.2.4) – Edexcel A-Level Economics Revision Notes,57,"Supply for Edexcel A-Level Economics (1.2.4): the law of supply, movements versus shifts, and how costs, technology and taxation change supply, with diagrams.",158,Supply,,Supply,https://economicsacademy.co.uk/revision-notes/edexcel-theme-1/1-2-4-supply.html,yes,5,5,,673,2,0,17,BreadcrumbList;LearningResource,yes,yes,yes,yes,yes,yes,yes
revision-notes/edexcel-theme-1/1-2-5-price-elasticity-of-supply.html,topic,Edexcel,Theme 1,1.2.5,Price Elasticity of Supply – Edexcel A-Level Economics Notes,60,"Price Elasticity of Supply — Edexcel A-Level Economics (1.2.5): the PES formula, interpreting values, its determinants and the short-run/long-run distinction.",158,Price Elasticity of Supply,,Price Elasticity of Supply,https://economicsacademy.co.uk/revision-notes/edexcel-theme-1/1-2-5-price-elasticity-of-supply.html,yes,7,7,,858,1,0,18,BreadcrumbList;LearningResource,yes,yes,yes,yes,yes,yes,yes
revision-notes/edexcel-theme-1/1-2-6-price-determination.html,topic,Edexcel,Theme 1,1.2.6,Price Determination – Edexcel A-Level Economics Notes,53,"Price Determination — Edexcel A-Level Economics (1.2.6). Covers equilibrium price and quantity, excess demand and supply, and how shifts move the equilibrium.",158,Price Determination,,Price Determination,https://economicsacademy.co.uk/revision-notes/edexcel-theme-1/1-2-6-price-determination.html,yes,6,6,,752,4,0,18,BreadcrumbList;LearningResource,yes,yes,yes,yes,yes,yes,yes
revision-notes/edexcel-theme-1/1-2-7-price-mechanism.html,topic,Edexcel,Theme 1,1.2.7,The Price Mechanism – Edexcel A-Level Economics Notes,53,"The Price Mechanism for Edexcel A-Level Economics (1.2.7). Covers the rationing, incentive and signalling functions and how prices allocate scarce resources.",157,The Price Mechanism,,The Price Mechanism,https://economicsacademy.co.uk/revision-notes/edexcel-theme-1/1-2-7-price-mechanism.html,yes,5,5,,714,2,0,17,BreadcrumbList;LearningResource,yes,yes,yes,yes,yes,yes,yes
revision-notes/edexcel-theme-1/1-2-8-producer-consumer-surplus.html,topic,Edexcel,Theme 1,1.2.8,Producer and Consumer Surplus – Edexcel A-Level Economics,57,"Producer and Consumer Surplus — Edexcel A-Level Economics (1.2.8): identifying and shading surplus areas and how taxes, subsidies and price controls redistribute it.",165,Producer and Consumer Surplus,,Producer and Consumer Surplus,https://economicsacademy.co.uk/revision-notes/edexcel-theme-1/1-2-8-producer-consumer-surplus.html,yes,5,5,,842,3,0,17,BreadcrumbList;LearningResource,yes,yes,yes,yes,yes,yes,yes
revision-notes/edexcel-theme-1/1-2-9-indirect-taxes-subsidies.html,topic,Edexcel,Theme 1,1.2.9,Indirect Taxes and Subsidies – Edexcel A-Level Economics,56,"Indirect Taxes and Subsidies — Edexcel A-Level Economics (1.2.9): how taxes and subsidies shift supply, tax incidence, and the role of PED in who bears the burden.",163,Indirect Taxes and Subsidies,,Indirect Taxes and Subsidies,https://economicsacademy.co.uk/revision-notes/edexcel-theme-1/1-2-9-indirect-taxes-subsidies.html,yes,8,8,,964,3,0,17,BreadcrumbList;LearningResource,yes,yes,yes,yes,yes,yes,yes
revision-notes/edexcel-theme-1/1-3-1-types-of-market-failure.html,topic,Edexcel,Theme 1,1.3.1,Types of Market Failure – Edexcel A-Level Economics Notes,57,"Types of Market Failure — Edexcel A-Level Economics (1.3.1): why free markets misallocate resources through externalities, public goods and information gaps.",157,Types of Market Failure,,Types of Market Failure,https://economicsacademy.co.uk/revision-notes/edexcel-theme-1/1-3-1-types-of-market-failure.html,yes,5,5,,623,0,0,19,BreadcrumbList;LearningResource,yes,yes,yes,yes,yes,yes,yes
revision-notes/edexcel-theme-1/1-3-2-externalities.html,topic,Edexcel,Theme 1,1.3.2,Externalities (1.3.2) – Edexcel A-Level Economics Notes,55,"Externalities for Edexcel A-Level Economics (1.3.2). Covers external costs and benefits, private versus social costs, welfare loss and the social optimum.",154,Externalities,,Externalities,https://economicsacademy.co.uk/revision-notes/edexcel-theme-1/1-3-2-externalities.html,yes,7,7,,1583,2,0,16,BreadcrumbList;LearningResource,yes,yes,yes,yes,yes,yes,yes
revision-notes/edexcel-theme-1/1-3-3-public-goods.html,topic,Edexcel,Theme 1,1.3.3,Public Goods (1.3.3) – Edexcel A-Level Economics Notes,54,"Public Goods for Edexcel A-Level Economics (1.3.3). Covers non-excludability and non-rivalry, the free rider problem and the case for state provision.",150,Public Goods,,Public Goods,https://economicsacademy.co.uk/revision-notes/edexcel-theme-1/1-3-3-public-goods.html,yes,5,5,,447,0,0,14,BreadcrumbList;LearningResource,yes,yes,yes,yes,yes,yes,yes
revision-notes/edexcel-theme-1/1-3-4-information-gaps.html,topic,Edexcel,Theme 1,1.3.4,Information Gaps (1.3.4) – Edexcel A-Level Economics Notes,58,"Information Gaps for Edexcel A-Level Economics (1.3.4). Covers asymmetric information, adverse selection and moral hazard, and the resulting market failure.",156,Information Gaps,,Information Gaps,https://economicsacademy.co.uk/revision-notes/edexcel-theme-1/1-3-4-information-gaps.html,yes,6,6,,585,0,0,17,BreadcrumbList;LearningResource,yes,yes,yes,yes,yes,yes,yes
revision-notes/edexcel-theme-1/1-4-1-government-intervention-in-markets.html,topic,Edexcel,Theme 1,1.4.1,Government Intervention in Markets – Edexcel A-Level Economics,62,"Government Intervention in Markets — Edexcel A-Level Economics (1.4.1): indirect taxes, subsidies, maximum and minimum prices, regulation and information provision.",164,Government Intervention in Markets,,Government Intervention in Markets,https://economicsacademy.co.uk/revision-notes/edexcel-theme-1/1-4-1-government-intervention-in-markets.html,yes,9,9,,1334,4,0,21,BreadcrumbList;LearningResource,yes,yes,yes,yes,yes,yes,yes
revision-notes/edexcel-theme-1/1-4-2-government-failure.html,topic,Edexcel,Theme 1,1.4.2,Government Failure (1.4.2) – Edexcel A-Level Economics Notes,60,Government Failure for Edexcel A-Level Economics (1.4.2). Covers how intervention can worsen outcomes through distorted incentives and regulatory capture.,154,Government Failure,,Government Failure,https://economicsacademy.co.uk/revision-notes/edexcel-theme-1/1-4-2-government-failure.html,yes,4,4,,541,0,0,17,BreadcrumbList;LearningResource,yes,yes,yes,yes,yes,yes,yes
revision-notes/edexcel-theme-1/index.html,hub,Edexcel,Theme 1,,Edexcel Theme 1 Revision Notes | Markets & Market Failure,57,"Theme 1 revision notes for Edexcel A-Level Economics: markets, market failure and government intervention. Free notes on every topic in the theme.",146,Edexcel Theme 1: Introduction to Markets and Market Failure,,Edexcel Theme 1: Introduction to Markets and Market Failure,https://economicsacademy.co.uk/revision-notes/edexcel-theme-1/,yes,5,0,,284,0,0,30,BreadcrumbList;LearningResource,yes,yes,yes,yes,no,yes,no
revision-notes/edexcel-theme-2/2-1-1-economic-growth.html,topic,Edexcel,Theme 2,2.1.1,Economic Growth (2.1.1) – Edexcel A-Level Economics Notes,57,"Economic Growth for Edexcel A-Level Economics (2.1.1). Covers the expenditure and income methods, nominal versus real GDP, GDP per capita, GNI and PPP.",151,Economic Growth,,Economic Growth,https://economicsacademy.co.uk/revision-notes/edexcel-theme-2/2-1-1-economic-growth.html,yes,7,7,,720,0,0,16,BreadcrumbList;LearningResource,yes,yes,yes,yes,yes,yes,yes
revision-notes/edexcel-theme-2/2-1-2-inflation.html,topic,Edexcel,Theme 2,2.1.2,Inflation (2.1.2) – Edexcel A-Level Economics Revision Notes,60,"Inflation for Edexcel A-Level Economics (2.1.2). Covers CPI and RPI measurement, the limits of CPI, and demand-pull versus cost-push inflation, with diagrams.",158,Inflation,,Inflation,https://economicsacademy.co.uk/revision-notes/edexcel-theme-2/2-1-2-inflation.html,yes,9,9,,1274,2,0,18,BreadcrumbList;LearningResource,yes,yes,yes,yes,yes,yes,yes
revision-notes/edexcel-theme-2/2-1-3-employment-unemployment.html,topic,Edexcel,Theme 2,2.1.3,Employment and Unemployment – Edexcel A-Level Economics,55,"Employment and Unemployment — Edexcel A-Level Economics (2.1.3): how unemployment is measured, its types and causes, and the effect of migration on the labour market.",166,Employment and Unemployment,,Employment and Unemployment,https://economicsacademy.co.uk/revision-notes/edexcel-theme-2/2-1-3-employment-unemployment.html,yes,9,9,,1065,0,0,15,BreadcrumbList;LearningResource,yes,yes,yes,yes,yes,yes,yes
revision-notes/edexcel-theme-2/2-1-4-balance-of-payments.html,topic,Edexcel,Theme 2,2.1.4,Balance of Payments (2.1.4) – Edexcel A-Level Economics Notes,61,"Balance of Payments for Edexcel A-Level Economics (2.1.4): the structure of the accounts, the current account, and the trade-offs in correcting imbalances.",155,Balance of Payments,,Balance of Payments,https://economicsacademy.co.uk/revision-notes/edexcel-theme-2/2-1-4-balance-of-payments.html,yes,7,7,,909,0,0,16,BreadcrumbList;LearningResource,yes,yes,yes,yes,yes,yes,yes
revision-notes/edexcel-theme-2/2-2-1-aggregate-demand.html,topic,Edexcel,Theme 2,2.2.1,Aggregate Demand (2.2.1) – Edexcel A-Level Economics Notes,58,"Aggregate Demand — Edexcel A-Level Economics (2.2.1): the AD formula, the relative weight of each component, and movements versus shifts of AD, with diagrams.",158,Aggregate Demand,,Aggregate Demand,https://economicsacademy.co.uk/revision-notes/edexcel-theme-2/2-2-1-aggregate-demand.html,yes,8,8,,931,2,0,18,BreadcrumbList;LearningResource,yes,yes,yes,yes,yes,yes,yes
revision-notes/edexcel-theme-2/2-2-2-consumption.html,topic,Edexcel,Theme 2,2.2.2,Consumption (2.2.2) – Edexcel A-Level Economics Notes,53,"Consumption for Edexcel A-Level Economics (2.2.2). Covers disposable income, the savings relationship, interest rates, wealth effects and confidence.",149,Consumption,,Consumption,https://economicsacademy.co.uk/revision-notes/edexcel-theme-2/2-2-2-consumption.html,yes,6,6,,657,0,0,16,BreadcrumbList;LearningResource,yes,yes,yes,yes,yes,yes,yes
revision-notes/edexcel-theme-2/2-2-3-investment.html,topic,Edexcel,Theme 2,2.2.3,Investment (2.2.3) – Edexcel A-Level Economics Notes,52,"Investment for Edexcel A-Level Economics (2.2.3). Covers gross versus net investment, the influences on investment decisions and the accelerator effect.",152,Investment,,Investment,https://economicsacademy.co.uk/revision-notes/edexcel-theme-2/2-2-3-investment.html,yes,6,6,,724,0,0,16,BreadcrumbList;LearningResource,yes,yes,yes,yes,yes,yes,yes
revision-notes/edexcel-theme-2/2-2-4-government-expenditure.html,topic,Edexcel,Theme 2,2.2.4,Government Expenditure – Edexcel A-Level Economics Notes,56,"Government Expenditure for Edexcel A-Level Economics (2.2.4): the role of state spending in AD, automatic stabilisers, and the effect on the budget deficit.",156,Government Expenditure,,Government Expenditure,https://economicsacademy.co.uk/revision-notes/edexcel-theme-2/2-2-4-government-expenditure.html,yes,6,6,,549,0,0,17,BreadcrumbList;LearningResource,yes,yes,yes,yes,yes,yes,yes
revision-notes/edexcel-theme-2/2-2-5-net-trade.html,topic,Edexcel,Theme 2,2.2.5,Net Trade (2.2.5) – Edexcel A-Level Economics Revision Notes,60,"Net Trade for Edexcel A-Level Economics (2.2.5). Covers exports and imports, exchange rates, protectionism, and the Marshall-Lerner condition.",142,Net Trade,,Net Trade,https://economicsacademy.co.uk/revision-notes/edexcel-theme-2/2-2-5-net-trade.html,yes,4,4,,721,0,0,16,BreadcrumbList;LearningResource,yes,yes,yes,yes,yes,yes,yes
revision-notes/edexcel-theme-2/2-3-1-aggregate-supply.html,topic,Edexcel,Theme 2,2.3.1,Aggregate Supply (2.3.1) – Edexcel A-Level Economics Notes,58,"Aggregate Supply for Edexcel A-Level Economics (2.3.1). Covers SRAS and LRAS, why SRAS slopes upward, and the Classical and Keynesian views of the curve.",153,Aggregate Supply,,Aggregate Supply,https://economicsacademy.co.uk/revision-notes/edexcel-theme-2/2-3-1-aggregate-supply.html,yes,7,7,,634,3,0,14,BreadcrumbList;LearningResource,yes,yes,yes,yes,yes,yes,yes
revision-notes/edexcel-theme-2/2-3-2-short-run-aggregate-supply.html,topic,Edexcel,Theme 2,2.3.2,Short-Run Aggregate Supply – Edexcel A-Level Economics Notes,60,"Short-Run Aggregate Supply for Edexcel A-Level Economics (2.3.2): the shape of SRAS, the causes of shifts, and how cost-push shocks change output and prices.",157,Short-Run Aggregate Supply,,Short-Run Aggregate Supply,https://economicsacademy.co.uk/revision-notes/edexcel-theme-2/2-3-2-short-run-aggregate-supply.html,yes,6,6,,703,2,0,18,BreadcrumbList;LearningResource,yes,yes,yes,yes,yes,yes,yes
revision-notes/edexcel-theme-2/2-3-3-long-run-aggregate-supply.html,topic,Edexcel,Theme 2,2.3.3,Long-Run Aggregate Supply – Edexcel A-Level Economics Notes,59,"Long-Run Aggregate Supply for Edexcel A-Level Economics (2.3.3): the Classical vertical LRAS, the Keynesian L-shape, and how supply-side policy shifts it.",154,Long-Run Aggregate Supply,,Long-Run Aggregate Supply,https://economicsacademy.co.uk/revision-notes/edexcel-theme-2/2-3-3-long-run-aggregate-supply.html,yes,5,5,,852,3,0,16,BreadcrumbList;LearningResource,yes,yes,yes,yes,yes,yes,yes
revision-notes/edexcel-theme-2/2-4-1-national-income.html,topic,Edexcel,Theme 2,2.4.1,National Income (2.4.1) – Edexcel A-Level Economics Notes,57,"National Income for Edexcel A-Level Economics (2.4.1). Covers the circular flow, the equilibrium condition, and income as a flow versus wealth as a stock.",154,National Income,,National Income,https://economicsacademy.co.uk/revision-notes/edexcel-theme-2/2-4-1-national-income.html,yes,6,6,,709,1,0,16,BreadcrumbList;LearningResource,yes,yes,yes,yes,yes,yes,yes
revision-notes/edexcel-theme-2/2-4-2-injections-withdrawals.html,topic,Edexcel,Theme 2,2.4.2,Injections and Withdrawals – Edexcel A-Level Economics Notes,60,"Injections and Withdrawals for Edexcel A-Level Economics (2.4.2): investment, spending and exports against saving, taxation and imports in the circular flow.",157,Injections and Withdrawals,,Injections and Withdrawals,https://economicsacademy.co.uk/revision-notes/edexcel-theme-2/2-4-2-injections-withdrawals.html,yes,7,7,,596,1,0,15,BreadcrumbList;LearningResource,yes,yes,yes,yes,yes,yes,yes
revision-notes/edexcel-theme-2/2-4-3-equilibrium-levels-of-real-national-output.html,topic,Edexcel,Theme 2,2.4.3,Equilibrium National Output – Edexcel A-Level Economics,55,Equilibrium National Output — Edexcel A-Level Economics (2.4.3): short-run and long-run equilibrium and how Classical and Keynesian models differ on AD shifts.,159,Equilibrium Levels of Real National Output,,Equilibrium Levels of Real National Output,https://economicsacademy.co.uk/revision-notes/edexcel-theme-2/2-4-3-equilibrium-levels-of-real-national-output.html,yes,7,7,,645,6,0,15,BreadcrumbList;LearningResource,yes,yes,yes,yes,yes,yes,yes
revision-notes/edexcel-theme-2/2-4-4-the-multiplier.html,topic,Edexcel,Theme 2,2.4.4,The Multiplier (2.4.4) – Edexcel A-Level Economics Notes,56,"The Multiplier — Edexcel A-Level Economics (2.4.4): how the multiplier works, marginal propensities, the formula and what determines its size, with a diagram.",158,The Multiplier,,The Multiplier,https://economicsacademy.co.uk/revision-notes/edexcel-theme-2/2-4-4-the-multiplier.html,yes,9,9,,963,1,0,17,BreadcrumbList;LearningResource,yes,yes,yes,yes,yes,yes,yes
revision-notes/edexcel-theme-2/2-5-1-causes-of-growth.html,topic,Edexcel,Theme 2,2.5.1,Causes of Growth (2.5.1) – Edexcel A-Level Economics Notes,58,"Causes of Growth for Edexcel A-Level Economics (2.5.1): actual versus potential growth, short-run and long-run causes, and export-led growth, with diagrams.",156,Causes of Growth,,Causes of Growth,https://economicsacademy.co.uk/revision-notes/edexcel-theme-2/2-5-1-causes-of-growth.html,yes,8,8,,846,4,0,18,BreadcrumbList;LearningResource,yes,yes,yes,yes,yes,yes,yes
revision-notes/edexcel-theme-2/2-5-2-output-gaps.html,topic,Edexcel,Theme 2,2.5.2,Output Gaps (2.5.2) – Edexcel A-Level Economics Notes,53,"Output Gaps for Edexcel A-Level Economics (2.5.2): negative and positive output gaps, the two economic views, and why gaps are hard to measure, with diagrams.",158,Output Gaps,,Output Gaps,https://economicsacademy.co.uk/revision-notes/edexcel-theme-2/2-5-2-output-gaps.html,yes,9,9,,844,3,0,15,BreadcrumbList;LearningResource,yes,yes,yes,yes,yes,yes,yes
revision-notes/edexcel-theme-2/2-5-3-trade-cycle.html,topic,Edexcel,Theme 2,2.5.3,The Trade Cycle (2.5.3) – Edexcel A-Level Economics Notes,57,"The Trade Cycle for Edexcel A-Level Economics (2.5.3). Covers the stages of the cycle, the character of booms and recessions, and demand-side stabilisation.",156,The Trade Cycle,,The Trade Cycle,https://economicsacademy.co.uk/revision-notes/edexcel-theme-2/2-5-3-trade-cycle.html,yes,8,8,,777,1,0,15,BreadcrumbList;LearningResource,yes,yes,yes,yes,yes,yes,yes
revision-notes/edexcel-theme-2/2-5-4-the-impact-of-economic-growth.html,topic,Edexcel,Theme 2,2.5.4,The Impact of Economic Growth – Edexcel A-Level Economics,57,The Impact of Economic Growth — Edexcel A-Level Economics (2.5.4): the benefits and costs of growth and its conflict with sustainability and greater equality.,158,The Impact of Economic Growth,,The Impact of Economic Growth,https://economicsacademy.co.uk/revision-notes/edexcel-theme-2/2-5-4-the-impact-of-economic-growth.html,yes,6,6,,564,0,0,15,BreadcrumbList;LearningResource,yes,yes,yes,yes,yes,yes,yes
revision-notes/edexcel-theme-2/2-6-1-possible-macroeconomic-objectives.html,topic,Edexcel,Theme 2,2.6.1,Possible Macroeconomic Objectives – Edexcel A-Level Economics,61,"Possible Macroeconomic Objectives — Edexcel A-Level Economics (2.6.1): growth, unemployment, inflation, the current account, the fiscal balance and the environment.",164,Possible Macroeconomic Objectives,,Possible Macroeconomic Objectives,https://economicsacademy.co.uk/revision-notes/edexcel-theme-2/2-6-1-possible-macroeconomic-objectives.html,yes,10,10,,585,0,0,18,BreadcrumbList;LearningResource,yes,yes,yes,yes,yes,yes,yes
revision-notes/edexcel-theme-2/2-6-2-demand-side-policies.html,topic,Edexcel,Theme 2,2.6.2,Demand-Side Policies – Edexcel A-Level Economics Notes,54,"Demand-Side Policies for Edexcel A-Level Economics (2.6.2). Covers monetary and fiscal policy, the transmission mechanism and the government budget position.",157,Demand-Side Policies,,Demand-Side Policies,https://economicsacademy.co.uk/revision-notes/edexcel-theme-2/2-6-2-demand-side-policies.html,yes,13,13,,2110,2,0,18,BreadcrumbList;LearningResource,yes,yes,yes,yes,yes,yes,yes
revision-notes/edexcel-theme-2/2-6-3-supply-side-policies.html,topic,Edexcel,Theme 2,2.6.3,Supply-Side Policies – Edexcel A-Level Economics Notes,54,Supply-Side Policies — Edexcel A-Level Economics (2.6.3): market-based and interventionist policies and their effect on the productive potential of the economy.,160,Supply-Side Policies,,Supply-Side Policies,https://economicsacademy.co.uk/revision-notes/edexcel-theme-2/2-6-3-supply-side-policies.html,yes,7,7,,1503,2,0,19,BreadcrumbList;LearningResource,yes,yes,yes,yes,yes,yes,yes
revision-notes/edexcel-theme-2/2-6-4-conflicts-between-objectives-and-policies.html,topic,Edexcel,Theme 2,2.6.4,Conflicts Between Objectives – Edexcel A-Level Economics,56,"Conflicts Between Objectives for Edexcel A-Level Economics (2.6.4). Covers why objectives conflict, growth versus inflation, and the short-run Phillips curve.",158,Conflicts Between Objectives and Policies,,Conflicts Between Objectives and Policies,https://economicsacademy.co.uk/revision-notes/edexcel-theme-2/2-6-4-conflicts-between-objectives-and-policies.html,yes,7,7,,713,1,0,17,BreadcrumbList;LearningResource,yes,yes,yes,yes,yes,yes,yes
revision-notes/edexcel-theme-2/index.html,hub,Edexcel,Theme 2,,Edexcel Theme 2 Revision Notes | The UK Economy,47,"Theme 2 revision notes for Edexcel A-Level Economics: aggregate demand and supply, national income, economic growth and macroeconomic policy. Free.",147,Edexcel Theme 2: The UK Economy — Performance and Policies,,Edexcel Theme 2: The UK Economy — Performance and Policies,https://economicsacademy.co.uk/revision-notes/edexcel-theme-2/,yes,7,0,,289,0,0,32,BreadcrumbList;LearningResource,yes,yes,yes,yes,no,yes,no
revision-notes/edexcel-theme-3/3-1-1-sizes-types-of-firms.html,topic,Edexcel,Theme 3,3.1.1,Sizes and Types of Firms – Edexcel A-Level Economics Notes,58,"Sizes and Types of Firms — Edexcel A-Level Economics (3.1.1): why firms grow or stay small, the divorce of ownership and control, and not-for-profit organisations.",163,Sizes and Types of Firms,,Sizes and Types of Firms,https://economicsacademy.co.uk/revision-notes/edexcel-theme-3/3-1-1-sizes-types-of-firms.html,yes,8,8,,753,0,0,14,BreadcrumbList;LearningResource,yes,yes,yes,yes,yes,yes,yes
revision-notes/edexcel-theme-3/3-1-2-business-growth.html,topic,Edexcel,Theme 3,3.1.2,Business Growth (3.1.2) – Edexcel A-Level Economics Notes,57,"Business Growth for Edexcel A-Level Economics (3.1.2). Covers organic versus inorganic growth, the types of integration, and the constraints on growth.",151,Business Growth,,Business Growth,https://economicsacademy.co.uk/revision-notes/edexcel-theme-3/3-1-2-business-growth.html,yes,7,7,,654,0,0,16,BreadcrumbList;LearningResource,yes,yes,yes,yes,yes,yes,yes
revision-notes/edexcel-theme-3/3-1-3-demergers.html,topic,Edexcel,Theme 3,3.1.3,Demergers (3.1.3) – Edexcel A-Level Economics Revision Notes,60,"Demergers for Edexcel A-Level Economics (3.1.3). Covers what a demerger is, why firms break up, and the impacts on businesses, workers and consumers.",149,Demergers,,Demergers,https://economicsacademy.co.uk/revision-notes/edexcel-theme-3/3-1-3-demergers.html,yes,5,5,,567,0,0,14,BreadcrumbList;LearningResource,yes,yes,yes,yes,yes,yes,yes
revision-notes/edexcel-theme-3/3-2-1-business-objectives.html,topic,Edexcel,Theme 3,3.2.1,Business Objectives – Edexcel A-Level Economics Notes,53,"Business Objectives for Edexcel A-Level Economics (3.2.1): profit, revenue and sales maximisation, satisficing and the principal-agent problem, with diagrams.",158,Business Objectives,,Business Objectives,https://economicsacademy.co.uk/revision-notes/edexcel-theme-3/3-2-1-business-objectives.html,yes,9,9,,709,3,0,19,BreadcrumbList;LearningResource,yes,yes,yes,yes,yes,yes,yes
revision-notes/edexcel-theme-3/3-3-1-revenue.html,topic,Edexcel,Theme 3,3.3.1,Revenue (3.3.1) – Edexcel A-Level Economics Revision Notes,58,"Revenue for Edexcel A-Level Economics (3.3.1): total, average and marginal revenue and how the total revenue rule links to price elasticity, with diagrams.",155,Revenue,,Revenue,https://economicsacademy.co.uk/revision-notes/edexcel-theme-3/3-3-1-revenue.html,yes,7,7,,696,2,0,18,BreadcrumbList;LearningResource,yes,yes,yes,yes,yes,yes,yes
revision-notes/edexcel-theme-3/3-3-2-costs.html,topic,Edexcel,Theme 3,3.3.2,Costs (3.3.2) – Edexcel A-Level Economics Revision Notes,56,"Costs — Edexcel A-Level Economics (3.3.2). Covers the main cost measures, the shape of the curves, and the MC, AVC, AC and LRAC relationships, with diagrams.",157,Costs,,Costs,https://economicsacademy.co.uk/revision-notes/edexcel-theme-3/3-3-2-costs.html,yes,8,8,,969,2,0,17,BreadcrumbList;LearningResource,yes,yes,yes,yes,yes,yes,yes
revision-notes/edexcel-theme-3/3-3-3-economies-diseconomies-of-scale.html,topic,Edexcel,Theme 3,3.3.3,Economies and Diseconomies of Scale – Edexcel A-Level Economics,63,"Economies and Diseconomies of Scale — Edexcel A-Level Economics (3.3.3): the LRAC curve, internal and external economies, diseconomies and minimum efficient scale.",163,Economies and Diseconomies of Scale,,Economies and Diseconomies of Scale,https://economicsacademy.co.uk/revision-notes/edexcel-theme-3/3-3-3-economies-diseconomies-of-scale.html,yes,7,7,,1322,1,0,16,BreadcrumbList;LearningResource,yes,yes,yes,yes,yes,yes,yes
revision-notes/edexcel-theme-3/3-3-4-normal-profits-supernormal-profits-losses.html,topic,Edexcel,Theme 3,3.3.4,Profits and Losses (3.3.4) – Edexcel A-Level Economics Notes,60,"Profits and Losses for Edexcel A-Level Economics (3.3.4). Covers normal and supernormal profit, losses, the profit maximisation rule and the shut-down rules.",157,"Normal Profits, Supernormal Profits and Losses",,"Normal Profits, Supernormal Profits and Losses",https://economicsacademy.co.uk/revision-notes/edexcel-theme-3/3-3-4-normal-profits-supernormal-profits-losses.html,yes,6,6,,685,3,0,17,BreadcrumbList;LearningResource,yes,yes,yes,yes,yes,yes,yes
revision-notes/edexcel-theme-3/3-4-1-efficiency.html,topic,Edexcel,Theme 3,3.4.1,Efficiency (3.4.1) – Edexcel A-Level Economics Notes,52,"Efficiency — Edexcel A-Level Economics (3.4.1): allocative, productive and dynamic efficiency, X-inefficiency and the static-dynamic trade-off, with diagrams.",158,Efficiency,,Efficiency,https://economicsacademy.co.uk/revision-notes/edexcel-theme-3/3-4-1-efficiency.html,yes,6,6,,681,2,0,19,BreadcrumbList;LearningResource,yes,yes,yes,yes,yes,yes,yes
revision-notes/edexcel-theme-3/3-4-2-perfect-competition.html,topic,Edexcel,Theme 3,3.4.2,Perfect Competition – Edexcel A-Level Economics Notes,53,"Perfect Competition for Edexcel A-Level Economics (3.4.2). Covers the assumptions, why firms are price takers, and the adjustment to long-run equilibrium.",154,Perfect Competition,,Perfect Competition,https://economicsacademy.co.uk/revision-notes/edexcel-theme-3/3-4-2-perfect-competition.html,yes,7,7,,820,5,0,18,BreadcrumbList;LearningResource,yes,yes,yes,yes,yes,yes,yes
revision-notes/edexcel-theme-3/3-4-3-monopolistic-competition.html,topic,Edexcel,Theme 3,3.4.3,Monopolistic Competition – Edexcel A-Level Economics Notes,58,"Monopolistic Competition for Edexcel A-Level Economics (3.4.3). Covers product differentiation, the move to long-run normal profit, and non-price competition.",158,Monopolistic Competition,,Monopolistic Competition,https://economicsacademy.co.uk/revision-notes/edexcel-theme-3/3-4-3-monopolistic-competition.html,yes,10,10,,962,2,0,20,BreadcrumbList;LearningResource,yes,yes,yes,yes,yes,yes,yes
revision-notes/edexcel-theme-3/3-4-4-oligopoly.html,topic,Edexcel,Theme 3,3.4.4,Oligopoly (3.4.4) – Edexcel A-Level Economics Revision Notes,60,"Oligopoly for Edexcel A-Level Economics (3.4.4): concentration ratios, interdependence, the kinked demand curve, collusion and game theory, with diagrams.",154,Oligopoly,,Oligopoly,https://economicsacademy.co.uk/revision-notes/edexcel-theme-3/3-4-4-oligopoly.html,yes,8,8,,1485,3,0,20,BreadcrumbList;LearningResource,yes,yes,yes,yes,yes,yes,yes
revision-notes/edexcel-theme-3/3-4-5-monopoly.html,topic,Edexcel,Theme 3,3.4.5,Monopoly (3.4.5) – Edexcel A-Level Economics Revision Notes,59,"Monopoly — Edexcel A-Level Economics (3.4.5). Covers profit maximisation, third-degree price discrimination, welfare loss and natural monopoly, with diagrams.",158,Monopoly,,Monopoly,https://economicsacademy.co.uk/revision-notes/edexcel-theme-3/3-4-5-monopoly.html,yes,8,8,,1263,3,0,21,BreadcrumbList;LearningResource,yes,yes,yes,yes,yes,yes,yes
revision-notes/edexcel-theme-3/3-4-6-monopsony.html,topic,Edexcel,Theme 3,3.4.6,Monopsony (3.4.6) – Edexcel A-Level Economics Revision Notes,60,"Monopsony for Edexcel A-Level Economics (3.4.6). Covers what a monopsony is, and the costs and benefits of buyer power for consumers and suppliers.",147,Monopsony,,Monopsony,https://economicsacademy.co.uk/revision-notes/edexcel-theme-3/3-4-6-monopsony.html,yes,6,6,,558,0,0,19,BreadcrumbList;LearningResource,yes,yes,yes,yes,yes,yes,yes
revision-notes/edexcel-theme-3/3-4-7-contestability.html,topic,Edexcel,Theme 3,3.4.7,Contestability (3.4.7) – Edexcel A-Level Economics Notes,56,"Contestability for Edexcel A-Level Economics (3.4.7). Covers contestability versus competition, hit-and-run entry, and the role of sunk costs, with a diagram.",158,Contestability,,Contestability,https://economicsacademy.co.uk/revision-notes/edexcel-theme-3/3-4-7-contestability.html,yes,8,8,,797,1,0,19,BreadcrumbList;LearningResource,yes,yes,yes,yes,yes,yes,yes
revision-notes/edexcel-theme-3/3-5-1-demand-for-labour.html,topic,Edexcel,Theme 3,3.5.1,Demand for Labour (3.5.1) – Edexcel A-Level Economics Notes,59,"Demand for Labour for Edexcel A-Level Economics (3.5.1). Covers derived demand, marginal revenue product theory, shifts in labour demand and wage elasticity.",157,Demand for Labour,,Demand for Labour,https://economicsacademy.co.uk/revision-notes/edexcel-theme-3/3-5-1-demand-for-labour.html,yes,7,7,,802,1,0,16,BreadcrumbList;LearningResource,yes,yes,yes,yes,yes,yes,yes
revision-notes/edexcel-theme-3/3-5-2-supply-of-labour.html,topic,Edexcel,Theme 3,3.5.2,Supply of Labour (3.5.2) – Edexcel A-Level Economics Notes,58,"Supply of Labour for Edexcel A-Level Economics (3.5.2). Covers the shape of the supply curve, geographical and occupational immobility, and mobility policy.",156,Supply of Labour,,Supply of Labour,https://economicsacademy.co.uk/revision-notes/edexcel-theme-3/3-5-2-supply-of-labour.html,yes,7,7,,947,1,0,18,BreadcrumbList;LearningResource,yes,yes,yes,yes,yes,yes,yes
revision-notes/edexcel-theme-3/3-5-3-wage-determination.html,topic,Edexcel,Theme 3,3.5.3,Wage Determination (3.5.3) – Edexcel A-Level Economics Notes,60,Wage Determination for Edexcel A-Level Economics (3.5.3). Covers wage setting in competitive and monopsony markets and the impact of a national minimum wage.,157,Wage Determination,,Wage Determination,https://economicsacademy.co.uk/revision-notes/edexcel-theme-3/3-5-3-wage-determination.html,yes,9,9,,1489,4,0,18,BreadcrumbList;LearningResource,yes,yes,yes,yes,yes,yes,yes
revision-notes/edexcel-theme-3/3-6-1-government-intervention.html,topic,Edexcel,Theme 3,3.6.1,Government Intervention – Edexcel A-Level Economics Notes,57,"Government Intervention for Edexcel A-Level Economics (3.6.1). Covers how the CMA controls monopoly power, promotes contestability and protects suppliers.",154,Government Intervention,,Government Intervention,https://economicsacademy.co.uk/revision-notes/edexcel-theme-3/3-6-1-government-intervention.html,yes,6,6,,1102,1,0,19,BreadcrumbList;LearningResource,yes,yes,yes,yes,yes,yes,yes
revision-notes/edexcel-theme-3/3-6-2-the-impact-of-government-intervention.html,topic,Edexcel,Theme 3,3.6.2,The Impact of Government Intervention – Edexcel A-Level Economics,65,"The Impact of Government Intervention — Edexcel A-Level Economics (3.6.2): the intended outcomes of intervention, why it fails, and risks such as regulatory capture.",165,The Impact of Government Intervention,,The Impact of Government Intervention,https://economicsacademy.co.uk/revision-notes/edexcel-theme-3/3-6-2-the-impact-of-government-intervention.html,yes,5,5,,558,0,0,19,BreadcrumbList;LearningResource,yes,yes,yes,yes,yes,yes,yes
revision-notes/edexcel-theme-3/index.html,hub,Edexcel,Theme 3,,Edexcel Theme 3 Revision Notes | Business & Labour Market,57,"Theme 3 revision notes for Edexcel A-Level Economics: business growth and objectives, costs, market structures and the labour market. Free, on every topic.",155,Edexcel Theme 3: Business Behaviour and the Labour Market,,Edexcel Theme 3: Business Behaviour and the Labour Market,https://economicsacademy.co.uk/revision-notes/edexcel-theme-3/,yes,7,0,,268,0,0,28,BreadcrumbList;LearningResource,yes,yes,yes,yes,no,yes,no
revision-notes/edexcel-theme-4/4-1-1-globalisation.html,topic,Edexcel,Theme 4,4.1.1,Globalisation (4.1.1) – Edexcel A-Level Economics Notes,55,"Globalisation for Edexcel A-Level Economics (4.1.1). Covers the drivers of globalisation and its effects on consumers, workers, firms and the environment.",154,Globalisation,,Globalisation,https://economicsacademy.co.uk/revision-notes/edexcel-theme-4/4-1-1-globalisation.html,yes,10,10,,1154,0,0,17,BreadcrumbList;LearningResource,yes,yes,yes,yes,yes,yes,yes
revision-notes/edexcel-theme-4/4-1-2-specialisation-trade.html,topic,Edexcel,Theme 4,4.1.2,Specialisation and Trade – Edexcel A-Level Economics Notes,58,"Specialisation and Trade for Edexcel A-Level Economics (4.1.2): absolute versus comparative advantage, opportunity cost, and the gains from trade on PPFs.",154,Specialisation and Trade,,Specialisation and Trade,https://economicsacademy.co.uk/revision-notes/edexcel-theme-4/4-1-2-specialisation-trade.html,yes,7,7,,1013,1,0,19,BreadcrumbList;LearningResource,yes,yes,yes,yes,yes,yes,yes
revision-notes/edexcel-theme-4/4-1-3-pattern-of-trade.html,topic,Edexcel,Theme 4,4.1.3,Pattern of Trade (4.1.3) – Edexcel A-Level Economics Notes,58,"Pattern of Trade — Edexcel A-Level Economics (4.1.3). Covers what shapes the pattern of trade, emerging economies, and the effects on industries and workers.",157,Pattern of Trade,,Pattern of Trade,https://economicsacademy.co.uk/revision-notes/edexcel-theme-4/4-1-3-pattern-of-trade.html,yes,5,5,,493,0,0,17,BreadcrumbList;LearningResource,yes,yes,yes,yes,yes,yes,yes
revision-notes/edexcel-theme-4/4-1-4-terms-of-trade.html,topic,Edexcel,Theme 4,4.1.4,Terms of Trade (4.1.4) – Edexcel A-Level Economics Notes,56,Terms of Trade for Edexcel A-Level Economics (4.1.4). Covers how the terms of trade are calculated and their effect on export revenue and living standards.,155,Terms of Trade,,Terms of Trade,https://economicsacademy.co.uk/revision-notes/edexcel-theme-4/4-1-4-terms-of-trade.html,yes,6,6,,766,0,0,17,BreadcrumbList;LearningResource,yes,yes,yes,yes,yes,yes,yes
revision-notes/edexcel-theme-4/4-1-5-trading-blocs-and-the-world-trade-organisation.html,topic,Edexcel,Theme 4,4.1.5,Trading Blocs and the WTO – Edexcel A-Level Economics Notes,59,"Trading Blocs and the WTO for Edexcel A-Level Economics (4.1.5): free trade areas, customs and monetary unions, trade creation and diversion, and the WTO.",154,Trading Blocs and the World Trade Organisation,,Trading Blocs and the World Trade Organisation,https://economicsacademy.co.uk/revision-notes/edexcel-theme-4/4-1-5-trading-blocs-and-the-world-trade-organisation.html,yes,7,7,,747,0,0,18,BreadcrumbList;LearningResource,yes,yes,yes,yes,yes,yes,yes
revision-notes/edexcel-theme-4/4-1-6-restrictions-on-free-trade.html,topic,Edexcel,Theme 4,4.1.6,Restrictions on Free Trade – Edexcel A-Level Economics Notes,60,"Restrictions on Free Trade for Edexcel A-Level Economics (4.1.6): tariffs, quotas, subsidies and non-tariff barriers, and the case for and against protection.",158,Restrictions on Free Trade,,Restrictions on Free Trade,https://economicsacademy.co.uk/revision-notes/edexcel-theme-4/4-1-6-restrictions-on-free-trade.html,yes,6,6,,775,1,0,18,BreadcrumbList;LearningResource,yes,yes,yes,yes,yes,yes,yes
revision-notes/edexcel-theme-4/4-1-7-balance-of-payments.html,topic,Edexcel,Theme 4,4.1.7,Balance of Payments (4.1.7) – Edexcel A-Level Economics Notes,61,"Balance of Payments for Edexcel A-Level Economics (4.1.7). Covers the three accounts, current account deficits and surpluses, and policies to correct them.",155,Balance of Payments,,Balance of Payments,https://economicsacademy.co.uk/revision-notes/edexcel-theme-4/4-1-7-balance-of-payments.html,yes,9,9,,1125,0,0,19,BreadcrumbList;LearningResource,yes,yes,yes,yes,yes,yes,yes
revision-notes/edexcel-theme-4/4-1-8-exchange-rates.html,topic,Edexcel,Theme 4,4.1.8,Exchange Rates (4.1.8) – Edexcel A-Level Economics Notes,56,"Exchange Rates — Edexcel A-Level Economics (4.1.8). Covers floating, fixed and managed systems, appreciation and depreciation, and the J-curve, with diagrams.",158,Exchange Rates,,Exchange Rates,https://economicsacademy.co.uk/revision-notes/edexcel-theme-4/4-1-8-exchange-rates.html,yes,8,8,,1274,2,0,18,BreadcrumbList;LearningResource,yes,yes,yes,yes,yes,yes,yes
revision-notes/edexcel-theme-4/4-1-9-international-competitiveness.html,topic,Edexcel,Theme 4,4.1.9,International Competitiveness – Edexcel A-Level Economics,57,"International Competitiveness — Edexcel A-Level Economics (4.1.9): how competitiveness is measured, unit labour costs, and its significance for exports and growth.",163,International Competitiveness,,International Competitiveness,https://economicsacademy.co.uk/revision-notes/edexcel-theme-4/4-1-9-international-competitiveness.html,yes,6,6,,646,0,0,16,BreadcrumbList;LearningResource,yes,yes,yes,yes,yes,yes,yes
revision-notes/edexcel-theme-4/4-2-1-absolute-relative-poverty.html,topic,Edexcel,Theme 4,4.2.1,Absolute and Relative Poverty – Edexcel A-Level Economics,57,"Absolute and Relative Poverty for Edexcel A-Level Economics (4.2.1): the difference between the two measures, what changes poverty, and the link with growth.",157,Absolute and Relative Poverty,,Absolute and Relative Poverty,https://economicsacademy.co.uk/revision-notes/edexcel-theme-4/4-2-1-absolute-relative-poverty.html,yes,5,5,,473,0,0,17,BreadcrumbList;LearningResource,yes,yes,yes,yes,yes,yes,yes
revision-notes/edexcel-theme-4/4-2-2-inequality.html,topic,Edexcel,Theme 4,4.2.2,Inequality (4.2.2) – Edexcel A-Level Economics Notes,52,"Inequality for Edexcel A-Level Economics (4.2.2). Covers the Lorenz curve and Gini coefficient, the causes of inequality and the Kuznets curve, with diagrams.",158,Inequality,,Inequality,https://economicsacademy.co.uk/revision-notes/edexcel-theme-4/4-2-2-inequality.html,yes,9,9,,1122,2,0,18,BreadcrumbList;LearningResource,yes,yes,yes,yes,yes,yes,yes
revision-notes/edexcel-theme-4/4-3-1-measures-of-development.html,topic,Edexcel,Theme 4,4.3.1,Measures of Development – Edexcel A-Level Economics Notes,57,"Measures of Development for Edexcel A-Level Economics (4.3.1). Covers growth versus development, single and composite indicators, HDI, and the IHDI and MPI.",156,Measures of Development,,Measures of Development,https://economicsacademy.co.uk/revision-notes/edexcel-theme-4/4-3-1-measures-of-development.html,yes,6,6,,675,0,0,13,BreadcrumbList;LearningResource,yes,yes,yes,yes,yes,yes,yes
revision-notes/edexcel-theme-4/4-3-2-factors-influencing-growth-development.html,topic,Edexcel,Theme 4,4.3.2,Influences on Development – Edexcel A-Level Economics Notes,59,"Influences on Development for Edexcel A-Level Economics (4.3.2): the economic and non-economic factors behind development, with key definitions for the exam.",157,Factors Influencing Growth and Development,,Factors Influencing Growth and Development,https://economicsacademy.co.uk/revision-notes/edexcel-theme-4/4-3-2-factors-influencing-growth-development.html,yes,5,5,,966,0,0,17,BreadcrumbList;LearningResource,yes,yes,yes,yes,yes,yes,yes
revision-notes/edexcel-theme-4/4-3-3-strategies-influencing-growth-development.html,topic,Edexcel,Theme 4,4.3.3,Strategies for Development – Edexcel A-Level Economics Notes,60,"Strategies for Development — Edexcel A-Level Economics (4.3.3). Covers market-orientated and interventionist strategies, aid, and international institutions.",157,Strategies Influencing Growth and Development,,Strategies Influencing Growth and Development,https://economicsacademy.co.uk/revision-notes/edexcel-theme-4/4-3-3-strategies-influencing-growth-development.html,yes,7,7,,1540,1,0,16,BreadcrumbList;LearningResource,yes,yes,yes,yes,yes,yes,yes
revision-notes/edexcel-theme-4/4-4-1-role-of-financial-markets.html,topic,Edexcel,Theme 4,4.4.1,Role of Financial Markets – Edexcel A-Level Economics Notes,59,"Role of Financial Markets for Edexcel A-Level Economics (4.4.1). Covers the functions of financial markets, capital allocation and the case for regulation.",155,Role of Financial Markets,,Role of Financial Markets,https://economicsacademy.co.uk/revision-notes/edexcel-theme-4/4-4-1-role-of-financial-markets.html,yes,4,4,,487,0,0,15,BreadcrumbList;LearningResource,yes,yes,yes,yes,yes,yes,yes
revision-notes/edexcel-theme-4/4-4-2-market-failure-in-the-financial-sector.html,topic,Edexcel,Theme 4,4.4.2,Financial Market Failure – Edexcel A-Level Economics Notes,58,"Financial Market Failure for Edexcel A-Level Economics (4.4.2). Covers systemic risk, moral hazard, speculation, and the consequences for the wider economy.",156,Market Failure in the Financial Sector,,Market Failure in the Financial Sector,https://economicsacademy.co.uk/revision-notes/edexcel-theme-4/4-4-2-market-failure-in-the-financial-sector.html,yes,5,5,,744,0,0,19,BreadcrumbList;LearningResource,yes,yes,yes,yes,yes,yes,yes
revision-notes/edexcel-theme-4/4-4-3-role-of-central-banks.html,topic,Edexcel,Theme 4,4.4.3,Role of Central Banks – Edexcel A-Level Economics Notes,55,"Role of Central Banks for Edexcel A-Level Economics (4.4.3). Covers the functions of a central bank, financial stability, and the limits of its policy tools.",157,Role of Central Banks,,Role of Central Banks,https://economicsacademy.co.uk/revision-notes/edexcel-theme-4/4-4-3-role-of-central-banks.html,yes,4,4,,649,0,0,15,BreadcrumbList;LearningResource,yes,yes,yes,yes,yes,yes,yes
revision-notes/edexcel-theme-4/4-5-1-public-expenditure.html,topic,Edexcel,Theme 4,4.5.1,Public Expenditure (4.5.1) – Edexcel A-Level Economics Notes,60,"Public Expenditure for Edexcel A-Level Economics (4.5.1). Covers current, capital and transfer spending and why its size and composition change over time.",154,Public Expenditure,,Public Expenditure,https://economicsacademy.co.uk/revision-notes/edexcel-theme-4/4-5-1-public-expenditure.html,yes,6,6,,606,0,0,15,BreadcrumbList;LearningResource,yes,yes,yes,yes,yes,yes,yes
revision-notes/edexcel-theme-4/4-5-2-taxation.html,topic,Edexcel,Theme 4,4.5.2,Taxation (4.5.2) – Edexcel A-Level Economics Revision Notes,59,"Taxation — Edexcel A-Level Economics (4.5.2): progressive, proportional and regressive taxes, direct and indirect taxes, and the Laffer curve, with a diagram.",158,Taxation,,Taxation,https://economicsacademy.co.uk/revision-notes/edexcel-theme-4/4-5-2-taxation.html,yes,6,6,,893,1,0,15,BreadcrumbList;LearningResource,yes,yes,yes,yes,yes,yes,yes
revision-notes/edexcel-theme-4/4-5-3-public-sector-finances.html,topic,Edexcel,Theme 4,4.5.3,Public Sector Finances – Edexcel A-Level Economics Notes,56,"Public Sector Finances for Edexcel A-Level Economics (4.5.3). Covers fiscal deficits versus national debt, automatic stabilisers, and structural deficits.",154,Public Sector Finances,,Public Sector Finances,https://economicsacademy.co.uk/revision-notes/edexcel-theme-4/4-5-3-public-sector-finances.html,yes,6,6,,758,0,0,14,BreadcrumbList;LearningResource,yes,yes,yes,yes,yes,yes,yes
revision-notes/edexcel-theme-4/4-5-4-macroeconomic-policies-in-a-global-context.html,topic,Edexcel,Theme 4,4.5.4,Global Macroeconomic Policy – Edexcel A-Level Economics,55,Global Macroeconomic Policy — Edexcel A-Level Economics (4.5.4): how globalisation constrains national policy and the difficulty of controlling global firms.,157,Macroeconomic Policies in a Global Context,,Macroeconomic Policies in a Global Context,https://economicsacademy.co.uk/revision-notes/edexcel-theme-4/4-5-4-macroeconomic-policies-in-a-global-context.html,yes,7,7,,1180,0,0,18,BreadcrumbList;LearningResource,yes,yes,yes,yes,yes,yes,yes
revision-notes/edexcel-theme-4/index.html,hub,Edexcel,Theme 4,,Edexcel Theme 4 Revision Notes | A Global Perspective,53,"Theme 4 revision notes for Edexcel A-Level Economics: international economics, poverty and inequality, emerging economies and the role of the state. Free.",154,Edexcel Theme 4: A Global Perspective,,Edexcel Theme 4: A Global Perspective,https://economicsacademy.co.uk/revision-notes/edexcel-theme-4/,yes,6,0,,284,0,0,29,BreadcrumbList;LearningResource,yes,yes,yes,yes,no,yes,no
revision-notes/index.html,section-index,,,,A-Level Economics Revision Notes | Free Edexcel & AQA Resources,63,"Free A-Level Economics revision notes for Edexcel (Themes 1–4) and AQA (Microeconomics and Macroeconomics). Every specification topic covered, with key definitions, analysis, and exam tips — written by an expert tutor.",218,Free A-Level Economics Revision Notes,,Free A-Level Economics Revision Notes,https://economicsacademy.co.uk/revision-notes/,yes,3,0,,269,0,0,23,BreadcrumbList;CollectionPage,no,no,no,yes,no,no,no
revision-notes/macro-application/index.html,hub,,Macro application,,Macroeconomic Application | A-Level Economics Revision Notes,60,"Real-world UK and South Africa macroeconomic data for A-Level Economics. Application points on growth, inflation, unemployment, trade, inequality and policy.",157,Macroeconomic Application,,Macroeconomic Application,https://economicsacademy.co.uk/revision-notes/macro-application/,yes,3,0,,9344,0,0,6,BreadcrumbList;LearningResource,no,no,no,yes,yes,yes,yes
revision-notes/macroeconomics-diagrams.html,gallery,,,,Edexcel A-Level Economics Macroeconomics Diagrams,49,"Free Edexcel A-Level Economics revision notes: every macroeconomics diagram used across Themes 2 and 4, each with a short explanation and an exam prompt.",153,Macroeconomics Diagrams,,Macroeconomics Diagrams,https://economicsacademy.co.uk/revision-notes/macroeconomics-diagrams.html,yes,8,0,,2285,34,0,40,BreadcrumbList;LearningResource,no,no,no,yes,yes,yes,yes
revision-notes/microeconomics-diagrams.html,gallery,,,,Edexcel A-Level Economics Microeconomics Diagrams,49,"Free Edexcel A-Level Economics revision notes: every microeconomics diagram used across Themes 1 and 3, each with a short explanation and an exam prompt.",153,Microeconomics Diagrams,,Microeconomics Diagrams,https://economicsacademy.co.uk/revision-notes/microeconomics-diagrams.html,yes,10,0,,3705,55,0,61,BreadcrumbList;LearningResource,no,no,no,yes,yes,yes,yes
