path,board,spec_code,topic,current_title,proposed_title,title_len,current_description,proposed_description,desc_len,canonical,flags
revision-notes/aqa-a2-macro/2-1-1-the-objectives-of-government-economic-policy.html,AQA,2.1.1,The Objectives of Government Economic Policy,2.1.1 The Objectives of Government Economic Policy | AQA A-Level Economics Revision Notes | Economics Academy,AQA A-Level Economics 2.1.1 Government Policy Objectives,56,"Free AQA A-Level Economics revision notes on The Objectives of Government Economic Policy - learn about economic growth, low unemployment, low and stable inflation, balance of payments equilibrium, a balanced government budget, greater income equality, and environmental protection.","Free AQA A-Level Economics revision notes for unit 2.1.1. Covers growth, unemployment, inflation, the current account, the budget balance and income equality.",158,https://economicsacademy.co.uk/revision-notes/aqa-a2-macro/2-1-1-the-objectives-of-government-economic-policy.html,topic shortened for title only; h1 unchanged
revision-notes/aqa-a2-macro/2-1-2-macroeconomic-indicators.html,AQA,2.1.2,Macroeconomic Indicators,2.1.2 Macroeconomic Indicators | AQA A-Level Economics Revision Notes | Economics Academy,AQA A-Level Economics 2.1.2 Macroeconomic Indicators,52,"Free AQA A-Level Economics revision notes on Macroeconomic Indicators - learn about GDP, CPI, RPI, unemployment, productivity and balance of payments on current account.","Revision notes for AQA A-Level Economics 2.1.2. Covers GDP and real GDP per capita, CPI and RPI, unemployment measures, productivity and the current account.",157,https://economicsacademy.co.uk/revision-notes/aqa-a2-macro/2-1-2-macroeconomic-indicators.html,
revision-notes/aqa-a2-macro/2-1-3-uses-of-index-numbers.html,AQA,2.1.3,Uses of Index Numbers,2.1.3 Uses of Index Numbers | AQA A-Level Economics Revision Notes | Economics Academy,AQA A-Level Economics 2.1.3 Uses of Index Numbers,49,"Free AQA A-Level Economics revision notes on Uses of Index Numbers - learn how index numbers are calculated and interpreted, including the base year and the use of weights.","Free AQA A-Level Economics revision notes for unit 2.1.3. Covers base years and weighting, and how CPI and the inflation rate are calculated step by step.",154,https://economicsacademy.co.uk/revision-notes/aqa-a2-macro/2-1-3-uses-of-index-numbers.html,
revision-notes/aqa-a2-macro/2-1-4-uses-of-national-income-data.html,AQA,2.1.4,Uses of National Income Data,2.1.4 Uses of National Income Data | AQA A-Level Economics Revision Notes | Economics Academy,AQA A-Level Economics 2.1.4 Uses of National Income Data,56,Free AQA A-Level Economics revision notes on Uses of National Income Data.,"Free AQA A-Level Economics revision notes (2.1.4). Covers the three measurement methods, comparing living standards over time, and purchasing power parity.",155,https://economicsacademy.co.uk/revision-notes/aqa-a2-macro/2-1-4-uses-of-national-income-data.html,
revision-notes/aqa-a2-macro/2-2-1-the-circular-flow-of-income.html,AQA,2.2.1,The Circular Flow of Income,2.2.1 The Circular Flow of Income | AQA A-Level Economics Revision Notes | Economics Academy,AQA A-Level Economics 2.2.1 The Circular Flow of Income,55,"Free AQA A-Level Economics revision notes on The Circular Flow of Income - learn about the circular flow of income, injections and withdrawals, and national income concepts.","Free AQA A-Level Economics revision notes (2.2.1). Covers the circular flow, injections and withdrawals, equilibrium income, and nominal versus real income.",156,https://economicsacademy.co.uk/revision-notes/aqa-a2-macro/2-2-1-the-circular-flow-of-income.html,
revision-notes/aqa-a2-macro/2-2-2-aggregate-demand-and-aggregate-supply-analysis.html,AQA,2.2.2,Aggregate Demand and Aggregate Supply Analysis,2.2.2 Aggregate Demand and Aggregate Supply Analysis | AQA A-Level Economics Revision Notes | Economics Academy,AQA A-Level Economics 2.2.2 AD and AS Analysis,46,"Free AQA A-Level Economics revision notes on Aggregate Demand and Aggregate Supply Analysis - learn about the components of AD, the AD curve, SRAS and LRAS, and the factors that influence them.","AQA A-Level Economics 2.2.2 revision notes. Covers the components of AD, movements versus shifts, and the determinants of both SRAS and LRAS. With diagrams.",156,https://economicsacademy.co.uk/revision-notes/aqa-a2-macro/2-2-2-aggregate-demand-and-aggregate-supply-analysis.html,topic shortened for title only; h1 unchanged
revision-notes/aqa-a2-macro/2-2-3-the-determinants-of-aggregate-demand.html,AQA,2.2.3,The Determinants of Aggregate Demand,2.2.3 The Determinants of Aggregate Demand | AQA A-Level Economics Revision Notes | Economics Academy,AQA A-Level Economics 2.2.3 Determinants of Aggregate Demand,60,"Free AQA A-Level Economics revision notes on The Determinants of Aggregate Demand - learn about the components of AD, the determinants of AD, and the accelerator effect.","Revision notes for AQA A-Level Economics 2.2.3. Covers consumption, investment, government spending and the accelerator effect. Includes evaluation points.",155,https://economicsacademy.co.uk/revision-notes/aqa-a2-macro/2-2-3-the-determinants-of-aggregate-demand.html,topic shortened for title only; h1 unchanged
revision-notes/aqa-a2-macro/2-2-4-aggregate-demand-and-the-level-of-economic-activity.html,AQA,2.2.4,Aggregate Demand and the Level of Economic Activity,2.2.4 Aggregate Demand and the Level of Economic Activity | AQA A-Level Economics Revision Notes | Economics Academy,AQA A-Level Economics 2.2.4 AD and the Multiplier,49,"Free AQA A-Level Economics revision notes on Aggregate Demand and the Level of Economic Activity - learn about the multiplier, how it works, and its effect on aggregate demand.","AQA A-Level Economics 2.2.4 revision notes. Covers the multiplier process, marginal propensities, the formula, and what determines its size. With diagrams.",155,https://economicsacademy.co.uk/revision-notes/aqa-a2-macro/2-2-4-aggregate-demand-and-the-level-of-economic-activity.html,topic shortened for title only; h1 unchanged
revision-notes/aqa-a2-macro/2-2-5-determinants-of-short-run-aggregate-supply.html,AQA,2.2.5,Determinants of Short-Run Aggregate Supply,2.2.5 Determinants of Short-Run Aggregate Supply | AQA A-Level Economics Revision Notes | Economics Academy,AQA A-Level Economics 2.2.5 Determinants of SRAS,48,"Free AQA A-Level Economics revision notes on Determinants of Short-Run Aggregate Supply - learn about the factors that influence short-run aggregate supply, including production costs, labour costs, exchange rates, and supply shocks.","AQA A-Level Economics 2.2.5 revision notes. Covers why SRAS slopes upward and how production costs, wages and exchange rates shift it. With comparison tables.",158,https://economicsacademy.co.uk/revision-notes/aqa-a2-macro/2-2-5-determinants-of-short-run-aggregate-supply.html,topic shortened for title only; h1 unchanged
revision-notes/aqa-a2-macro/2-2-6-determinants-of-long-run-aggregate-supply.html,AQA,2.2.6,Determinants of Long-Run Aggregate Supply,2.2.6 Determinants of Long-Run Aggregate Supply | AQA A-Level Economics Revision Notes | Economics Academy,AQA A-Level Economics 2.2.6 Determinants of LRAS,48,"Free AQA A-Level Economics revision notes on Determinants of Long-Run Aggregate Supply - learn about the factors that influence long-run aggregate supply, including technological advances, changes in education and skills, productivity, demographic changes, capital stock, competition policy, and institutional improvements.",AQA A-Level Economics 2.2.6 revision notes. Covers the Classical and Keynesian views of LRAS and the factors that shift productive potential. With diagrams.,156,https://economicsacademy.co.uk/revision-notes/aqa-a2-macro/2-2-6-determinants-of-long-run-aggregate-supply.html,topic shortened for title only; h1 unchanged
revision-notes/aqa-a2-macro/2-3-1-economic-growth-and-the-economic-cycle.html,AQA,2.3.1,Economic Growth and the Economic Cycle,2.3.1 Economic Growth and the Economic Cycle | AQA A-Level Economics Revision Notes | Economics Academy,AQA A-Level Economics 2.3.1 Economic Growth and the Cycle,57,"Free AQA A-Level Economics revision notes on Economic Growth and the Economic Cycle - learn about short-run and long-run growth, the economic cycle, output gaps, and the role of government in stabilising the economy.","Free AQA A-Level Economics revision notes (2.3.1). Covers short-run versus long-run growth, the phases of the cycle, output gaps and the costs of growth.",153,https://economicsacademy.co.uk/revision-notes/aqa-a2-macro/2-3-1-economic-growth-and-the-economic-cycle.html,topic shortened for title only; h1 unchanged
revision-notes/aqa-a2-macro/2-3-2-employment-and-unemployment.html,AQA,2.3.2,Employment and Unemployment,2.3.2 Employment and Unemployment | AQA A-Level Economics Revision Notes | Economics Academy,AQA A-Level Economics 2.3.2 Employment and Unemployment,55,"Free AQA A-Level Economics revision notes on Employment and Unemployment- learn about definitions, measurement methods, types and causes of unemployment, underemployment, and the impact of migration on the labour market.","Free AQA A-Level Economics revision notes for unit 2.3.2. Covers the Labour Force Survey and Claimant Count, types of unemployment and the natural rate.",152,https://economicsacademy.co.uk/revision-notes/aqa-a2-macro/2-3-2-employment-and-unemployment.html,
revision-notes/aqa-a2-macro/2-3-3-inflation-and-deflation.html,AQA,2.3.3,Inflation and Deflation,2.3.3 Inflation and Deflation | AQA A-Level Economics Revision Notes | Economics Academy,AQA A-Level Economics 2.3.3 Inflation and Deflation,51,"Free AQA A-Level Economics revision notes on Inflation and Deflation - learn about the causes, effects, and measurement of inflation and deflation in the UK economy.","Free AQA A-Level Economics revision notes (2.3.3). Covers inflation, deflation and disinflation, CPI limits, demand-pull and cost-push causes. With diagrams.",157,https://economicsacademy.co.uk/revision-notes/aqa-a2-macro/2-3-3-inflation-and-deflation.html,
revision-notes/aqa-a2-macro/2-3-4-possible-conflicts-between-macroeconomic-policy-objectives.html,AQA,2.3.4,Possible Conflicts between Macroeconomic Policy Objectives,2.3.4 Possible Conflicts between Macroeconomic Policy Objectives | AQA A-Level Economics Revision Notes | Economics Academy,AQA A-Level Economics 2.3.4 Macroeconomic Policy Conflicts,58,"Free AQA A-Level Economics revision notes on Possible Conflicts between Macroeconomic Policy Objectives - learn about trade-offs between objectives, the short-run Phillips Curve, and policy conflicts.","AQA A-Level Economics 2.3.4 revision notes. Covers the key trade-offs, the short-run and long-run Phillips curves, and reconciling conflicts. With diagrams.",156,https://economicsacademy.co.uk/revision-notes/aqa-a2-macro/2-3-4-possible-conflicts-between-macroeconomic-policy-objectives.html,topic shortened for title only; h1 unchanged
revision-notes/aqa-a2-macro/2-4-1-the-structure-of-financial-markets-and-financial-assets.html,AQA,2.4.1,The Structure of Financial Markets and Financial Assets,2.4.1 The Structure of Financial Markets and Financial Assets | AQA A-Level Economics Revision Notes | Economics Academy,AQA A-Level Economics 2.4.1 Financial Markets and Assets,56,"Free AQA A-Level Economics revision notes on The Structure of Financial Markets and Financial Assets - learn about the functions and characteristics of money, the money supply, financial markets, debt and equity, and bonds.","Free AQA A-Level Economics revision notes (2.4.1). Covers the functions of money, narrow and broad money, money and capital markets, debt, equity and bonds.",156,https://economicsacademy.co.uk/revision-notes/aqa-a2-macro/2-4-1-the-structure-of-financial-markets-and-financial-assets.html,topic shortened for title only; h1 unchanged
revision-notes/aqa-a2-macro/2-4-2-commercial-banks-and-investment-banks.html,AQA,2.4.2,Commercial Banks and Investment Banks,2.4.2 Commercial Banks and Investment Banks | AQA A-Level Economics Revision Notes | Economics Academy,AQA A-Level Economics 2.4.2 Commercial and Investment Banks,59,"Free AQA A-Level Economics revision notes on Commercial Banks and Investment Banks - learn the difference between commercial and investment banks, the main functions of a commercial bank, the structure of a commercial bank's balance sheet, and the objectives of a commercial bank.","Free AQA A-Level Economics revision notes (2.4.2). Covers the commercial and investment bank distinction, the balance sheet, objectives and credit creation.",156,https://economicsacademy.co.uk/revision-notes/aqa-a2-macro/2-4-2-commercial-banks-and-investment-banks.html,topic shortened for title only; h1 unchanged
revision-notes/aqa-a2-macro/2-4-3-central-banks-and-monetary-policy.html,AQA,2.4.3,Central Banks and Monetary Policy,2.4.3 Central Banks and Monetary Policy | AQA A-Level Economics Revision Notes | Economics Academy,"AQA A-Level Economics 2.4.3 Central Banks, Monetary Policy",58,"Free AQA A-Level Economics revision notes on Central Banks and Monetary Policy - learn about the functions of a central bank, the objectives of monetary policy and how it is implemented, and how the monetary policy transmission mechanism works.","Free AQA A-Level Economics revision notes (2.4.3). Covers central bank functions, monetary policy tools, quantitative easing and the transmission mechanism.",156,https://economicsacademy.co.uk/revision-notes/aqa-a2-macro/2-4-3-central-banks-and-monetary-policy.html,topic shortened for title only; h1 unchanged
revision-notes/aqa-a2-macro/2-4-4-the-regulation-of-the-financial-system.html,AQA,2.4.4,The Regulation of the Financial System,2.4.4 The Regulation of the Financial System | AQA A-Level Economics Revision Notes | Economics Academy,AQA A-Level Economics 2.4.4 Regulating the Financial System,59,"Free AQA A-Level Economics revision notes on The Regulation of the Financial System - learn about the role of the Bank of England, the Prudential Regulation Authority (PRA), the Financial Policy Committee (FPC), and the Financial Conduct Authority (FCA).","Free AQA A-Level Economics revision notes for unit 2.4.4. Covers the Bank of England, PRA, FPC and FCA, liquidity and capital ratios, and systemic risk.",152,https://economicsacademy.co.uk/revision-notes/aqa-a2-macro/2-4-4-the-regulation-of-the-financial-system.html,topic shortened for title only; h1 unchanged
revision-notes/aqa-a2-macro/2-5-1-fiscal-policy.html,AQA,2.5.1,Fiscal Policy,2.5.1 Fiscal Policy | AQA A-Level Economics Revision Notes | Economics Academy,AQA A-Level Economics 2.5.1 Fiscal Policy,41,"Free AQA A-Level Economics revision notes on Fiscal Policy - learn about government spending, taxation, budget balance, national debt, and the role of the Office for Budget Responsibility (OBR).","Free AQA A-Level Economics revision notes (2.5.1). Covers the government budget, the Laffer curve, types of spending and taxes, national debt and the OBR.",154,https://economicsacademy.co.uk/revision-notes/aqa-a2-macro/2-5-1-fiscal-policy.html,
revision-notes/aqa-a2-macro/2-5-2-supply-side-policies.html,AQA,2.5.2,Supply-Side Policies,2.5.2 Supply-Side Policies | AQA A-Level Economics Revision Notes | Economics Academy,AQA A-Level Economics 2.5.2 Supply-Side Policies,48,"Free AQA A-Level Economics revision notes on Supply-Side Policies - learn about market-based and interventionist policies, their impact on the economy, and how they affect macroeconomic objectives.",Free AQA A-Level Economics revision notes (2.5.2). Covers market-based and interventionist policies and their impact on LRAS and macroeconomic objectives.,154,https://economicsacademy.co.uk/revision-notes/aqa-a2-macro/2-5-2-supply-side-policies.html,
revision-notes/aqa-a2-macro/2-6-1-globalisation.html,AQA,2.6.1,Globalisation,2.6.1 Globalisation | AQA A-Level Economics Revision Notes | Economics Academy,AQA A-Level Economics 2.6.1 Globalisation,41,"Free AQA A-Level Economics revision notes on Globalisation - learn about the factors driving globalisation and its effects on consumers, workers, firms, governments, and the environment.","Free AQA A-Level Economics revision notes for unit 2.6.1. Covers the drivers of globalisation and its impact on consumers, workers, firms and the environment.",158,https://economicsacademy.co.uk/revision-notes/aqa-a2-macro/2-6-1-globalisation.html,
revision-notes/aqa-a2-macro/2-6-2-trade.html,AQA,2.6.2,Trade,2.6.2 Trade | AQA A-Level Economics Revision Notes | Economics Academy,AQA A-Level Economics 2.6.2 Trade,33,"Free AQA A-Level Economics revision notes on Trade - learn about absolute and comparative advantage, the costs and benefits of international trade, protectionist policies, and trading blocs.","AQA A-Level Economics 2.6.2 revision notes. Covers absolute and comparative advantage, protectionism, trading blocs and the role of the WTO. With diagrams.",155,https://economicsacademy.co.uk/revision-notes/aqa-a2-macro/2-6-2-trade.html,
revision-notes/aqa-a2-macro/2-6-3-the-balance-of-payments.html,AQA,2.6.3,The Balance of Payments,2.6.3 The Balance of Payments | AQA A-Level Economics Revision Notes | Economics Academy,AQA A-Level Economics 2.6.3 The Balance of Payments,51,"Free AQA A-Level Economics revision notes on The Balance of Payments - learn about the structure of the balance of payments, current account deficits and surpluses, causes of a current account deficit, and policies to reduce it.","Free AQA A-Level Economics revision notes for unit 2.6.3. Covers the structure of the accounts, deficits and surpluses, their causes and corrective policies.",157,https://economicsacademy.co.uk/revision-notes/aqa-a2-macro/2-6-3-the-balance-of-payments.html,
revision-notes/aqa-a2-macro/2-6-4-exchange-rate-systems.html,AQA,2.6.4,Exchange Rate Systems,2.6.4 Exchange Rate Systems | AQA A-Level Economics Revision Notes | Economics Academy,AQA A-Level Economics 2.6.4 Exchange Rate Systems,49,"Free AQA A-Level Economics revision notes on Exchange Rate Systems - learn about floating and fixed exchange rate systems, causes of appreciation and depreciation, government intervention, and currency unions.","AQA A-Level Economics 2.6.4 revision notes. Covers floating, fixed and managed systems, appreciation and depreciation, and currency unions. With diagrams.",154,https://economicsacademy.co.uk/revision-notes/aqa-a2-macro/2-6-4-exchange-rate-systems.html,
revision-notes/aqa-a2-macro/2-6-5-economic-growth-and-development.html,AQA,2.6.5,Economic Growth and Development,2.6.5 Economic Growth and Development | AQA A-Level Economics Revision Notes | Economics Academy,AQA A-Level Economics 2.6.5 Economic Growth and Development,59,"Free AQA A-Level Economics revision notes on Economic Growth and Development - learn about the difference between growth and development, the main indicators of development including HDI, the factors that affect growth and development and policies that can be used to promote economic growth and development.","Free AQA A-Level Economics revision notes (2.6.5). Covers growth versus development, HDI and other indicators, and market-led versus state-led strategies.",154,https://economicsacademy.co.uk/revision-notes/aqa-a2-macro/2-6-5-economic-growth-and-development.html,
revision-notes/aqa-a2-micro/1-1-1-economic-methodology.html,AQA,1.1.1,Economic Methodology,1.1.1 Economic Methodology | AQA A-Level Economics Revision Notes | Economics Academy,AQA A-Level Economics 1.1.1 Economic Methodology,48,"Free AQA A-Level Economics revision notes on Economic Methodology — learn about the nature of economics, economic models, and the scientific method.","Free AQA A-Level Economics revision notes (1.1.1). Covers economics as a social science, the role of models, ceteris paribus, and positive versus normative.",156,https://economicsacademy.co.uk/revision-notes/aqa-a2-micro/1-1-1-economic-methodology.html,
revision-notes/aqa-a2-micro/1-1-2-the-nature-and-purpose-of-economic-activity.html,AQA,1.1.2,The Nature and Purpose of Economic Activity,1.1.2 The Nature and Purpose of Economic Activity | AQA A-Level Economics Revision Notes | Economics Academy,AQA A-Level Economics 1.1.2 The Purpose of Economic Activity,60,"Free AQA A-Level Economics revision notes on the Nature and Purpose of Economic Activity - learn about the central purpose of economic activity, the basic economic problem, and the three fundamental questions every economy must answer.",Free AQA A-Level Economics revision notes for unit 1.1.2. Covers the central purpose of economic activity and the three questions every economy must answer.,156,https://economicsacademy.co.uk/revision-notes/aqa-a2-micro/1-1-2-the-nature-and-purpose-of-economic-activity.html,topic shortened for title only; h1 unchanged
revision-notes/aqa-a2-micro/1-1-3-economic-resources.html,AQA,1.1.3,Economic Resources,1.1.3 Economic Resources | AQA A-Level Economics Revision Notes | Economics Academy,AQA A-Level Economics 1.1.3 Economic Resources,46,"Free AQA A-Level Economics revision notes on Economic Resources - learn about the different types of factors of production, and how the environment is a scarce resource that must be managed sustainably.","Free AQA A-Level Economics revision notes for unit 1.1.3. Covers land, labour, capital and enterprise, and why the environment is itself a scarce resource.",155,https://economicsacademy.co.uk/revision-notes/aqa-a2-micro/1-1-3-economic-resources.html,
revision-notes/aqa-a2-micro/1-1-4-scarcity-choice-and-the-allocation-of-resources.html,AQA,1.1.4,"Scarcity, Choice and the Allocation of Resources","1.1.4 Scarcity, Choice and the Allocation of Resources | AQA A-Level Economics Revision Notes | Economics Academy","AQA A-Level Economics 1.1.4 Scarcity, Choice and Allocation",59,"Free AQA A-Level Economics revision notes on Scarcity, Choice and the Allocation of Resources - learn about the basic economic problem of scarcity, choice and the allocation of resources, and how this leads to opportunity cost.","Free AQA A-Level Economics revision notes for unit 1.1.4. Covers the basic economic problem, why choices must be made, and how opportunity cost arises.",151,https://economicsacademy.co.uk/revision-notes/aqa-a2-micro/1-1-4-scarcity-choice-and-the-allocation-of-resources.html,topic shortened for title only; h1 unchanged
revision-notes/aqa-a2-micro/1-1-5-production-possibility-diagrams.html,AQA,1.1.5,Production Possibility Diagrams,1.1.5 Production Possibility Diagrams | AQA A-Level Economics Revision Notes | Economics Academy,AQA A-Level Economics 1.1.5 Production Possibility Diagrams,59,"Free AQA A-Level Economics revision notes on Production Possibility Diagrams - learn about the production possibility diagram, including the concepts of opportunity cost, productive efficiency, and allocative efficiency.","AQA A-Level Economics 1.1.5 revision notes. Covers what a PPF shows, points on and inside the curve, and shifts showing growth and decline. With diagrams.",154,https://economicsacademy.co.uk/revision-notes/aqa-a2-micro/1-1-5-production-possibility-diagrams.html,
revision-notes/aqa-a2-micro/1-2-1-consumer-behaviour.html,AQA,1.2.1,Consumer Behaviour,1.2.1 Consumer Behaviour | AQA A-Level Economics Revision Notes | Economics Academy,AQA A-Level Economics 1.2.1 Consumer Behaviour,46,"Free AQA A-Level Economics revision notes on Consumer Behaviour - learn about rational economic decision making, utility theory, and the law of diminishing marginal utility.","Free AQA A-Level Economics revision notes for unit 1.2.1. Covers rational decision making, how agents are assumed to behave, and diminishing marginal utility.",158,https://economicsacademy.co.uk/revision-notes/aqa-a2-micro/1-2-1-consumer-behaviour.html,
revision-notes/aqa-a2-micro/1-2-2-imperfect-information.html,AQA,1.2.2,Imperfect Information,1.2.2 Imperfect Information | AQA A-Level Economics Revision Notes | Economics Academy,AQA A-Level Economics 1.2.2 Imperfect Information,49,"Free AQA A-Level Economics revision notes on Imperfect Information - importance of information for decision making, information gaps and asymmetric information.","Free AQA A-Level Economics revision notes for unit 1.2.2. Covers why information matters, information gaps, and the consequences of asymmetric information.",155,https://economicsacademy.co.uk/revision-notes/aqa-a2-micro/1-2-2-imperfect-information.html,
revision-notes/aqa-a2-micro/1-2-3-aspects-of-behavioural-economic-theory.html,AQA,1.2.3,Aspects of Behavioural Economic Theory,1.2.3 Aspects of Behavioural Economic Theory | AQA A-Level Economics Revision Notes | Economics Academy,AQA A-Level Economics 1.2.3 Behavioural Economic Theory,55,"Free AQA A-Level Economics revision notes on Aspects of Behavioural Economic Theory - including bounded rationality, bounded self control, biases and altruism.",Free AQA A-Level Economics revision notes for unit 1.2.3. Covers how behavioural economics challenges rationality and the biases that distort decisions.,152,https://economicsacademy.co.uk/revision-notes/aqa-a2-micro/1-2-3-aspects-of-behavioural-economic-theory.html,topic shortened for title only; h1 unchanged
revision-notes/aqa-a2-micro/1-2-4-behavioural-economics-and-economic-policy.html,AQA,1.2.4,Behavioural Economics and Economic Policy,1.2.4 Behavioural Economics and Economic Policy | AQA A-Level Economics Revision Notes | Economics Academy,AQA A-Level Economics 1.2.4 Behavioural Economics and Policy,60,"Free AQA A-Level Economics revision notes on Behavioural Economics and Economic Policy - including choice architecture, framing and nudges.","Free AQA A-Level Economics revision notes (1.2.4). Covers choice architecture, framing and nudges, and how they shape policy. Includes evaluation points.",153,https://economicsacademy.co.uk/revision-notes/aqa-a2-micro/1-2-4-behavioural-economics-and-economic-policy.html,topic shortened for title only; h1 unchanged
revision-notes/aqa-a2-micro/1-3-1-the-determinants-of-the-demand-for-goods-and-services.html,AQA,1.3.1,The Determinants of the Demand for Goods and Services,1.3.1 The Determinants of the Demand for Goods and Services | AQA A-Level Economics Revision Notes | Economics Academy,AQA A-Level Economics 1.3.1 The Determinants of Demand,54,"Free AQA A-Level Economics revision notes on The Determinants of the Demand for Goods and Services - including the law of demand, the demand curve, and the factors that cause shifts in demand.","AQA A-Level Economics 1.3.1 revision notes. Covers the law of demand, the demand curve, the conditions of demand and marginal utility. With comparison tables.",158,https://economicsacademy.co.uk/revision-notes/aqa-a2-micro/1-3-1-the-determinants-of-the-demand-for-goods-and-services.html,topic shortened for title only; h1 unchanged
revision-notes/aqa-a2-micro/1-3-2-price-income-and-cross-elasticities-of-demand.html,AQA,1.3.2,"Price, Income and Cross Elasticities of Demand","1.3.2 Price, Income and Cross Elasticities of Demand | AQA A-Level Economics Revision Notes | Economics Academy",AQA A-Level Economics 1.3.2 Elasticities of Demand,50,"Free AQA A-Level Economics revision notes on Price, Income and Cross Elasticities of Demand - including price elasticity of demand (PED), income elasticity of demand (YED), and cross elasticity of demand (XED).","Revision notes for AQA A-Level Economics 1.3.2. Covers PED, YED and XED with formulas, worked calculations and their significance for firms. With diagrams.",155,https://economicsacademy.co.uk/revision-notes/aqa-a2-micro/1-3-2-price-income-and-cross-elasticities-of-demand.html,topic shortened for title only; h1 unchanged
revision-notes/aqa-a2-micro/1-3-3-the-determinants-of-the-supply-of-goods-and-services.html,AQA,1.3.3,The Determinants of the Supply of Goods and Services,1.3.3 The Determinants of the Supply of Goods and Services | AQA A-Level Economics Revision Notes | Economics Academy,AQA A-Level Economics 1.3.3 The Determinants of Supply,54,"Free AQA A-Level Economics revision notes on The Determinants of the Supply of Goods and Services - including the law of supply, the supply curve, and the factors that cause shifts in supply.","AQA A-Level Economics 1.3.3 revision notes. Covers the law of supply, movements along the curve, and the factors that shift supply. With exam-ready evaluation.",159,https://economicsacademy.co.uk/revision-notes/aqa-a2-micro/1-3-3-the-determinants-of-the-supply-of-goods-and-services.html,topic shortened for title only; h1 unchanged
revision-notes/aqa-a2-micro/1-3-4-price-elasticity-of-supply.html,AQA,1.3.4,Price Elasticity of Supply,1.3.4 Price Elasticity of Supply | AQA A-Level Economics Revision Notes | Economics Academy,AQA A-Level Economics 1.3.4 Price Elasticity of Supply,54,"Free AQA A-Level Economics revision notes on Price Elasticity of Supply - including the definition, calculation, interpretation of PES values, and the key determinants of PES.","Free AQA A-Level Economics revision notes for unit 1.3.4. Covers the PES formula, interpreting values, its determinants and short-run versus long-run supply.",157,https://economicsacademy.co.uk/revision-notes/aqa-a2-micro/1-3-4-price-elasticity-of-supply.html,
revision-notes/aqa-a2-micro/1-3-5-the-determination-of-equilibrium-market-prices.html,AQA,1.3.5,The Determination of Equilibrium Market Prices,1.3.5 The Determination of Equilibrium Market Prices | AQA A-Level Economics Revision Notes | Economics Academy,AQA A-Level Economics 1.3.5 Equilibrium Market Prices,53,"Free AQA A-Level Economics revision notes on The Determination of Equilibrium Market Prices - including market equilibrium, disequilibrium, and shifts in market equilibrium.","AQA A-Level Economics 1.3.5 revision notes. Covers how demand and supply set price and quantity, disequilibrium, and shifts in equilibrium. With diagrams.",154,https://economicsacademy.co.uk/revision-notes/aqa-a2-micro/1-3-5-the-determination-of-equilibrium-market-prices.html,topic shortened for title only; h1 unchanged
revision-notes/aqa-a2-micro/1-3-6-the-interrelationship-between-markets.html,AQA,1.3.6,The Interrelationship between Markets,1.3.6 The Interrelationship between Markets | AQA A-Level Economics Revision Notes | Economics Academy,AQA A-Level Economics 1.3.6 Interrelated Markets,48,"Free AQA A-Level Economics revision notes on The Interrelationship between Markets - including joint demand, competitive demand, composite demand, derived demand, and joint supply.","Free AQA A-Level Economics revision notes (1.3.6). Covers joint demand, competitive demand, composite demand, derived demand and joint supply. With diagrams.",157,https://economicsacademy.co.uk/revision-notes/aqa-a2-micro/1-3-6-the-interrelationship-between-markets.html,topic shortened for title only; h1 unchanged
revision-notes/aqa-a2-micro/1-4-1-production-and-productivity.html,AQA,1.4.1,Production & Productivity,1.4.1 Production & Productivity | AQA A-Level Economics Revision Notes | Economics Academy,AQA A-Level Economics 1.4.1 Production & Productivity,53,"Free AQA A-Level Economics revision notes on Production &amp; Productivity - including production, productivity, and labour productivity.","Free AQA A-Level Economics revision notes for unit 1.4.1. Covers the meaning of production, how productivity is measured, and what raises labour productivity.",158,https://economicsacademy.co.uk/revision-notes/aqa-a2-micro/1-4-1-production-and-productivity.html,
revision-notes/aqa-a2-micro/1-4-2-specialisation-division-of-labour-and-exchange.html,AQA,1.4.2,"Specialisation, Division of Labour and Exchange","1.4.2 Specialisation, Division of Labour and Exchange | AQA A-Level Economics Revision Notes | Economics Academy",AQA A-Level Economics 1.4.2 Specialisation and Exchange,55,"Free AQA A-Level Economics revision notes on Specialisation, Division of Labour and Exchange - learn the benefits of specialisation and division of labour, the functions of money, and the problems of a barter economy.","Free AQA A-Level Economics revision notes for unit 1.4.2. Covers levels of specialisation, the gains and drawbacks of dividing labour, and money's functions.",157,https://economicsacademy.co.uk/revision-notes/aqa-a2-micro/1-4-2-specialisation-division-of-labour-and-exchange.html,topic shortened for title only; h1 unchanged
revision-notes/aqa-a2-micro/1-4-3-the-law-of-diminishing-returns-and-returns-to-scale.html,AQA,1.4.3,The Law of Diminishing Returns and Returns to Scale,1.4.3 The Law of Diminishing Returns and Returns to Scale | AQA A-Level Economics Revision Notes | Economics Academy,AQA A-Level Economics 1.4.3 Diminishing Returns and Scale,57,"Free AQA A-Level Economics revision notes on The Law of Diminishing Returns and Returns to Scale - learn about the difference between the short run and long run, the law of diminishing returns, and the different types of returns to scale.","Free AQA A-Level Economics revision notes for unit 1.4.3. Covers the short run versus long run, marginal, average and total returns, and returns to scale.",154,https://economicsacademy.co.uk/revision-notes/aqa-a2-micro/1-4-3-the-law-of-diminishing-returns-and-returns-to-scale.html,topic shortened for title only; h1 unchanged
revision-notes/aqa-a2-micro/1-4-4-costs-of-production.html,AQA,1.4.4,Costs of Production,1.4.4 Costs of Production | AQA A-Level Economics Revision Notes | Economics Academy,AQA A-Level Economics 1.4.4 Costs of Production,47,"Free AQA A-Level Economics revision notes on Costs of Production - including fixed, variable, marginal, average and total costs. Understand the reasons for the shape of the cost curves and how factor prices and productivity affect firms' costs of production.","AQA A-Level Economics 1.4.4 revision notes. Covers fixed, variable, marginal and average costs, the U-shaped curves and the SRAC-LRAC link. With diagrams.",154,https://economicsacademy.co.uk/revision-notes/aqa-a2-micro/1-4-4-costs-of-production.html,
revision-notes/aqa-a2-micro/1-4-5-economies-and-diseconomies-of-scale.html,AQA,1.4.5,Economies and Diseconomies of Scale,1.4.5 Economies and Diseconomies of Scale | AQA A-Level Economics Revision Notes | Economics Academy,AQA A-Level Economics 1.4.5 Economies of Scale,46,"Free AQA A-Level Economics revision notes on Economies and Diseconomies of Scale - covering the LRAC curve, internal and external economies of scale, diseconomies of scale, and minimum efficient scale.","AQA A-Level Economics 1.4.5 revision notes. Covers the LRAC curve, internal and external economies, diseconomies and minimum efficient scale. With diagrams.",156,https://economicsacademy.co.uk/revision-notes/aqa-a2-micro/1-4-5-economies-and-diseconomies-of-scale.html,topic shortened for title only; h1 unchanged
revision-notes/aqa-a2-micro/1-4-6-marginal-average-and-total-revenue.html,AQA,1.4.6,"Marginal, Average and Total Revenue","1.4.6 Marginal, Average and Total Revenue | AQA A-Level Economics Revision Notes | Economics Academy","AQA A-Level Economics 1.4.6 Marginal, Average, Total Revenue",60,"Free AQA A-Level Economics revision notes on Marginal, Average and Total Revenue - covering total revenue, average revenue, marginal revenue, revenue in perfect competition, and revenue in imperfect competition.","AQA A-Level Economics 1.4.6 revision notes. Covers total, average and marginal revenue under both perfect and imperfect competition. With annotated diagrams.",157,https://economicsacademy.co.uk/revision-notes/aqa-a2-micro/1-4-6-marginal-average-and-total-revenue.html,topic shortened for title only; h1 unchanged
revision-notes/aqa-a2-micro/1-4-7-profit.html,AQA,1.4.7,Profit,1.4.7 Profit | AQA A-Level Economics Revision Notes | Economics Academy,AQA A-Level Economics 1.4.7 Profit,34,"Free AQA A-Level Economics revision notes on Profit - covering normal profits, supernormal profits, and losses.","Free AQA A-Level Economics revision notes for unit 1.4.7. Covers normal profit, supernormal profit and losses on firm diagrams, and profit's role in markets.",157,https://economicsacademy.co.uk/revision-notes/aqa-a2-micro/1-4-7-profit.html,
revision-notes/aqa-a2-micro/1-4-8-technological-change.html,AQA,1.4.8,Technological Change,1.4.8 Technological Change | AQA A-Level Economics Revision Notes | Economics Academy,AQA A-Level Economics 1.4.8 Technological Change,48,"Free AQA A-Level Economics revision notes on Technological Change - learn about inventions, innovations, and the impact of technological change on production costs, productivity, and the structure of markets.",Free AQA A-Level Economics revision notes for unit 1.4.8. Covers invention versus innovation and how technological change reshapes costs and market structure.,158,https://economicsacademy.co.uk/revision-notes/aqa-a2-micro/1-4-8-technological-change.html,
revision-notes/aqa-a2-micro/1-5-1-market-structures.html,AQA,1.5.1,Market Structures,1.5.1 Market Structures | AQA A-Level Economics Revision Notes | Economics Academy,AQA A-Level Economics 1.5.1 Market Structures,45,"Free AQA A-Level Economics revision notes on Market Structures - learn about the spectrum of competition, characteristics of market structures, and more.",Free AQA A-Level Economics revision notes for unit 1.5.1. Covers the spectrum from perfect competition to monopoly and the characteristics defining each.,153,https://economicsacademy.co.uk/revision-notes/aqa-a2-micro/1-5-1-market-structures.html,
revision-notes/aqa-a2-micro/1-5-10-market-structure-efficiency-resource-allocation.html,AQA,1.5.10,"Market Structure, Static Efficiency, Dynamic Efficiency and Resource Allocation","1.5.10 Market Structure, Static Efficiency, Dynamic Efficiency and Resource Allocation | AQA A-Level Economics Revision Notes | Economics Academy",AQA A-Level Economics 1.5.10 Efficiency and Market Structure,60,"Free AQA A-Level Economics revision notes on Market Structure, Static Efficiency, Dynamic Efficiency and Resource Allocation - Learn about allocative, productive, dynamic, and X-inefficiency, and how they apply to different market structures.","Revision notes for AQA A-Level Economics 1.5.10. Covers allocative, productive, dynamic and X-inefficiency across different market structures. With diagrams.",157,https://economicsacademy.co.uk/revision-notes/aqa-a2-micro/1-5-10-market-structure-efficiency-resource-allocation.html,topic shortened for title only; h1 unchanged
revision-notes/aqa-a2-micro/1-5-11-consumer-and-producer-surplus.html,AQA,1.5.11,Consumer and Producer Surplus,1.5.11 Consumer and Producer Surplus | AQA A-Level Economics Revision Notes | Economics Academy,AQA A-Level Economics 1.5.11 Consumer and Producer Surplus,58,"Free AQA A-Level Economics revision notes on Consumer and Producer Surplus - learn about consumer and producer surplus, how they are represented diagrammatically, and their application to price discrimination and monopoly power.","Free AQA A-Level Economics revision notes for unit 1.5.11. Covers surplus at equilibrium, how market changes shift it, and monopoly and price discrimination.",157,https://economicsacademy.co.uk/revision-notes/aqa-a2-micro/1-5-11-consumer-and-producer-surplus.html,
revision-notes/aqa-a2-micro/1-5-2-the-objectives-of-firms.html,AQA,1.5.2,The Objectives of Firms,1.5.2 The Objectives of Firms | AQA A-Level Economics Revision Notes | Economics Academy,AQA A-Level Economics 1.5.2 The Objectives of Firms,51,"Free AQA A-Level Economics revision notes on The Objectives of Firms - learn about profit maximisation, revenue maximisation, sales maximisation, satisficing, and the divorce of ownership and control.","Free AQA A-Level Economics revision notes for unit 1.5.2. Covers profit, revenue and sales maximisation, satisficing, and the divorce of ownership and control.",159,https://economicsacademy.co.uk/revision-notes/aqa-a2-micro/1-5-2-the-objectives-of-firms.html,
revision-notes/aqa-a2-micro/1-5-3-perfect-competition.html,AQA,1.5.3,Perfect Competition,1.5.3 Perfect Competition | AQA A-Level Economics Revision Notes | Economics Academy,AQA A-Level Economics 1.5.3 Perfect Competition,47,"Free AQA A-Level Economics revision notes on Perfect Competition - learn about the characteristics of perfect competition, short-run and long-run equilibrium, and efficiency.","Free AQA A-Level Economics revision notes for unit 1.5.3. Covers the assumptions, the firm's demand curve, short-run and long-run equilibrium, and efficiency.",158,https://economicsacademy.co.uk/revision-notes/aqa-a2-micro/1-5-3-perfect-competition.html,
revision-notes/aqa-a2-micro/1-5-4-monopolistic-competition.html,AQA,1.5.4,Monopolistic Competition,1.5.4 Monopolistic Competition | AQA A-Level Economics Revision Notes | Economics Academy,AQA A-Level Economics 1.5.4 Monopolistic Competition,52,"Free AQA A-Level Economics revision notes on Monopolistic Competition - learn about the characteristics, short-run and long-run equilibrium, efficiency, non-price competition, and impact on consumers.","Free AQA A-Level Economics revision notes for unit 1.5.4. Covers product differentiation, short-run profit, long-run normal profit and non-price competition.",157,https://economicsacademy.co.uk/revision-notes/aqa-a2-micro/1-5-4-monopolistic-competition.html,
revision-notes/aqa-a2-micro/1-5-5-oligopoly.html,AQA,1.5.5,Oligopoly,1.5.5 Oligopoly | AQA A-Level Economics Revision Notes | Economics Academy,AQA A-Level Economics 1.5.5 Oligopoly,37,"Free AQA A-Level Economics revision notes on Oligopoly - learn about the key characteristics of oligopoly, concentration ratios, interdependence, collusive and non-collusive behaviour, and types of competition.","Free AQA A-Level Economics revision notes (1.5.5). Covers concentration ratios, interdependence, and collusive versus non-collusive behaviour. With diagrams.",157,https://economicsacademy.co.uk/revision-notes/aqa-a2-micro/1-5-5-oligopoly.html,
revision-notes/aqa-a2-micro/1-5-6-monopoly-and-monopoly-power.html,AQA,1.5.6,Monopoly and Monopoly Power,1.5.6 Monopoly and Monopoly Power | AQA A-Level Economics Revision Notes | Economics Academy,AQA A-Level Economics 1.5.6 Monopoly and Monopoly Power,55,"Free AQA A-Level Economics revision notes on Monopoly and Monopoly Power - learn about the characteristics of monopoly, how a monopoly maximises profit, the costs and benefits of monopoly power, and the idea of a natural monopoly.","AQA A-Level Economics 1.5.6 revision notes. Covers the characteristics of monopoly, profit maximisation, monopoly power and natural monopoly. With diagrams.",156,https://economicsacademy.co.uk/revision-notes/aqa-a2-micro/1-5-6-monopoly-and-monopoly-power.html,
revision-notes/aqa-a2-micro/1-5-7-price-discrimination.html,AQA,1.5.7,Price Discrimination,1.5.7 Price Discrimination | AQA A-Level Economics Revision Notes | Economics Academy,AQA A-Level Economics 1.5.7 Price Discrimination,48,"Free AQA A-Level Economics revision notes on Price Discrimination - learn about the different types of price discrimination, the conditions required for price discrimination to occur, and the potential benefits and drawbacks of price discrimination for firms and consumers.","Revision notes for AQA A-Level Economics 1.5.7. Covers first, second and third-degree price discrimination and the conditions required for it. With diagrams.",157,https://economicsacademy.co.uk/revision-notes/aqa-a2-micro/1-5-7-price-discrimination.html,
revision-notes/aqa-a2-micro/1-5-8-the-dynamics-of-competition-and-competitive-market-processes.html,AQA,1.5.8,The Dynamics of Competition and Competitive Market Processes,1.5.8 The Dynamics of Competition and Competitive Market Processes | AQA A-Level Economics Revision Notes | Economics Academy,AQA A-Level Economics 1.5.8 The Dynamics of Competition,55,"Free AQA A-Level Economics revision notes on The Dynamics of Competition and Competitive Market Processes - learn about the short-run and long-run benefits of competition, how competition leads to product improvement, cost reduction, and service quality enhancement, as well as the process of creative destruction.",Free AQA A-Level Economics revision notes for unit 1.5.8. Covers the short-run and long-run benefits of competition and the process of creative destruction.,156,https://economicsacademy.co.uk/revision-notes/aqa-a2-micro/1-5-8-the-dynamics-of-competition-and-competitive-market-processes.html,topic shortened for title only; h1 unchanged
revision-notes/aqa-a2-micro/1-5-9-contestable-and-non-contestable-markets.html,AQA,1.5.9,Contestable and Non-Contestable Markets,1.5.9 Contestable and Non-Contestable Markets | AQA A-Level Economics Revision Notes | Economics Academy,AQA A-Level Economics 1.5.9 Contestable Markets,47,"Free AQA A-Level Economics revision notes on Contestable and Non-Contestable Markets - covering contestability, characteristics of a contestable market, hit-and-run entry, and barriers to entry.","Free AQA A-Level Economics revision notes for unit 1.5.9. Covers contestability, hit-and-run entry, barriers to entry, and sunk costs as the barrier to exit.",157,https://economicsacademy.co.uk/revision-notes/aqa-a2-micro/1-5-9-contestable-and-non-contestable-markets.html,topic shortened for title only; h1 unchanged
revision-notes/aqa-a2-micro/1-6-1-the-demand-for-labour-marginal-productivity-theory.html,AQA,1.6.1,"The Demand for Labour, Marginal Productivity Theory","1.6.1 The Demand for Labour, Marginal Productivity Theory | AQA A-Level Economics Revision Notes | Economics Academy",AQA A-Level Economics 1.6.1 The Demand for Labour and MRP,57,"Free AQA A-Level Economics revision notes on The Demand for Labour, Marginal Productivity Theory - learn about derived demand, marginal revenue product theory, profit-maximising employment condition, shifts in labour demand, and elasticity of demand for labour.","Free AQA A-Level Economics revision notes for unit 1.6.1. Covers derived demand, marginal revenue product theory, shifts in labour demand and wage elasticity.",158,https://economicsacademy.co.uk/revision-notes/aqa-a2-micro/1-6-1-the-demand-for-labour-marginal-productivity-theory.html,topic shortened for title only; h1 unchanged
revision-notes/aqa-a2-micro/1-6-2-influence-upon-the-supply-of-labour-to-different-markets.html,AQA,1.6.2,Influence upon the Supply of Labour to Different Markets,1.6.2 Influence upon the Supply of Labour to Different Markets | AQA A-Level Economics Revision Notes | Economics Academy,AQA A-Level Economics 1.6.2 The Supply of Labour,48,"Free AQA A-Level Economics revision notes on Influence upon the Supply of Labour to Different Markets - learn about the supply of labour, factors that shift the supply curve, labour mobility, and wage elasticity of supply of labour.","AQA A-Level Economics 1.6.2 revision notes. Covers the labour supply curve, what shifts it, labour immobility and wage elasticity of supply. With diagrams.",155,https://economicsacademy.co.uk/revision-notes/aqa-a2-micro/1-6-2-influence-upon-the-supply-of-labour-to-different-markets.html,topic shortened for title only; h1 unchanged
revision-notes/aqa-a2-micro/1-6-3-wage-determination-perfectly-competitive-labour-markets.html,AQA,1.6.3,The Determination of Relative Wage rates and Levels of Employment in Perfectly Competitive Labour Markets,1.6.3 The Determination of Relative Wage rates and Levels of Employment in Perfectly Competitive Labour Markets | AQA A-Level Economics Revision Notes | Economics Academy,AQA A-Level Economics 1.6.3 Competitive Wage Determination,58,"Free AQA A-Level Economics revision notes on The Determination of Relative Wage rates and Levels of Employment in Perfectly Competitive Labour Markets - learn about wage determination, market forces, and equilibrium in competitive labour markets.",Revision notes for AQA A-Level Economics 1.6.3. Covers how market forces set the wage and level of employment in a competitive labour market. With diagrams.,156,https://economicsacademy.co.uk/revision-notes/aqa-a2-micro/1-6-3-wage-determination-perfectly-competitive-labour-markets.html,topic shortened for title only; h1 unchanged
revision-notes/aqa-a2-micro/1-6-4-wage-determination-imperfectly-competitive-labour-markets.html,AQA,1.6.4,The Determination of Relative Wage rates and Levels of Employment in Imperfectly Competitive Labour Markets,1.6.4 The Determination of Relative Wage rates and Levels of Employment in Imperfectly Competitive Labour Markets | AQA A-Level Economics Revision Notes | Economics Academy,AQA A-Level Economics 1.6.4 Wage Determination: Monopsony,57,"Free AQA A-Level Economics revision notes on The Determination of Relative Wage rates and Levels of Employment in Imperfectly Competitive Labour Markets - learn about monopsony, bilateral monopoly, and wage determination in imperfectly competitive labour markets.",Free AQA A-Level Economics revision notes for unit 1.6.4. Covers why labour markets are imperfect and how a monopsonist sets wages below the competitive level.,159,https://economicsacademy.co.uk/revision-notes/aqa-a2-micro/1-6-4-wage-determination-imperfectly-competitive-labour-markets.html,topic shortened for title only; h1 unchanged
revision-notes/aqa-a2-micro/1-6-5-the-influence-of-trade-unions-in-determining-wages-and-levels-of-employment.html,AQA,1.6.5,The Influence of Trade Unions in Determining Wages and Levels of Employment,1.6.5 The Influence of Trade Unions in Determining Wages and Levels of Employment | AQA A-Level Economics Revision Notes | Economics Academy,AQA A-Level Economics 1.6.5 Trade Unions and Wages,50,Free AQA A-Level Economics revision notes on The Influence of Trade Unions in Determining Wages and Levels of Employment - learn about the factors that affect the ability of trade unions to influence wages and employment in different labour markets.,AQA A-Level Economics 1.6.5 revision notes. Covers how unions raise wages and their differing effects in competitive and monopsony markets. With diagrams.,154,https://economicsacademy.co.uk/revision-notes/aqa-a2-micro/1-6-5-the-influence-of-trade-unions-in-determining-wages-and-levels-of-employment.html,topic shortened for title only; h1 unchanged
revision-notes/aqa-a2-micro/1-6-6-the-national-minimum-wage.html,AQA,1.6.6,The National Minimum Wage,1.6.6 The National Minimum Wage | AQA A-Level Economics Revision Notes | Economics Academy,AQA A-Level Economics 1.6.6 The National Minimum Wage,53,Free AQA A-Level Economics revision notes on The National Minimum Wage - learn about the impact of minimum wages on workers and employers in different labour markets.,AQA A-Level Economics 1.6.6 revision notes. Covers how the minimum wage is set and its effects on workers and employers in different markets. With diagrams.,156,https://economicsacademy.co.uk/revision-notes/aqa-a2-micro/1-6-6-the-national-minimum-wage.html,
revision-notes/aqa-a2-micro/1-6-7-discrimination-in-the-labour-market.html,AQA,1.6.7,Discrimination in the Labour Market,1.6.7 Discrimination in the Labour Market | AQA A-Level Economics Revision Notes | Economics Academy,AQA A-Level Economics 1.6.7 Labour Market Discrimination,56,"Free AQA A-Level Economics revision notes on Discrimination in the Labour Market - covering the conditions necessary for discrimination to occur in the labour market, and the consequences of gender, ethnic and other forms of discrimination on wages and employment.","Free AQA A-Level Economics revision notes for unit 1.6.7. Covers wage discrimination, the conditions that allow it, and its impact on wages and employment.",155,https://economicsacademy.co.uk/revision-notes/aqa-a2-micro/1-6-7-discrimination-in-the-labour-market.html,topic shortened for title only; h1 unchanged
revision-notes/aqa-a2-micro/1-7-1-the-distribution-of-income-and-wealth.html,AQA,1.7.1,The Distribution of Income and Wealth,1.7.1 The Distribution of Income and Wealth | AQA A-Level Economics Revision Notes | Economics Academy,AQA A-Level Economics 1.7.1 Income and Wealth Distribution,58,"Free AQA A-Level Economics revision notes on The Distribution of Income and Wealth - learn about income and wealth inequality, Lorenz curve, Gini coefficient, Kuznets curve, and the benefits and costs of inequality.","AQA A-Level Economics 1.7.1 revision notes. Covers income versus wealth, the Lorenz curve and Gini coefficient, and the Kuznets curve. With comparison tables.",158,https://economicsacademy.co.uk/revision-notes/aqa-a2-micro/1-7-1-the-distribution-of-income-and-wealth.html,topic shortened for title only; h1 unchanged
revision-notes/aqa-a2-micro/1-7-2-the-problem-of-poverty.html,AQA,1.7.2,The Problem of Poverty,1.7.2 The Problem of Poverty | AQA A-Level Economics Revision Notes | Economics Academy,AQA A-Level Economics 1.7.2 The Problem of Poverty,50,"Free AQA A-Level Economics revision notes on The Problem of Poverty - learn about absolute and relative poverty, the causes of poverty, and the economic consequences of poverty.","Free AQA A-Level Economics revision notes for unit 1.7.2. Covers absolute and relative poverty, the poverty trap, and the economic consequences of poverty.",155,https://economicsacademy.co.uk/revision-notes/aqa-a2-micro/1-7-2-the-problem-of-poverty.html,
revision-notes/aqa-a2-micro/1-7-3-government-policies-poverty-income-distribution.html,AQA,1.7.3,Government Policies to Alleviate Poverty and to Influence the Distribution of Income and Wealth,1.7.3 Government Policies to Alleviate Poverty and to Influence the Distribution of Income and Wealth | AQA A-Level Economics Revision Notes | Economics Academy,AQA A-Level Economics 1.7.3 Policies to Reduce Poverty,54,"Free AQA A-Level Economics revision notes on Government Policies to Alleviate Poverty and to Influence the Distribution of Income and Wealth - learn about direct taxes, welfare payments, minimum wage, education and training, subsidies, and public services to reduce poverty and income inequality.","Free AQA A-Level Economics revision notes for unit 1.7.3. Covers taxes, benefits, the minimum wage, education and public services, with evaluation of each.",155,https://economicsacademy.co.uk/revision-notes/aqa-a2-micro/1-7-3-government-policies-poverty-income-distribution.html,topic shortened for title only; h1 unchanged
revision-notes/aqa-a2-micro/1-8-1-how-markets-and-prices-allocate-resources.html,AQA,1.8.1,How Markets and Prices Allocate Resources,1.8.1 How Markets and Prices Allocate Resources | AQA A-Level Economics Revision Notes | Economics Academy,AQA A-Level Economics 1.8.1 How Prices Allocate Resources,57,"Free AQA A-Level Economics revision notes on How Markets and Prices Allocate Resources - learn about the price mechanism, its functions, and the advantages and disadvantages of using markets to allocate resources.","Revision notes for AQA A-Level Economics 1.8.1. Covers the rationing, incentive and signalling functions of prices, and the limits of markets. With diagrams.",157,https://economicsacademy.co.uk/revision-notes/aqa-a2-micro/1-8-1-how-markets-and-prices-allocate-resources.html,topic shortened for title only; h1 unchanged
revision-notes/aqa-a2-micro/1-8-10-government-failure.html,AQA,1.8.10,Government Failure,1.8.10 Government Failure | AQA A-Level Economics Revision Notes | Economics Academy,AQA A-Level Economics 1.8.10 Government Failure,47,"Free AQA A-Level Economics revision notes on Government Failure - learn about the definition of government failure, causes of government failure, and examples of government failure.",Free AQA A-Level Economics revision notes for unit 1.8.10. Covers how intervention meant to correct market failure can create a larger net welfare loss.,152,https://economicsacademy.co.uk/revision-notes/aqa-a2-micro/1-8-10-government-failure.html,
revision-notes/aqa-a2-micro/1-8-2-the-meaning-of-market-failure.html,AQA,1.8.2,The Meaning of Market Failure,1.8.2 The Meaning of Market Failure | AQA A-Level Economics Revision Notes | Economics Academy,AQA A-Level Economics 1.8.2 The Meaning of Market Failure,57,"Free AQA A-Level Economics revision notes on The Meaning of Market Failure - learn about market failure, externalities, public goods, information gaps, and monopoly power.","Free AQA A-Level Economics revision notes for unit 1.8.2. Covers what market failure means and its main causes across goods, information and monopoly power.",156,https://economicsacademy.co.uk/revision-notes/aqa-a2-micro/1-8-2-the-meaning-of-market-failure.html,
revision-notes/aqa-a2-micro/1-8-3-public-goods-private-goods-and-quasi-public-goods.html,AQA,1.8.3,"Public Goods, Private Goods and Quasi-Public Goods","1.8.3 Public Goods, Private Goods and Quasi-Public Goods | AQA A-Level Economics Revision Notes | Economics Academy",AQA A-Level Economics 1.8.3 Public and Quasi-Public Goods,57,"Free AQA A-Level Economics revision notes on Public Goods, Private Goods and Quasi-Public Goods - learn about the characteristics of public goods, private goods and quasi-public goods, and the implications of these characteristics for the provision of these goods.","Free AQA A-Level Economics revision notes for unit 1.8.3. Covers non-excludability and non-rivalry, the free rider problem and the tragedy of the commons.",154,https://economicsacademy.co.uk/revision-notes/aqa-a2-micro/1-8-3-public-goods-private-goods-and-quasi-public-goods.html,topic shortened for title only; h1 unchanged
revision-notes/aqa-a2-micro/1-8-4-positive-and-negative-externalities-in-consumption-and-production.html,AQA,1.8.4,Positive and Negative Externalities in Consumption and Production,1.8.4 Positive and Negative Externalities in Consumption and Production | AQA A-Level Economics Revision Notes | Economics Academy,AQA A-Level Economics 1.8.4 Externalities,41,"Free AQA A-Level Economics revision notes on Positive and Negative Externalities in Consumption and Production - learn about externalities, merit and demerit goods, social costs and benefits, and government intervention to correct market failure.","AQA A-Level Economics 1.8.4 revision notes. Covers external costs and benefits in production and consumption, welfare loss and intervention. With diagrams.",155,https://economicsacademy.co.uk/revision-notes/aqa-a2-micro/1-8-4-positive-and-negative-externalities-in-consumption-and-production.html,topic shortened for title only; h1 unchanged
revision-notes/aqa-a2-micro/1-8-5-merit-and-demerit-goods.html,AQA,1.8.5,Merit and Demerit Goods,1.8.5 Merit and Demerit Goods | AQA A-Level Economics Revision Notes | Economics Academy,AQA A-Level Economics 1.8.5 Merit and Demerit Goods,51,"Free AQA A-Level Economics revision notes on Merit and Demerit Goods - learn about merit and demerit goods, positive and negative externalities, and how imperfect information can lead to under-provision and over-provision of these goods.",Free AQA A-Level Economics revision notes for unit 1.8.5. Covers why merit and demerit goods are over- or under-consumed and the role of imperfect information.,159,https://economicsacademy.co.uk/revision-notes/aqa-a2-micro/1-8-5-merit-and-demerit-goods.html,
revision-notes/aqa-a2-micro/1-8-6-market-imperfections.html,AQA,1.8.6,Market Imperfections,1.8.6 Market Imperfections | AQA A-Level Economics Revision Notes | Economics Academy,AQA A-Level Economics 1.8.6 Market Imperfections,48,"Free AQA A-Level Economics revision notes on Market Imperfections - learn about imperfect and asymmetric information, monopoly power, and immobility of factors of production.","Free AQA A-Level Economics revision notes for unit 1.8.6. Covers asymmetric information, monopoly power and factor immobility as sources of market failure.",155,https://economicsacademy.co.uk/revision-notes/aqa-a2-micro/1-8-6-market-imperfections.html,
revision-notes/aqa-a2-micro/1-8-7-competition-policy.html,AQA,1.8.7,Competition Policy,1.8.7 Competition Policy | AQA A-Level Economics Revision Notes | Economics Academy,AQA A-Level Economics 1.8.7 Competition Policy,46,"Free AQA A-Level Economics revision notes on Competition Policy - learn about the aims of competition policy, organisations responsible for competition policy, intervention to control monopolies and mergers, intervention to promote competition, and the costs and benefits of competition policy.","Free AQA A-Level Economics revision notes for unit 1.8.7. Covers the aims of competition policy, control of monopolies and mergers, and policy evaluation.",154,https://economicsacademy.co.uk/revision-notes/aqa-a2-micro/1-8-7-competition-policy.html,
revision-notes/aqa-a2-micro/1-8-8-public-ownership-privatisation-regulation-and-deregulation-of-markets.html,AQA,1.8.8,"Public Ownership, Privatisation, Regulation and Deregulation of Markets","1.8.8 Public Ownership, Privatisation, Regulation and Deregulation of Markets | AQA A-Level Economics Revision Notes | Economics Academy",AQA A-Level Economics 1.8.8 Privatisation and Regulation,56,"Free AQA A-Level Economics revision notes on Public Ownership, Privatisation, Regulation and Deregulation of Markets - learn about the advantages and disadvantages of public ownership, privatisation, regulation and deregulation of markets, and the problem of regulatory capture.","Revision notes for AQA A-Level Economics 1.8.8. Covers public ownership versus privatisation, regulation, deregulation and regulatory capture. With diagrams.",157,https://economicsacademy.co.uk/revision-notes/aqa-a2-micro/1-8-8-public-ownership-privatisation-regulation-and-deregulation-of-markets.html,topic shortened for title only; h1 unchanged
revision-notes/aqa-a2-micro/1-8-9-government-intervention-in-markets.html,AQA,1.8.9,Government Intervention in Markets,1.8.9 Government Intervention in Markets | AQA A-Level Economics Revision Notes | Economics Academy,AQA A-Level Economics 1.8.9 Government Intervention,51,"Free AQA A-Level Economics revision notes on Government Intervention in Markets - learn about the reasons for government intervention, indirect taxation, subsidies, maximum and minimum prices, and other intervention methods.","AQA A-Level Economics 1.8.9 revision notes. Covers indirect taxes, subsidies, maximum and minimum prices and other corrective tools. With annotated diagrams.",157,https://economicsacademy.co.uk/revision-notes/aqa-a2-micro/1-8-9-government-intervention-in-markets.html,topic shortened for title only; h1 unchanged
revision-notes/edexcel-theme-1/1-1-1-economics-as-a-social-science.html,Edexcel,1.1.1,Economics as a Social Science,Economics as a Social Science | Edexcel A-Level Economics Revision Notes | Economics Academy,Edexcel A-Level Economics 1.1.1 The Nature of Economics,55,"Free Edexcel A-Level Economics revision notes on economics as a social science — economic models, ceteris paribus, positive vs normative analysis, and the scientific method for Theme 1.1.1.","Edexcel A-Level Economics 1.1.1 revision notes. Covers how economists build models, the role of assumptions and of ceteris paribus. Includes evaluation points.",159,https://economicsacademy.co.uk/revision-notes/edexcel-theme-1/1-1-1-economics-as-a-social-science.html,topic shortened for title only; h1 unchanged
revision-notes/edexcel-theme-1/1-1-2-positive-normative-statements.html,Edexcel,1.1.2,Positive and Normative Statements,Positive and Normative Statements | Edexcel A-Level Economics Revision Notes | Economics Academy,Edexcel A-Level Economics 1.1.2 Positive vs Normative,53,"Free Edexcel A-Level Economics revision notes on positive and normative statements — distinguishing fact-based and value-based claims, with real-world examples and exam application for Theme 1.1.2.",Free Edexcel A-Level Economics revision notes for unit 1.1.2. Covers fact-based versus value-based claims and the role of value judgements in shaping policy.,157,https://economicsacademy.co.uk/revision-notes/edexcel-theme-1/1-1-2-positive-normative-statements.html,topic shortened for title only; h1 unchanged
revision-notes/edexcel-theme-1/1-1-3-the-economic-problem.html,Edexcel,1.1.3,The Economic Problem,The Economic Problem | Edexcel A-Level Economics Revision Notes | Economics Academy,Edexcel A-Level Economics 1.1.3 The Economic Problem,52,"Free Edexcel A-Level Economics revision notes on the economic problem — scarcity, opportunity cost, resource allocation, and the fundamental questions every economy must answer for Theme 1.1.3.","Revision notes for Edexcel A-Level Economics 1.1.3. Covers scarcity, the factors of production, opportunity cost, and renewable versus non-renewable resources.",159,https://economicsacademy.co.uk/revision-notes/edexcel-theme-1/1-1-3-the-economic-problem.html,
revision-notes/edexcel-theme-1/1-1-4-production-possibility-frontiers.html,Edexcel,1.1.4,Production Possibility Frontiers,Production Possibility Frontiers | Edexcel A-Level Economics Revision Notes | Economics Academy,Edexcel A-Level Economics 1.1.4 Production Possibility Frontiers,64,"Free Edexcel A-Level Economics revision notes on production possibility frontiers (PPF) — drawing and interpreting PPF diagrams, opportunity cost, economic growth, and efficiency for Theme 1.1.4.","Revision notes for Edexcel A-Level Economics 1.1.4. Covers movements along versus shifts of the PPF, capital versus consumer goods and productive efficiency.",157,https://economicsacademy.co.uk/revision-notes/edexcel-theme-1/1-1-4-production-possibility-frontiers.html,title 64 chars: kept full search term
revision-notes/edexcel-theme-1/1-1-5-specialisation-division-of-labour.html,Edexcel,1.1.5,Specialisation and the Division of Labour,Specialisation and the Division of Labour | Edexcel A-Level Economics Revision Notes | Economics Academy,Edexcel A-Level Economics 1.1.5 Division of Labour,50,"Free Edexcel A-Level Economics revision notes on specialisation and the division of labour — Adam Smith's pin factory, advantages and disadvantages, and the functions of money for Theme 1.1.5.","Free Edexcel A-Level Economics revision notes (1.1.5). Covers Adam Smith's pin factory, the gains and drawbacks of specialising, and the functions of money.",156,https://economicsacademy.co.uk/revision-notes/edexcel-theme-1/1-1-5-specialisation-division-of-labour.html,topic shortened for title only; h1 unchanged
revision-notes/edexcel-theme-1/1-1-6-types-of-economies.html,Edexcel,1.1.6,Types of Economies,Types of Economies | Edexcel A-Level Economics Revision Notes | Economics Academy,Edexcel A-Level Economics 1.1.6 Types of Economies,50,"Free Edexcel A-Level Economics revision notes on types of economies — free market, mixed, and command economies, their resource allocation methods, and advantages and disadvantages for Theme 1.1.6.","Free Edexcel A-Level Economics revision notes for unit 1.1.6. Covers free market, mixed and command economies, and the trade-off between efficiency and equity.",159,https://economicsacademy.co.uk/revision-notes/edexcel-theme-1/1-1-6-types-of-economies.html,
revision-notes/edexcel-theme-1/1-2-1-rational-decision-making.html,Edexcel,1.2.1,Rational Decision Making,Rational Decision Making | Edexcel A-Level Economics Revision Notes | Economics Academy,Edexcel A-Level Economics 1.2.1 Rational Decision Making,56,"Free Edexcel A-Level Economics revision notes on rational decision making — the rational choice model, marginal analysis, behavioural economics challenges, and exam evaluation techniques for Theme 1.2.1.",Revision notes for Edexcel A-Level Economics 1.2.1. Covers the rationality assumption for consumers and firms and how behavioural economics challenges it.,154,https://economicsacademy.co.uk/revision-notes/edexcel-theme-1/1-2-1-rational-decision-making.html,
revision-notes/edexcel-theme-1/1-2-10-alternative-views-of-consumer-behaviour.html,Edexcel,1.2.10,Alternative Views of Consumer Behaviour,Alternative Views of Consumer Behaviour | Edexcel A-Level Economics Revision Notes | Economics Academy,Edexcel A-Level Economics 1.2.10 Consumer Behaviour,51,"Free Edexcel A-Level Economics revision notes on alternative views of consumer behaviour — behavioural economics, herding, inertia, and bounded rationality challenging the rational model for Theme 1.2.10.","Free Edexcel A-Level Economics revision notes (1.2.10). Covers herding, inertia, habit and bounded rationality, and what they mean for the rational model.",154,https://economicsacademy.co.uk/revision-notes/edexcel-theme-1/1-2-10-alternative-views-of-consumer-behaviour.html,topic shortened for title only; h1 unchanged
revision-notes/edexcel-theme-1/1-2-2-demand.html,Edexcel,1.2.2,Demand,Demand | Edexcel A-Level Economics Revision Notes | Economics Academy,Edexcel A-Level Economics 1.2.2 Demand,38,"Free Edexcel A-Level Economics revision notes on demand — the law of demand, conditions shifting the demand curve, diminishing marginal utility, and demand diagram analysis for Theme 1.2.2.","Free Edexcel A-Level Economics revision notes for unit 1.2.2. Covers the law of demand, the conditions that shift the curve, and diminishing marginal utility.",158,https://economicsacademy.co.uk/revision-notes/edexcel-theme-1/1-2-2-demand.html,
revision-notes/edexcel-theme-1/1-2-3-price-income-cross-elasticities-of-demand.html,Edexcel,1.2.3,"Price, Income and Cross Elasticities of Demand","Price, Income and Cross Elasticities of Demand | Edexcel A-Level Economics Revision Notes | Economics Academy","Edexcel A-Level Economics 1.2.3 PED, YED and XED",48,"Free Edexcel A-Level Economics revision notes on PED, YED, and XED — formulas, calculations, real-world examples, and exam-style interpretation for Theme 1.2.3.",Free Edexcel A-Level Economics revision notes (1.2.3). Covers the three elasticity formulas with worked calculations and what the values mean for pricing.,154,https://economicsacademy.co.uk/revision-notes/edexcel-theme-1/1-2-3-price-income-cross-elasticities-of-demand.html,topic shortened for title only; h1 unchanged
revision-notes/edexcel-theme-1/1-2-4-supply.html,Edexcel,1.2.4,Supply,Supply | Edexcel A-Level Economics Revision Notes | Economics Academy,Edexcel A-Level Economics 1.2.4 Supply,38,"Free Edexcel A-Level Economics revision notes on supply — the law of supply, conditions shifting the supply curve, government intervention effects, and supply diagram analysis for Theme 1.2.4.","Revision notes for Edexcel A-Level Economics 1.2.4. Covers the law of supply, movements versus shifts, and how costs, technology and taxation change supply.",156,https://economicsacademy.co.uk/revision-notes/edexcel-theme-1/1-2-4-supply.html,
revision-notes/edexcel-theme-1/1-2-5-price-elasticity-of-supply.html,Edexcel,1.2.5,Price Elasticity of Supply,Price Elasticity of Supply | Edexcel A-Level Economics Revision Notes | Economics Academy,Edexcel A-Level Economics 1.2.5 Price Elasticity of Supply,58,"Free Edexcel A-Level Economics revision notes on price elasticity of supply (PES) — formula, calculation, determinants, and real-world applications for Theme 1.2.5.","Free Edexcel A-Level Economics revision notes (1.2.5). Covers the PES formula, interpreting values, its determinants and the short-run/long-run distinction.",156,https://economicsacademy.co.uk/revision-notes/edexcel-theme-1/1-2-5-price-elasticity-of-supply.html,
revision-notes/edexcel-theme-1/1-2-6-price-determination.html,Edexcel,1.2.6,Price Determination,Price Determination | Edexcel A-Level Economics Revision Notes | Economics Academy,Edexcel A-Level Economics 1.2.6 Price Determination,51,"Free Edexcel A-Level Economics revision notes on price determination — market equilibrium, disequilibrium, demand and supply shocks, and equilibrium adjustment for Theme 1.2.6.","Free Edexcel A-Level Economics revision notes (1.2.6). Covers equilibrium price and quantity, excess demand and supply, and how shifts move the equilibrium.",156,https://economicsacademy.co.uk/revision-notes/edexcel-theme-1/1-2-6-price-determination.html,
revision-notes/edexcel-theme-1/1-2-7-price-mechanism.html,Edexcel,1.2.7,The Price Mechanism,The Price Mechanism | Edexcel A-Level Economics Revision Notes | Economics Academy,Edexcel A-Level Economics 1.2.7 The Price Mechanism,51,"Free Edexcel A-Level Economics revision notes on the price mechanism — signalling, incentive, and rationing functions, Adam Smith's invisible hand, and real-world applications for Theme 1.2.7.","Free Edexcel A-Level Economics revision notes (1.2.7). Covers the rationing, incentive and signalling functions and how prices allocate scarce resources.",153,https://economicsacademy.co.uk/revision-notes/edexcel-theme-1/1-2-7-price-mechanism.html,
revision-notes/edexcel-theme-1/1-2-8-producer-consumer-surplus.html,Edexcel,1.2.8,Producer and Consumer Surplus,Producer and Consumer Surplus | Edexcel A-Level Economics Revision Notes | Economics Academy,Edexcel A-Level Economics 1.2.8 Consumer and Producer Surplus,61,"Free Edexcel A-Level Economics revision notes on producer and consumer surplus — calculating, interpreting, and analysing surplus changes from market interventions for Theme 1.2.8.","Revision notes for Edexcel A-Level Economics 1.2.8. Covers identifying and shading surplus areas and how taxes, subsidies and price controls redistribute it.",157,https://economicsacademy.co.uk/revision-notes/edexcel-theme-1/1-2-8-producer-consumer-surplus.html,title 61 chars: kept full search term; topic shortened for title only; h1 unchanged
revision-notes/edexcel-theme-1/1-2-9-indirect-taxes-subsidies.html,Edexcel,1.2.9,Indirect Taxes and Subsidies,Indirect Taxes and Subsidies | Edexcel A-Level Economics Revision Notes | Economics Academy,Edexcel A-Level Economics 1.2.9 Indirect Taxes and Subsidies,60,"Free Edexcel A-Level Economics revision notes on indirect taxes and subsidies — supply shifts, tax incidence, consumer and producer burden, and the role of PED for Theme 1.2.9.","Revision notes for Edexcel A-Level Economics 1.2.9. Covers how taxes and subsidies shift supply, tax incidence, and the role of PED in who bears the burden.",156,https://economicsacademy.co.uk/revision-notes/edexcel-theme-1/1-2-9-indirect-taxes-subsidies.html,
revision-notes/edexcel-theme-1/1-3-1-types-of-market-failure.html,Edexcel,1.3.1,Types of Market Failure,Types of Market Failure | Edexcel A-Level Economics Revision Notes | Economics Academy,Edexcel A-Level Economics 1.3.1 Types of Market Failure,55,"Free Edexcel A-Level Economics revision notes on types of market failure — externalities, public goods, information gaps, and why free markets misallocate resources for Theme 1.3.1.","Revision notes for Edexcel A-Level Economics 1.3.1. Covers why free markets misallocate resources through externalities, public goods and information gaps.",155,https://economicsacademy.co.uk/revision-notes/edexcel-theme-1/1-3-1-types-of-market-failure.html,
revision-notes/edexcel-theme-1/1-3-2-externalities.html,Edexcel,1.3.2,Externalities,Externalities | Edexcel A-Level Economics Revision Notes | Economics Academy,Edexcel A-Level Economics 1.3.2 Externalities,45,"Free Edexcel A-Level Economics revision notes on externalities — negative and positive externalities, social vs private costs and benefits, welfare loss triangles, and government intervention for Theme 1.3.2.","Free Edexcel A-Level Economics revision notes (1.3.2). Covers external costs and benefits, private versus social costs, welfare loss and the social optimum.",156,https://economicsacademy.co.uk/revision-notes/edexcel-theme-1/1-3-2-externalities.html,
revision-notes/edexcel-theme-1/1-3-3-public-goods.html,Edexcel,1.3.3,Public Goods,Public Goods | Edexcel A-Level Economics Revision Notes | Economics Academy,Edexcel A-Level Economics 1.3.3 Public Goods,44,"Free Edexcel A-Level Economics revision notes on public goods — non-excludability, non-rivalry, the free rider problem, and why government provision is needed for Theme 1.3.3.","Free Edexcel A-Level Economics revision notes (1.3.3). Covers non-excludability and non-rivalry, the free rider problem and the case for state provision.",153,https://economicsacademy.co.uk/revision-notes/edexcel-theme-1/1-3-3-public-goods.html,
revision-notes/edexcel-theme-1/1-3-4-information-gaps.html,Edexcel,1.3.4,Information Gaps,Information Gaps | Edexcel A-Level Economics Revision Notes | Economics Academy,Edexcel A-Level Economics 1.3.4 Information Gaps,48,"Free Edexcel A-Level Economics revision notes on information gaps — asymmetric information, adverse selection, moral hazard, and market failure from imperfect information for Theme 1.3.4.","Free Edexcel A-Level Economics revision notes (1.3.4). Covers asymmetric information, adverse selection and moral hazard, and the resulting market failure.",155,https://economicsacademy.co.uk/revision-notes/edexcel-theme-1/1-3-4-information-gaps.html,
revision-notes/edexcel-theme-1/1-4-1-government-intervention-in-markets.html,Edexcel,1.4.1,Government Intervention in Markets,Government Intervention in Markets | Edexcel A-Level Economics Revision Notes | Economics Academy,Edexcel A-Level Economics 1.4.1 Government Intervention,55,"Free Edexcel A-Level Economics revision notes on government intervention in markets — taxes, subsidies, price controls, regulations, and other policies to correct market failure for Theme 1.4.1.","Free Edexcel A-Level Economics revision notes (1.4.1). Covers indirect taxes, subsidies, maximum and minimum prices, regulation and information provision.",154,https://economicsacademy.co.uk/revision-notes/edexcel-theme-1/1-4-1-government-intervention-in-markets.html,topic shortened for title only; h1 unchanged
revision-notes/edexcel-theme-1/1-4-2-government-failure.html,Edexcel,1.4.2,Government Failure,Government Failure | Edexcel A-Level Economics Revision Notes | Economics Academy,Edexcel A-Level Economics 1.4.2 Government Failure,50,"Free Edexcel A-Level Economics revision notes on government failure — how intervention can worsen outcomes through poor incentives, information problems, unintended consequences, and political short-termism for Theme 1.4.2.",Free Edexcel A-Level Economics revision notes for unit 1.4.2. Covers how intervention can worsen outcomes through distorted incentives and regulatory capture.,158,https://economicsacademy.co.uk/revision-notes/edexcel-theme-1/1-4-2-government-failure.html,
revision-notes/edexcel-theme-2/2-1-1-economic-growth.html,Edexcel,2.1.1,Economic Growth,Economic Growth | Edexcel A-Level Economics Revision Notes | Economics Academy,Edexcel A-Level Economics 2.1.1 Economic Growth,47,"Free Edexcel A-Level Economics revision notes on economic growth — GDP measurement, real vs nominal growth, actual vs potential growth, and economic growth diagrams for Theme 2.1.1.","Free Edexcel A-Level Economics revision notes for unit 2.1.1. Covers the expenditure and income methods, nominal versus real GDP, GDP per capita, GNI and PPP.",158,https://economicsacademy.co.uk/revision-notes/edexcel-theme-2/2-1-1-economic-growth.html,
revision-notes/edexcel-theme-2/2-1-2-inflation.html,Edexcel,2.1.2,Inflation,Inflation | Edexcel A-Level Economics Revision Notes | Economics Academy,Edexcel A-Level Economics 2.1.2 Inflation,41,"Free Edexcel A-Level Economics revision notes on inflation — CPI and RPI measurement, demand-pull and cost-push inflation, the quantity theory of money, and the costs of inflation for Theme 2.1.2.","Edexcel A-Level Economics 2.1.2 revision notes. Covers CPI and RPI measurement, the limits of CPI, and demand-pull versus cost-push inflation. With diagrams.",157,https://economicsacademy.co.uk/revision-notes/edexcel-theme-2/2-1-2-inflation.html,
revision-notes/edexcel-theme-2/2-1-3-employment-unemployment.html,Edexcel,2.1.3,Employment and Unemployment,Employment and Unemployment | Edexcel A-Level Economics Revision Notes | Economics Academy,Edexcel A-Level Economics 2.1.3 Employment and Unemployment,59,"Free Edexcel A-Level Economics revision notes on employment and unemployment — measurement, types of unemployment, causes, costs, and government policies for Theme 2.1.3.","Revision notes for Edexcel A-Level Economics 2.1.3. Covers how unemployment is measured, its types and causes, and the effect of migration on the labour market.",160,https://economicsacademy.co.uk/revision-notes/edexcel-theme-2/2-1-3-employment-unemployment.html,
revision-notes/edexcel-theme-2/2-1-4-balance-of-payments.html,Edexcel,2.1.4,Balance of Payments,Balance of Payments | Edexcel A-Level Economics Revision Notes | Economics Academy,Edexcel A-Level Economics 2.1.4 Balance of Payments,51,"Free Edexcel A-Level Economics revision notes on the balance of payments — current account, capital account, financial account, deficits and surpluses for Theme 2.1.4.","Revision notes for Edexcel A-Level Economics 2.1.4. Covers the structure of the accounts, the current account, and the trade-offs in correcting imbalances.",155,https://economicsacademy.co.uk/revision-notes/edexcel-theme-2/2-1-4-balance-of-payments.html,
revision-notes/edexcel-theme-2/2-2-1-aggregate-demand.html,Edexcel,2.2.1,Aggregate Demand,Aggregate Demand | Edexcel A-Level Economics Revision Notes | Economics Academy,Edexcel A-Level Economics 2.2.1 Aggregate Demand,48,"Free Edexcel A-Level Economics revision notes on aggregate demand — the AD formula (C+I+G+X-M), components of AD, shifts in the AD curve, and AD/AS diagram analysis for Theme 2.2.1.","Free Edexcel A-Level Economics revision notes for unit 2.2.1. Covers the AD formula, the relative weight of each component, and movements versus shifts of AD.",158,https://economicsacademy.co.uk/revision-notes/edexcel-theme-2/2-2-1-aggregate-demand.html,
revision-notes/edexcel-theme-2/2-2-2-consumption.html,Edexcel,2.2.2,Consumption,Consumption | Edexcel A-Level Economics Revision Notes | Economics Academy,Edexcel A-Level Economics 2.2.2 Consumption,43,"Free Edexcel A-Level Economics revision notes on consumption — disposable income, the marginal propensity to consume, savings, wealth effects, and consumer confidence for Theme 2.2.2.","Free Edexcel A-Level Economics revision notes (2.2.2). Covers disposable income, the savings relationship, interest rates, wealth effects and confidence.",153,https://economicsacademy.co.uk/revision-notes/edexcel-theme-2/2-2-2-consumption.html,
revision-notes/edexcel-theme-2/2-2-3-investment.html,Edexcel,2.2.3,Investment,Investment | Edexcel A-Level Economics Revision Notes | Economics Academy,Edexcel A-Level Economics 2.2.3 Investment,42,"Free Edexcel A-Level Economics revision notes on investment — gross and net investment, determinants of investment, the accelerator theory, and the role of interest rates for Theme 2.2.3.","Revision notes for Edexcel A-Level Economics 2.2.3. Covers gross versus net investment, the influences on investment decisions and the accelerator effect.",154,https://economicsacademy.co.uk/revision-notes/edexcel-theme-2/2-2-3-investment.html,
revision-notes/edexcel-theme-2/2-2-4-government-expenditure.html,Edexcel,2.2.4,Government Expenditure,Government Expenditure | Edexcel A-Level Economics Revision Notes | Economics Academy,Edexcel A-Level Economics 2.2.4 Government Expenditure,54,"Free Edexcel A-Level Economics revision notes on government expenditure — current and capital spending, fiscal policy, automatic stabilisers, and the government budget for Theme 2.2.4.","Free Edexcel A-Level Economics revision notes (2.2.4). Covers the role of state spending in AD, automatic stabilisers, and the effect on the budget deficit.",156,https://economicsacademy.co.uk/revision-notes/edexcel-theme-2/2-2-4-government-expenditure.html,
revision-notes/edexcel-theme-2/2-2-5-net-trade.html,Edexcel,2.2.5,Net Trade,Net Trade | Edexcel A-Level Economics Revision Notes | Economics Academy,Edexcel A-Level Economics 2.2.5 Net Trade,41,"Free Edexcel A-Level Economics revision notes on net trade — exports, imports, the trade balance, factors affecting net trade, and the link to aggregate demand for Theme 2.2.5.","Free Edexcel A-Level Economics revision notes for unit 2.2.5. Covers exports and imports, exchange rates, protectionism, and the Marshall-Lerner condition.",155,https://economicsacademy.co.uk/revision-notes/edexcel-theme-2/2-2-5-net-trade.html,
revision-notes/edexcel-theme-2/2-3-1-aggregate-supply.html,Edexcel,2.3.1,Aggregate Supply,Aggregate Supply | Edexcel A-Level Economics Revision Notes | Economics Academy,Edexcel A-Level Economics 2.3.1 Aggregate Supply,48,"Free Edexcel A-Level Economics revision notes on aggregate supply — SRAS, LRAS, Keynesian vs classical models, shifts in AS, and AD/AS equilibrium analysis for Theme 2.3.1.","Free Edexcel A-Level Economics revision notes for unit 2.3.1. Covers SRAS and LRAS, why SRAS slopes upward, and the Classical and Keynesian views of the curve.",159,https://economicsacademy.co.uk/revision-notes/edexcel-theme-2/2-3-1-aggregate-supply.html,
revision-notes/edexcel-theme-2/2-3-2-short-run-aggregate-supply.html,Edexcel,2.3.2,Short-Run Aggregate Supply,Short-Run Aggregate Supply | Edexcel A-Level Economics Revision Notes | Economics Academy,Edexcel A-Level Economics 2.3.2 Short-Run Aggregate Supply,58,"Free Edexcel A-Level Economics revision notes on short-run aggregate supply (SRAS) — shape, determinants, cost-push shocks, and shifts in the SRAS curve for Theme 2.3.2.","Free Edexcel A-Level Economics revision notes (2.3.2). Covers the shape of SRAS, the causes of shifts, and how cost-push shocks change output and prices.",153,https://economicsacademy.co.uk/revision-notes/edexcel-theme-2/2-3-2-short-run-aggregate-supply.html,
revision-notes/edexcel-theme-2/2-3-3-long-run-aggregate-supply.html,Edexcel,2.3.3,Long-Run Aggregate Supply,Long-Run Aggregate Supply | Edexcel A-Level Economics Revision Notes | Economics Academy,Edexcel A-Level Economics 2.3.3 Long-Run Aggregate Supply,57,"Free Edexcel A-Level Economics revision notes on long-run aggregate supply (LRAS) — the classical vertical LRAS, the Keynesian model, productive capacity, and supply-side policies for Theme 2.3.3.","Free Edexcel A-Level Economics revision notes for unit 2.3.3. Covers the Classical vertical LRAS, the Keynesian L-shape, and how supply-side policy shifts it.",158,https://economicsacademy.co.uk/revision-notes/edexcel-theme-2/2-3-3-long-run-aggregate-supply.html,
revision-notes/edexcel-theme-2/2-4-1-national-income.html,Edexcel,2.4.1,National Income,National Income | Edexcel A-Level Economics Revision Notes | Economics Academy,Edexcel A-Level Economics 2.4.1 National Income,47,"Free Edexcel A-Level Economics revision notes on national income — GDP, GNP, NNP, the circular flow of income, measurement methods, and uses of national income data for Theme 2.4.1.","Free Edexcel A-Level Economics revision notes (2.4.1). Covers the circular flow, the equilibrium condition, and income as a flow versus wealth as a stock.",154,https://economicsacademy.co.uk/revision-notes/edexcel-theme-2/2-4-1-national-income.html,
revision-notes/edexcel-theme-2/2-4-2-injections-withdrawals.html,Edexcel,2.4.2,Injections and Withdrawals,Injections and Withdrawals | Edexcel A-Level Economics Revision Notes | Economics Academy,Edexcel A-Level Economics 2.4.2 Injections and Withdrawals,58,"Free Edexcel A-Level Economics revision notes on injections and withdrawals — investment, government spending, exports vs savings, taxation, imports in the circular flow for Theme 2.4.2.","Free Edexcel A-Level Economics revision notes (2.4.2). Covers investment, spending and exports against saving, taxation and imports in the circular flow.",153,https://economicsacademy.co.uk/revision-notes/edexcel-theme-2/2-4-2-injections-withdrawals.html,
revision-notes/edexcel-theme-2/2-4-3-equilibrium-levels-of-real-national-output.html,Edexcel,2.4.3,Equilibrium Levels of Real National Output,Equilibrium Levels of Real National Output | Edexcel A-Level Economics Revision Notes | Economics Academy,Edexcel A-Level Economics 2.4.3 Equilibrium National Output,59,"Free Edexcel A-Level Economics revision notes on equilibrium national output — AD/AS equilibrium, inflationary and deflationary gaps, and Keynesian and classical analysis for Theme 2.4.3.",Free Edexcel A-Level Economics revision notes (2.4.3). Covers short-run and long-run equilibrium and how Classical and Keynesian models differ on AD shifts.,156,https://economicsacademy.co.uk/revision-notes/edexcel-theme-2/2-4-3-equilibrium-levels-of-real-national-output.html,topic shortened for title only; h1 unchanged
revision-notes/edexcel-theme-2/2-4-4-the-multiplier.html,Edexcel,2.4.4,The Multiplier,The Multiplier | Edexcel A-Level Economics Revision Notes | Economics Academy,Edexcel A-Level Economics 2.4.4 The Multiplier,46,"Free Edexcel A-Level Economics revision notes on the multiplier — how it works, the multiplier formula, the marginal propensity to consume, and real-world applications for Theme 2.4.4.","Free Edexcel A-Level Economics revision notes for unit 2.4.4. Covers how the multiplier works, marginal propensities, the formula and what determines its size.",159,https://economicsacademy.co.uk/revision-notes/edexcel-theme-2/2-4-4-the-multiplier.html,
revision-notes/edexcel-theme-2/2-5-1-causes-of-growth.html,Edexcel,2.5.1,Causes of Growth,Causes of Growth | Edexcel A-Level Economics Revision Notes | Economics Academy,Edexcel A-Level Economics 2.5.1 Causes of Growth,48,"Free Edexcel A-Level Economics revision notes on causes of growth — actual and potential growth, demand-side and supply-side factors, and AD/AS analysis of growth for Theme 2.5.1.","Edexcel A-Level Economics 2.5.1 revision notes. Covers actual versus potential growth, short-run and long-run causes, and export-led growth. With diagrams.",155,https://economicsacademy.co.uk/revision-notes/edexcel-theme-2/2-5-1-causes-of-growth.html,
revision-notes/edexcel-theme-2/2-5-2-output-gaps.html,Edexcel,2.5.2,Output Gaps,Output Gaps | Edexcel A-Level Economics Revision Notes | Economics Academy,Edexcel A-Level Economics 2.5.2 Output Gaps,43,"Free Edexcel A-Level Economics revision notes on output gaps — negative and positive output gaps, inflationary and deflationary gaps, and their policy implications for Theme 2.5.2.","Free Edexcel A-Level Economics revision notes (2.5.2). Covers negative and positive output gaps, the two economic views, and why gaps are hard to measure.",154,https://economicsacademy.co.uk/revision-notes/edexcel-theme-2/2-5-2-output-gaps.html,
revision-notes/edexcel-theme-2/2-5-3-trade-cycle.html,Edexcel,2.5.3,The Trade Cycle,The Trade Cycle | Edexcel A-Level Economics Revision Notes | Economics Academy,Edexcel A-Level Economics 2.5.3 The Trade Cycle,47,"Free Edexcel A-Level Economics revision notes on the trade cycle — boom, recession, slump, and recovery phases, and the macroeconomic effects of each stage for Theme 2.5.3.","Free Edexcel A-Level Economics revision notes (2.5.3). Covers the stages of the cycle, the character of booms and recessions, and demand-side stabilisation.",156,https://economicsacademy.co.uk/revision-notes/edexcel-theme-2/2-5-3-trade-cycle.html,
revision-notes/edexcel-theme-2/2-5-4-the-impact-of-economic-growth.html,Edexcel,2.5.4,The Impact of Economic Growth,The Impact of Economic Growth | Edexcel A-Level Economics Revision Notes | Economics Academy,Edexcel A-Level Economics 2.5.4 Impact of Economic Growth,57,"Free Edexcel A-Level Economics revision notes on the impact of economic growth — benefits and costs, inequality, environmental effects, and sustainable development for Theme 2.5.4.",Free Edexcel A-Level Economics revision notes (2.5.4). Covers the benefits and costs of growth and its conflict with sustainability and greater equality.,153,https://economicsacademy.co.uk/revision-notes/edexcel-theme-2/2-5-4-the-impact-of-economic-growth.html,topic shortened for title only; h1 unchanged
revision-notes/edexcel-theme-2/2-6-1-possible-macroeconomic-objectives.html,Edexcel,2.6.1,Possible Macroeconomic Objectives,Possible Macroeconomic Objectives | Edexcel A-Level Economics Revision Notes | Economics Academy,Edexcel A-Level Economics 2.6.1 Macroeconomic Objectives,56,"Free Edexcel A-Level Economics revision notes on macroeconomic objectives — economic growth, low inflation, low unemployment, balance of payments equilibrium, and trade-offs for Theme 2.6.1.","Free Edexcel A-Level Economics revision notes (2.6.1). Covers growth, unemployment, inflation, the current account, the fiscal balance and the environment.",155,https://economicsacademy.co.uk/revision-notes/edexcel-theme-2/2-6-1-possible-macroeconomic-objectives.html,topic shortened for title only; h1 unchanged
revision-notes/edexcel-theme-2/2-6-2-demand-side-policies.html,Edexcel,2.6.2,Demand-Side Policies,Demand-Side Policies | Edexcel A-Level Economics Revision Notes | Economics Academy,Edexcel A-Level Economics 2.6.2 Demand-Side Policies,52,"Free Edexcel A-Level Economics revision notes on demand-side policies — monetary policy, fiscal policy, AD/AS diagrams, and policy evaluation for Theme 2.6.2.","Free Edexcel A-Level Economics revision notes for unit 2.6.2. Covers monetary and fiscal policy, the transmission mechanism and the government budget position.",159,https://economicsacademy.co.uk/revision-notes/edexcel-theme-2/2-6-2-demand-side-policies.html,
revision-notes/edexcel-theme-2/2-6-3-supply-side-policies.html,Edexcel,2.6.3,Supply-Side Policies,Supply-Side Policies | Edexcel A-Level Economics Revision Notes | Economics Academy,Edexcel A-Level Economics 2.6.3 Supply-Side Policies,52,"Free Edexcel A-Level Economics revision notes on supply-side policies — market-based and interventionist approaches, productivity, LRAS shifts, and policy evaluation for Theme 2.6.3.",Edexcel A-Level Economics 2.6.3 revision notes. Covers market-based and interventionist policies and their effect on the productive potential of the economy.,157,https://economicsacademy.co.uk/revision-notes/edexcel-theme-2/2-6-3-supply-side-policies.html,
revision-notes/edexcel-theme-2/2-6-4-conflicts-between-objectives-and-policies.html,Edexcel,2.6.4,Conflicts Between Objectives and Policies,Conflicts Between Objectives and Policies | Edexcel A-Level Economics Revision Notes | Economics Academy,Edexcel A-Level Economics 2.6.4 Conflicts Between Objectives,60,"Free Edexcel A-Level Economics revision notes on conflicts between macroeconomic objectives — the Phillips curve, growth vs inflation, unemployment vs inflation trade-offs for Theme 2.6.4.","Revision notes for Edexcel A-Level Economics 2.6.4. Covers why objectives conflict, growth versus inflation, and the short-run Phillips curve. With diagrams.",157,https://economicsacademy.co.uk/revision-notes/edexcel-theme-2/2-6-4-conflicts-between-objectives-and-policies.html,topic shortened for title only; h1 unchanged
revision-notes/edexcel-theme-3/3-1-1-sizes-types-of-firms.html,Edexcel,3.1.1,Sizes and Types of Firms,Sizes and Types of Firms | Edexcel A-Level Economics Revision Notes | Economics Academy,Edexcel A-Level Economics 3.1.1 Sizes and Types of Firms,56,"Free Edexcel A-Level Economics revision notes on sizes and types of firms — sole traders, partnerships, private and public limited companies, and measures of firm size for Theme 3.1.1.","Revision notes for Edexcel A-Level Economics 3.1.1. Covers why firms grow or stay small, the divorce of ownership and control, and not-for-profit organisations.",160,https://economicsacademy.co.uk/revision-notes/edexcel-theme-3/3-1-1-sizes-types-of-firms.html,
revision-notes/edexcel-theme-3/3-1-2-business-growth.html,Edexcel,3.1.2,Business Growth,Business Growth | Edexcel A-Level Economics Revision Notes | Economics Academy,Edexcel A-Level Economics 3.1.2 Business Growth,47,"Free Edexcel A-Level Economics revision notes on business growth — internal and external growth, mergers, takeovers, vertical and horizontal integration, and motives for growth for Theme 3.1.2.","Free Edexcel A-Level Economics revision notes for unit 3.1.2. Covers organic versus inorganic growth, the types of integration, and the constraints on growth.",158,https://economicsacademy.co.uk/revision-notes/edexcel-theme-3/3-1-2-business-growth.html,
revision-notes/edexcel-theme-3/3-1-3-demergers.html,Edexcel,3.1.3,Demergers,Demergers | Edexcel A-Level Economics Revision Notes | Economics Academy,Edexcel A-Level Economics 3.1.3 Demergers,41,"Free Edexcel A-Level Economics revision notes on demergers — why firms demerge, the benefits and drawbacks of breaking up, and how demergers relate to firm strategy for Theme 3.1.3.","Free Edexcel A-Level Economics revision notes (3.1.3). Covers what a demerger is, why firms break up, and the impacts on businesses, workers and consumers.",155,https://economicsacademy.co.uk/revision-notes/edexcel-theme-3/3-1-3-demergers.html,
revision-notes/edexcel-theme-3/3-2-1-business-objectives.html,Edexcel,3.2.1,Business Objectives,Business Objectives | Edexcel A-Level Economics Revision Notes | Economics Academy,Edexcel A-Level Economics 3.2.1 Business Objectives,51,"Free Edexcel A-Level Economics revision notes on business objectives — profit maximisation, revenue maximisation, satisficing, and alternative managerial theories for Theme 3.2.1.","Edexcel A-Level Economics 3.2.1 revision notes. Covers profit, revenue and sales maximisation, satisficing and the principal-agent problem. With diagrams.",154,https://economicsacademy.co.uk/revision-notes/edexcel-theme-3/3-2-1-business-objectives.html,
revision-notes/edexcel-theme-3/3-3-1-revenue.html,Edexcel,3.3.1,Revenue,Revenue | Edexcel A-Level Economics Revision Notes | Economics Academy,Edexcel A-Level Economics 3.3.1 Revenue,39,"Free Edexcel A-Level Economics revision notes on revenue — total revenue, average revenue, marginal revenue, and the relationship between revenue and price elasticity of demand for Theme 3.3.1.","Free Edexcel A-Level Economics revision notes (3.3.1). Covers total, average and marginal revenue and how the total revenue rule links to price elasticity.",155,https://economicsacademy.co.uk/revision-notes/edexcel-theme-3/3-3-1-revenue.html,
revision-notes/edexcel-theme-3/3-3-2-costs.html,Edexcel,3.3.2,Costs,Costs | Edexcel A-Level Economics Revision Notes | Economics Academy,Edexcel A-Level Economics 3.3.2 Costs,37,"Free Edexcel A-Level Economics revision notes on costs — fixed and variable costs, total, average, and marginal costs, short-run and long-run cost curves for Theme 3.3.2.","Free Edexcel A-Level Economics revision notes (3.3.2). Covers the main cost measures, the shape of the curves, and the MC, AVC, AC and LRAC relationships.",154,https://economicsacademy.co.uk/revision-notes/edexcel-theme-3/3-3-2-costs.html,
revision-notes/edexcel-theme-3/3-3-3-economies-diseconomies-of-scale.html,Edexcel,3.3.3,Economies and Diseconomies of Scale,Economies and Diseconomies of Scale | Edexcel A-Level Economics Revision Notes | Economics Academy,Edexcel A-Level Economics 3.3.3 Economies of Scale,50,"Free Edexcel A-Level Economics revision notes on economies and diseconomies of scale — internal and external economies, minimum efficient scale, and the long-run average cost curve for Theme 3.3.3.","Free Edexcel A-Level Economics revision notes for unit 3.3.3. Covers the LRAC curve, internal and external economies, diseconomies and minimum efficient scale.",159,https://economicsacademy.co.uk/revision-notes/edexcel-theme-3/3-3-3-economies-diseconomies-of-scale.html,topic shortened for title only; h1 unchanged
revision-notes/edexcel-theme-3/3-3-4-normal-profits-supernormal-profits-losses.html,Edexcel,3.3.4,"Normal Profits, Supernormal Profits and Losses","Normal Profits, Supernormal Profits and Losses | Edexcel A-Level Economics Revision Notes | Economics Academy",Edexcel A-Level Economics 3.3.4 Profits and Losses,50,"Free Edexcel A-Level Economics revision notes on normal profits, supernormal profits, and losses — definitions, the profit-maximising condition (MR=MC), and diagrammatic analysis for Theme 3.3.4.","Edexcel A-Level Economics 3.3.4 revision notes. Covers explicit versus implicit costs, normal and supernormal profit, and the shut-down rules. With diagrams.",157,https://economicsacademy.co.uk/revision-notes/edexcel-theme-3/3-3-4-normal-profits-supernormal-profits-losses.html,topic shortened for title only; h1 unchanged
revision-notes/edexcel-theme-3/3-4-1-efficiency.html,Edexcel,3.4.1,Efficiency,Efficiency | Edexcel A-Level Economics Revision Notes | Economics Academy,Edexcel A-Level Economics 3.4.1 Efficiency,42,"Free Edexcel A-Level Economics revision notes on efficiency — productive efficiency, allocative efficiency, dynamic efficiency, and X-inefficiency for Theme 3.4.1.","Revision notes for Edexcel A-Level Economics 3.4.1. Covers allocative, productive and dynamic efficiency, X-inefficiency and the static-dynamic trade-off.",154,https://economicsacademy.co.uk/revision-notes/edexcel-theme-3/3-4-1-efficiency.html,
revision-notes/edexcel-theme-3/3-4-2-perfect-competition.html,Edexcel,3.4.2,Perfect Competition,Perfect Competition | Edexcel A-Level Economics Revision Notes | Economics Academy,Edexcel A-Level Economics 3.4.2 Perfect Competition,51,"Free Edexcel A-Level Economics revision notes on perfect competition — assumptions, short-run and long-run equilibrium, efficiency outcomes, and evaluation for Theme 3.4.2.","Free Edexcel A-Level Economics revision notes for unit 3.4.2. Covers the assumptions, why firms are price takers, and the adjustment to long-run equilibrium.",157,https://economicsacademy.co.uk/revision-notes/edexcel-theme-3/3-4-2-perfect-competition.html,
revision-notes/edexcel-theme-3/3-4-3-monopolistic-competition.html,Edexcel,3.4.3,Monopolistic Competition,Monopolistic Competition | Edexcel A-Level Economics Revision Notes | Economics Academy,Edexcel A-Level Economics 3.4.3 Monopolistic Competition,56,"Free Edexcel A-Level Economics revision notes on monopolistic competition — assumptions, short-run supernormal profits, long-run normal profit equilibrium, and efficiency for Theme 3.4.3.","Edexcel A-Level Economics 3.4.3 revision notes. Covers product differentiation, the move to long-run normal profit, and non-price competition. With diagrams.",157,https://economicsacademy.co.uk/revision-notes/edexcel-theme-3/3-4-3-monopolistic-competition.html,
revision-notes/edexcel-theme-3/3-4-4-oligopoly.html,Edexcel,3.4.4,Oligopoly,Oligopoly | Edexcel A-Level Economics Revision Notes | Economics Academy,Edexcel A-Level Economics 3.4.4 Oligopoly,41,"Free Edexcel A-Level Economics revision notes on oligopoly — the kinked demand curve, game theory, collusion, price wars, and non-price competition for Theme 3.4.4.","Free Edexcel A-Level Economics revision notes for unit 3.4.4. Covers concentration ratios, interdependence, the kinked demand curve, collusion and game theory.",159,https://economicsacademy.co.uk/revision-notes/edexcel-theme-3/3-4-4-oligopoly.html,
revision-notes/edexcel-theme-3/3-4-5-monopoly.html,Edexcel,3.4.5,Monopoly,Monopoly | Edexcel A-Level Economics Revision Notes | Economics Academy,Edexcel A-Level Economics 3.4.5 Monopoly,40,"Free Edexcel A-Level Economics revision notes on monopoly — profit maximisation, supernormal profit, welfare loss, price discrimination, and the case for and against monopoly for Theme 3.4.5.","Free Edexcel A-Level Economics revision notes for unit 3.4.5. Covers profit maximisation, third-degree price discrimination, welfare loss and natural monopoly.",159,https://economicsacademy.co.uk/revision-notes/edexcel-theme-3/3-4-5-monopoly.html,
revision-notes/edexcel-theme-3/3-4-6-monopsony.html,Edexcel,3.4.6,Monopsony,Monopsony | Edexcel A-Level Economics Revision Notes | Economics Academy,Edexcel A-Level Economics 3.4.6 Monopsony,41,"Free Edexcel A-Level Economics revision notes on monopsony — monopsony power in labour markets, wage and employment effects, welfare analysis, and real-world examples for Theme 3.4.6.","Free Edexcel A-Level Economics revision notes (3.4.6). Covers the monopsony labour market diagram, monopsonistic exploitation and possible policy responses.",156,https://economicsacademy.co.uk/revision-notes/edexcel-theme-3/3-4-6-monopsony.html,
revision-notes/edexcel-theme-3/3-4-7-contestability.html,Edexcel,3.4.7,Contestability,Contestability | Edexcel A-Level Economics Revision Notes | Economics Academy,Edexcel A-Level Economics 3.4.7 Contestability,46,"Free Edexcel A-Level Economics revision notes on contestability — contestable markets, barriers to entry and exit, sunk costs, hit-and-run competition, and policy implications for Theme 3.4.7.","Revision notes for Edexcel A-Level Economics 3.4.7. Covers contestability versus competition, hit-and-run entry, and the role of sunk costs. With diagrams.",155,https://economicsacademy.co.uk/revision-notes/edexcel-theme-3/3-4-7-contestability.html,
revision-notes/edexcel-theme-3/3-5-1-demand-for-labour.html,Edexcel,3.5.1,Demand for Labour,Demand for Labour | Edexcel A-Level Economics Revision Notes | Economics Academy,Edexcel A-Level Economics 3.5.1 Demand for Labour,49,"Free Edexcel A-Level Economics revision notes on the demand for labour — marginal revenue product theory, derived demand, shifts in labour demand, and wage elasticity for Theme 3.5.1.","Free Edexcel A-Level Economics revision notes (3.5.1). Covers derived demand, marginal revenue product theory, shifts in labour demand and wage elasticity.",155,https://economicsacademy.co.uk/revision-notes/edexcel-theme-3/3-5-1-demand-for-labour.html,
revision-notes/edexcel-theme-3/3-5-2-supply-of-labour.html,Edexcel,3.5.2,Supply of Labour,Supply of Labour | Edexcel A-Level Economics Revision Notes | Economics Academy,Edexcel A-Level Economics 3.5.2 Supply of Labour,48,"Free Edexcel A-Level Economics revision notes on the supply of labour — individual and market supply, the backward-bending supply curve, factors affecting labour supply, and wage elasticity for Theme 3.5.2.","Free Edexcel A-Level Economics revision notes (3.5.2). Covers the shape of the supply curve, geographical and occupational immobility, and mobility policy.",155,https://economicsacademy.co.uk/revision-notes/edexcel-theme-3/3-5-2-supply-of-labour.html,
revision-notes/edexcel-theme-3/3-5-3-wage-determination.html,Edexcel,3.5.3,Wage Determination,Wage Determination | Edexcel A-Level Economics Revision Notes | Economics Academy,Edexcel A-Level Economics 3.5.3 Wage Determination,50,"Free Edexcel A-Level Economics revision notes on wage determination — competitive labour markets, monopsony, trade unions, minimum wages, and wage differentials for Theme 3.5.3.",Free Edexcel A-Level Economics revision notes (3.5.3). Covers wage setting in competitive and monopsony markets and the impact of a national minimum wage.,154,https://economicsacademy.co.uk/revision-notes/edexcel-theme-3/3-5-3-wage-determination.html,
revision-notes/edexcel-theme-3/3-6-1-government-intervention.html,Edexcel,3.6.1,Government Intervention,Government Intervention | Edexcel A-Level Economics Revision Notes | Economics Academy,Edexcel A-Level Economics 3.6.1 Government Intervention,55,"Free Edexcel A-Level Economics revision notes on government intervention in markets — competition policy, regulation, nationalisation, and labour market intervention for Theme 3.6.1.","Edexcel A-Level Economics 3.6.1 revision notes. Covers how the CMA controls monopoly power, promotes contestability and protects suppliers. With diagrams.",154,https://economicsacademy.co.uk/revision-notes/edexcel-theme-3/3-6-1-government-intervention.html,
revision-notes/edexcel-theme-3/3-6-2-the-impact-of-government-intervention.html,Edexcel,3.6.2,The Impact of Government Intervention,The Impact of Government Intervention | Edexcel A-Level Economics Revision Notes | Economics Academy,Edexcel A-Level Economics 3.6.2 Impact of Intervention,54,"Free Edexcel A-Level Economics revision notes on the impact of government intervention — evaluating regulation, competition policy, deregulation, and government failure in markets for Theme 3.6.2.","Free Edexcel A-Level Economics revision notes for unit 3.6.2. Covers the intended outcomes of intervention, why it fails, and risks such as regulatory capture.",159,https://economicsacademy.co.uk/revision-notes/edexcel-theme-3/3-6-2-the-impact-of-government-intervention.html,topic shortened for title only; h1 unchanged
revision-notes/edexcel-theme-4/4-1-1-globalisation.html,Edexcel,4.1.1,Globalisation,Globalisation | Edexcel A-Level Economics Revision Notes | Economics Academy,Edexcel A-Level Economics 4.1.1 Globalisation,45,"Free Edexcel A-Level Economics revision notes on globalisation — causes and consequences of globalisation, trade, FDI, MNCs, and evaluating the impact on developed and developing economies for Theme 4.1.1.","Free Edexcel A-Level Economics revision notes (4.1.1). Covers the drivers of globalisation and its effects on consumers, workers, firms and the environment.",156,https://economicsacademy.co.uk/revision-notes/edexcel-theme-4/4-1-1-globalisation.html,
revision-notes/edexcel-theme-4/4-1-2-specialisation-trade.html,Edexcel,4.1.2,Specialisation and Trade,Specialisation and Trade | Edexcel A-Level Economics Revision Notes | Economics Academy,Edexcel A-Level Economics 4.1.2 Specialisation and Trade,56,"Free Edexcel A-Level Economics revision notes on specialisation and trade — absolute advantage, comparative advantage, the gains from trade, and free trade vs protectionism for Theme 4.1.2.","Free Edexcel A-Level Economics revision notes for unit 4.1.2. Covers absolute versus comparative advantage, opportunity cost, and the gains from trade on PPFs.",159,https://economicsacademy.co.uk/revision-notes/edexcel-theme-4/4-1-2-specialisation-trade.html,
revision-notes/edexcel-theme-4/4-1-3-pattern-of-trade.html,Edexcel,4.1.3,Pattern of Trade,Pattern of Trade | Edexcel A-Level Economics Revision Notes | Economics Academy,Edexcel A-Level Economics 4.1.3 Pattern of Trade,48,"Free Edexcel A-Level Economics revision notes on the pattern of trade — changing trade patterns, emerging economies, deindustrialisation, and factors determining comparative advantage for Theme 4.1.3.","Revision notes for Edexcel A-Level Economics 4.1.3. Covers what shapes the pattern of trade, emerging economies, and the effects on industries and workers.",155,https://economicsacademy.co.uk/revision-notes/edexcel-theme-4/4-1-3-pattern-of-trade.html,
revision-notes/edexcel-theme-4/4-1-4-terms-of-trade.html,Edexcel,4.1.4,Terms of Trade,Terms of Trade | Edexcel A-Level Economics Revision Notes | Economics Academy,Edexcel A-Level Economics 4.1.4 Terms of Trade,46,"Free Edexcel A-Level Economics revision notes on the terms of trade — the terms of trade index, causes of changes, and effects on export revenues and living standards for Theme 4.1.4.",Free Edexcel A-Level Economics revision notes (4.1.4). Covers how the terms of trade are calculated and their effect on export revenue and living standards.,156,https://economicsacademy.co.uk/revision-notes/edexcel-theme-4/4-1-4-terms-of-trade.html,
revision-notes/edexcel-theme-4/4-1-5-trading-blocs-and-the-world-trade-organisation.html,Edexcel,4.1.5,Trading Blocs and the World Trade Organisation,Trading Blocs and the WTO | Edexcel A-Level Economics Revision Notes | Economics Academy,Edexcel A-Level Economics 4.1.5 Trading Blocs and the WTO,57,"Free Edexcel A-Level Economics revision notes on trading blocs and the WTO — free trade areas, customs unions, trade creation, trade diversion, and the role of the World Trade Organisation for Theme 4.1.5.","Free Edexcel A-Level Economics revision notes for unit 4.1.5. Covers free trade areas, customs and monetary unions, trade creation and diversion, and the WTO.",158,https://economicsacademy.co.uk/revision-notes/edexcel-theme-4/4-1-5-trading-blocs-and-the-world-trade-organisation.html,topic shortened for title only; h1 unchanged
revision-notes/edexcel-theme-4/4-1-6-restrictions-on-free-trade.html,Edexcel,4.1.6,Restrictions on Free Trade,Restrictions on Free Trade | Edexcel A-Level Economics Revision Notes | Economics Academy,Edexcel A-Level Economics 4.1.6 Restrictions on Free Trade,58,"Free Edexcel A-Level Economics revision notes on restrictions on free trade — tariffs, quotas, subsidies, voluntary export restraints, and the economic case for and against protectionism for Theme 4.1.6.","Free Edexcel A-Level Economics revision notes (4.1.6). Covers tariffs, quotas, subsidies and non-tariff barriers, and the case for and against protection.",154,https://economicsacademy.co.uk/revision-notes/edexcel-theme-4/4-1-6-restrictions-on-free-trade.html,
revision-notes/edexcel-theme-4/4-1-7-balance-of-payments.html,Edexcel,4.1.7,Balance of Payments,Balance of Payments | Edexcel A-Level Economics Revision Notes | Economics Academy,Edexcel A-Level Economics 4.1.7 Balance of Payments,51,"Free Edexcel A-Level Economics revision notes on the balance of payments — current account, capital account, financial account, deficits, surpluses, and policies to correct imbalances for Theme 4.1.7.","Free Edexcel A-Level Economics revision notes for unit 4.1.7. Covers the three accounts, current account deficits and surpluses, and policies to correct them.",158,https://economicsacademy.co.uk/revision-notes/edexcel-theme-4/4-1-7-balance-of-payments.html,
revision-notes/edexcel-theme-4/4-1-8-exchange-rates.html,Edexcel,4.1.8,Exchange Rates,Exchange Rates | Edexcel A-Level Economics Revision Notes | Economics Academy,Edexcel A-Level Economics 4.1.8 Exchange Rates,46,"Free Edexcel A-Level Economics revision notes on exchange rates — fixed and floating exchange rate systems, determination of exchange rates, and the effects of appreciation and depreciation for Theme 4.1.8.","Edexcel A-Level Economics 4.1.8 revision notes. Covers floating, fixed and managed systems, appreciation and depreciation, and the J-curve. With diagrams.",154,https://economicsacademy.co.uk/revision-notes/edexcel-theme-4/4-1-8-exchange-rates.html,
revision-notes/edexcel-theme-4/4-1-9-international-competitiveness.html,Edexcel,4.1.9,International Competitiveness,International Competitiveness | Edexcel A-Level Economics Revision Notes | Economics Academy,Edexcel A-Level Economics 4.1.9 International Competitiveness,61,"Free Edexcel A-Level Economics revision notes on international competitiveness — measures of competitiveness, unit labour costs, productivity, and policies to improve a country's competitive position for Theme 4.1.9.","Revision notes for Edexcel A-Level Economics 4.1.9. Covers how competitiveness is measured, unit labour costs, and its significance for exports and growth.",155,https://economicsacademy.co.uk/revision-notes/edexcel-theme-4/4-1-9-international-competitiveness.html,title 61 chars: kept full search term
revision-notes/edexcel-theme-4/4-2-1-absolute-relative-poverty.html,Edexcel,4.2.1,Absolute and Relative Poverty,Absolute and Relative Poverty | Edexcel A-Level Economics Revision Notes | Economics Academy,Edexcel A-Level Economics 4.2.1 Absolute and Relative Poverty,61,"Free Edexcel A-Level Economics revision notes on absolute and relative poverty — definitions, measurement, causes, and policies to reduce poverty in developing and developed economies for Theme 4.2.1.","Free Edexcel A-Level Economics revision notes for unit 4.2.1. Covers the difference between the two measures, what changes poverty, and the link with growth.",157,https://economicsacademy.co.uk/revision-notes/edexcel-theme-4/4-2-1-absolute-relative-poverty.html,title 61 chars: kept full search term
revision-notes/edexcel-theme-4/4-2-2-inequality.html,Edexcel,4.2.2,Inequality,Inequality | Edexcel A-Level Economics Revision Notes | Economics Academy,Edexcel A-Level Economics 4.2.2 Inequality,42,"Free Edexcel A-Level Economics revision notes on inequality — the Lorenz curve, Gini coefficient, causes of income and wealth inequality, and policies to reduce it for Theme 4.2.2.","Edexcel A-Level Economics 4.2.2 revision notes. Covers the Lorenz curve and Gini coefficient, the causes of inequality and the Kuznets curve. With diagrams.",156,https://economicsacademy.co.uk/revision-notes/edexcel-theme-4/4-2-2-inequality.html,
revision-notes/edexcel-theme-4/4-3-1-measures-of-development.html,Edexcel,4.3.1,Measures of Development,Measures of Development | Edexcel A-Level Economics Revision Notes | Economics Academy,Edexcel A-Level Economics 4.3.1 Measures of Development,55,"Free Edexcel A-Level Economics revision notes on measures of development — GDP, HDI, and alternative development indicators, their strengths, limitations, and use for Theme 4.3.1.","Free Edexcel A-Level Economics revision notes for unit 4.3.1. Covers growth versus development, single and composite indicators, HDI, and the IHDI and MPI.",155,https://economicsacademy.co.uk/revision-notes/edexcel-theme-4/4-3-1-measures-of-development.html,
revision-notes/edexcel-theme-4/4-3-2-factors-influencing-growth-development.html,Edexcel,4.3.2,Factors Influencing Growth and Development,Factors Influencing Growth and Development | Edexcel A-Level Economics Revision Notes | Economics Academy,Edexcel A-Level Economics 4.3.2 Influences on Development,57,"Free Edexcel A-Level Economics revision notes on factors influencing growth and development — physical geography, institutions, investment, human capital, and trade for Theme 4.3.2.",Edexcel A-Level Economics 4.3.2 revision notes. Covers the economic and non-economic factors behind development. With key definitions and evaluation points.,156,https://economicsacademy.co.uk/revision-notes/edexcel-theme-4/4-3-2-factors-influencing-growth-development.html,topic shortened for title only; h1 unchanged
revision-notes/edexcel-theme-4/4-3-3-strategies-influencing-growth-development.html,Edexcel,4.3.3,Strategies Influencing Growth and Development,Strategies Influencing Growth and Development | Edexcel A-Level Economics Revision Notes | Economics Academy,Edexcel A-Level Economics 4.3.3 Strategies for Development,58,"Free Edexcel A-Level Economics revision notes on strategies for growth and development — market-led and government-led approaches, aid, debt relief, FDI, and evaluation for Theme 4.3.3.","Edexcel A-Level Economics 4.3.3 revision notes. Covers market-orientated and interventionist strategies, aid, and international institutions. With diagrams.",156,https://economicsacademy.co.uk/revision-notes/edexcel-theme-4/4-3-3-strategies-influencing-growth-development.html,topic shortened for title only; h1 unchanged
revision-notes/edexcel-theme-4/4-4-1-role-of-financial-markets.html,Edexcel,4.4.1,Role of Financial Markets,Role of Financial Markets | Edexcel A-Level Economics Revision Notes | Economics Academy,Edexcel A-Level Economics 4.4.1 Role of Financial Markets,57,"Free Edexcel A-Level Economics revision notes on the role of financial markets — the functions of financial markets, financial intermediation, and the link between finance and economic growth for Theme 4.4.1.","Free Edexcel A-Level Economics revision notes for unit 4.4.1. Covers the functions of financial markets, capital allocation and the case for regulation.",152,https://economicsacademy.co.uk/revision-notes/edexcel-theme-4/4-4-1-role-of-financial-markets.html,
revision-notes/edexcel-theme-4/4-4-2-market-failure-in-the-financial-sector.html,Edexcel,4.4.2,Market Failure in the Financial Sector,Market Failure in the Financial Sector | Edexcel A-Level Economics Revision Notes | Economics Academy,Edexcel A-Level Economics 4.4.2 Financial Market Failure,56,"Free Edexcel A-Level Economics revision notes on market failure in the financial sector — systemic risk, moral hazard, asymmetric information, and the case for financial regulation for Theme 4.4.2.","Free Edexcel A-Level Economics revision notes for unit 4.4.2. Covers systemic risk, moral hazard, speculation, and the consequences for the wider economy.",154,https://economicsacademy.co.uk/revision-notes/edexcel-theme-4/4-4-2-market-failure-in-the-financial-sector.html,topic shortened for title only; h1 unchanged
revision-notes/edexcel-theme-4/4-4-3-role-of-central-banks.html,Edexcel,4.4.3,Role of Central Banks,Role of Central Banks | Edexcel A-Level Economics Revision Notes | Economics Academy,Edexcel A-Level Economics 4.4.3 Role of Central Banks,53,"Free Edexcel A-Level Economics revision notes on the role of central banks — monetary policy, financial stability, lender of last resort, and macroprudential regulation for Theme 4.4.3.","Free Edexcel A-Level Economics revision notes for unit 4.4.3. Covers the functions of a central bank, financial stability, and the limits of its policy tools.",158,https://economicsacademy.co.uk/revision-notes/edexcel-theme-4/4-4-3-role-of-central-banks.html,
revision-notes/edexcel-theme-4/4-5-1-public-expenditure.html,Edexcel,4.5.1,Public Expenditure,Public Expenditure | Edexcel A-Level Economics Revision Notes | Economics Academy,Edexcel A-Level Economics 4.5.1 Public Expenditure,50,"Free Edexcel A-Level Economics revision notes on public expenditure — types of government spending, determinants of public spending, and the economic effects of changes in expenditure for Theme 4.5.1.","Free Edexcel A-Level Economics revision notes for unit 4.5.1. Covers current, capital and transfer spending and why its size and composition change over time.",158,https://economicsacademy.co.uk/revision-notes/edexcel-theme-4/4-5-1-public-expenditure.html,
revision-notes/edexcel-theme-4/4-5-2-taxation.html,Edexcel,4.5.2,Taxation,Taxation | Edexcel A-Level Economics Revision Notes | Economics Academy,Edexcel A-Level Economics 4.5.2 Taxation,40,"Free Edexcel A-Level Economics revision notes on taxation — direct and indirect taxes, progressive, regressive and proportional taxes, the Laffer curve, and the effects of taxation for Theme 4.5.2.","Revision notes for Edexcel A-Level Economics 4.5.2. Covers progressive, proportional and regressive taxes, the Laffer curve and tax incidence. With diagrams.",157,https://economicsacademy.co.uk/revision-notes/edexcel-theme-4/4-5-2-taxation.html,
revision-notes/edexcel-theme-4/4-5-3-public-sector-finances.html,Edexcel,4.5.3,Public Sector Finances,Public Sector Finances | Edexcel A-Level Economics Revision Notes | Economics Academy,Edexcel A-Level Economics 4.5.3 Public Sector Finances,54,"Free Edexcel A-Level Economics revision notes on public sector finances — budget deficits and surpluses, national debt, cyclical and structural deficits, and fiscal sustainability for Theme 4.5.3.","Free Edexcel A-Level Economics revision notes for unit 4.5.3. Covers fiscal deficits versus national debt, automatic stabilisers, and structural deficits.",154,https://economicsacademy.co.uk/revision-notes/edexcel-theme-4/4-5-3-public-sector-finances.html,
revision-notes/edexcel-theme-4/4-5-4-macroeconomic-policies-in-a-global-context.html,Edexcel,4.5.4,Macroeconomic Policies in a Global Context,Macroeconomic Policies in a Global Context | Edexcel A-Level Economics Revision Notes | Economics Academy,Edexcel A-Level Economics 4.5.4 Global Macroeconomic Policy,59,"Free Edexcel A-Level Economics revision notes on macroeconomic policies in a global context — policy coordination, supply-side policies, exchange rate policy, and the constraints on national economic policy for Theme 4.5.4.",Free Edexcel A-Level Economics revision notes (4.5.4). Covers how globalisation constrains national policy and the difficulty of controlling global firms.,154,https://economicsacademy.co.uk/revision-notes/edexcel-theme-4/4-5-4-macroeconomic-policies-in-a-global-context.html,topic shortened for title only; h1 unchanged
revision-notes/macroeconomics-diagrams.html,Edexcel,,Macroeconomics Diagrams,Macroeconomics Diagrams | Edexcel A-Level Economics Revision Notes | Economics Academy,Edexcel A-Level Economics Macroeconomics Diagrams,49,"A complete collection of Macroeconomics diagrams from Edexcel Theme 2 and Theme 4 revision notes, with short explanations and exam-use prompts.","Free Edexcel A-Level Economics revision notes: every macroeconomics diagram used across Themes 2 and 4, each with a short explanation and an exam prompt.",153,https://economicsacademy.co.uk/revision-notes/macroeconomics-diagrams.html,diagram collection: no spec code
revision-notes/microeconomics-diagrams.html,Edexcel,,Microeconomics Diagrams,Microeconomics Diagrams | Edexcel A-Level Economics Revision Notes | Economics Academy,Edexcel A-Level Economics Microeconomics Diagrams,49,"A complete collection of Microeconomics diagrams from Edexcel Theme 1 and Theme 3 revision notes, with short explanations and exam-use prompts.","Free Edexcel A-Level Economics revision notes: every microeconomics diagram used across Themes 1 and 3, each with a short explanation and an exam prompt.",153,https://economicsacademy.co.uk/revision-notes/microeconomics-diagrams.html,diagram collection: no spec code
